filename,width,height,class,xmin,ymin,xmax,ymax
BacterialSpot07_jpg.rf.ac07ca4bcad024ba45d781eeb387888a.jpg,640,640,Tomato leaf mosaic virus,192,192,223,245
BacterialSpot07_jpg.rf.ac07ca4bcad024ba45d781eeb387888a.jpg,640,640,Tomato leaf mosaic virus,142,246,169,320
BacterialSpot07_jpg.rf.ac07ca4bcad024ba45d781eeb387888a.jpg,640,640,Tomato leaf mosaic virus,175,439,208,506
BacterialSpot07_jpg.rf.ac07ca4bcad024ba45d781eeb387888a.jpg,640,640,Tomato leaf mosaic virus,111,354,137,408
BacterialSpot07_jpg.rf.ac07ca4bcad024ba45d781eeb387888a.jpg,640,640,Tomato leaf mosaic virus,226,321,257,394
IMG_0863_1500x1500-253E_jpg.rf.27887e595275772d0e04380029e768d6.jpg,640,640,Tomato Septoria leaf spot,44,0,411,588
IMG_0863_1500x1500-253E_jpg.rf.27887e595275772d0e04380029e768d6.jpg,640,640,Tomato Septoria leaf spot,195,73,612,639
20090710-lateblight_jpg.rf.5e2236217eed67b88a29dfe6ad5c6690.jpg,640,640,Tomato leaf mosaic virus,13,253,276,550
lbleaf_jpg.rf.923866112104a46aace100c02532059e.jpg,640,640,Tomato leaf mosaic virus,248,85,419,531
lbleaf_jpg.rf.923866112104a46aace100c02532059e.jpg,640,640,Tomato leaf mosaic virus,455,298,616,582
lbleaf_jpg.rf.923866112104a46aace100c02532059e.jpg,640,640,Tomato leaf mosaic virus,162,390,305,635
Bacterial-Spot-Tomatoes_jpg.rf.318f4da2a9c880762698cf5acac5eda6.jpg,640,640,Tomato leaf mosaic virus,237,358,346,493
Bacterial-Spot-Tomatoes_jpg.rf.318f4da2a9c880762698cf5acac5eda6.jpg,640,640,Tomato leaf mosaic virus,403,256,583,455
Bacterial-Spot-Tomatoes_jpg.rf.318f4da2a9c880762698cf5acac5eda6.jpg,640,640,Tomato leaf mosaic virus,230,38,576,250
Bacterial-Spot-Tomatoes_jpg.rf.318f4da2a9c880762698cf5acac5eda6.jpg,640,640,Tomato leaf mosaic virus,33,64,199,333
Late-blight-symptoms-on-tomato-leaves-1r3uhy2_jpg.rf.a3ec455c4a2e37b9276f5295241817a7.jpg,640,640,Tomato leaf mosaic virus,423,113,549,213
Late-blight-symptoms-on-tomato-leaves-1r3uhy2_jpg.rf.a3ec455c4a2e37b9276f5295241817a7.jpg,640,640,Tomato leaf mosaic virus,118,120,372,298
Late-blight-symptoms-on-tomato-leaves-1r3uhy2_jpg.rf.a3ec455c4a2e37b9276f5295241817a7.jpg,640,640,Tomato leaf mosaic virus,457,244,638,455
Late-blight-symptoms-on-tomato-leaves-1r3uhy2_jpg.rf.a3ec455c4a2e37b9276f5295241817a7.jpg,640,640,Tomato leaf mosaic virus,257,344,538,639
100983448_jpg.rf.02b1cdedfa0afd37b45554c0e1fde3f1.jpg,640,640,Tomato Early blight leaf,6,0,638,638
Bacterial-Spot-Tomatoes_jpg.rf.66469cde90ceb574e929dba608e66bbe.jpg,640,640,Tomato leaf mosaic virus,235,359,343,496
Bacterial-Spot-Tomatoes_jpg.rf.66469cde90ceb574e929dba608e66bbe.jpg,640,640,Tomato leaf mosaic virus,402,259,583,456
Bacterial-Spot-Tomatoes_jpg.rf.66469cde90ceb574e929dba608e66bbe.jpg,640,640,Tomato leaf mosaic virus,229,40,574,251
Bacterial-Spot-Tomatoes_jpg.rf.66469cde90ceb574e929dba608e66bbe.jpg,640,640,Tomato leaf mosaic virus,34,63,198,335
Leaf-2Bspot-2B1000_jpg.rf.325f43dd7dd8a5f77f3977e94eaf344b.jpg,640,640,Tomato leaf mosaic virus,8,1,629,614
20080526-_DSC4211_jpg.rf.b2339f16bac2e0dcdaed8f7feb3253b5.jpg,640,640,Tomato Early blight leaf,96,352,193,474
20080526-_DSC4211_jpg.rf.b2339f16bac2e0dcdaed8f7feb3253b5.jpg,640,640,Tomato Early blight leaf,205,403,326,531
20080526-_DSC4211_jpg.rf.b2339f16bac2e0dcdaed8f7feb3253b5.jpg,640,640,Tomato Early blight leaf,345,384,481,505
20080526-_DSC4211_jpg.rf.b2339f16bac2e0dcdaed8f7feb3253b5.jpg,640,640,Tomato Early blight leaf,161,288,262,359
20080526-_DSC4211_jpg.rf.b2339f16bac2e0dcdaed8f7feb3253b5.jpg,640,640,Tomato Early blight leaf,307,172,378,237
20080526-_DSC4211_jpg.rf.b2339f16bac2e0dcdaed8f7feb3253b5.jpg,640,640,Tomato Early blight leaf,421,135,474,179
20080526-_DSC4211_jpg.rf.b2339f16bac2e0dcdaed8f7feb3253b5.jpg,640,640,Tomato leaf late blight,231,20,320,123
20080526-_DSC4211_jpg.rf.b2339f16bac2e0dcdaed8f7feb3253b5.jpg,640,640,Tomato leaf late blight,96,25,218,64
20080526-_DSC4211_jpg.rf.b2339f16bac2e0dcdaed8f7feb3253b5.jpg,640,640,Tomato leaf late blight,134,110,231,199
Bacterial-leaf-spot-transplants1_jpg.rf.fbaeb9970f157a1ca9969df02c5e6ce7.jpg,640,640,Tomato leaf late blight,0,97,152,283
Bacterial-leaf-spot-transplants1_jpg.rf.fbaeb9970f157a1ca9969df02c5e6ce7.jpg,640,640,Tomato leaf late blight,176,107,536,453
Bacterial-leaf-spot-transplants1_jpg.rf.fbaeb9970f157a1ca9969df02c5e6ce7.jpg,640,640,Tomato leaf late blight,268,418,514,558
TYLCV-tomate-DB-441-170_jpg.rf.0130602161f0068095e5b3675b490855.jpg,640,640,Tomato leaf,238,394,395,638
TYLCV-tomate-DB-441-170_jpg.rf.0130602161f0068095e5b3675b490855.jpg,640,640,Tomato leaf,301,346,407,497
TYLCV-tomate-DB-441-170_jpg.rf.0130602161f0068095e5b3675b490855.jpg,640,640,Tomato leaf,192,339,326,499
TYLCV-tomate-DB-441-170_jpg.rf.0130602161f0068095e5b3675b490855.jpg,640,640,Tomato leaf,325,282,453,460
TYLCV-tomate-DB-441-170_jpg.rf.0130602161f0068095e5b3675b490855.jpg,640,640,Tomato leaf,127,289,262,449
TYLCV-tomate-DB-441-170_jpg.rf.0130602161f0068095e5b3675b490855.jpg,640,640,Tomato leaf,282,266,331,343
TYLCV-tomate-DB-441-170_jpg.rf.0130602161f0068095e5b3675b490855.jpg,640,640,Tomato leaf,15,246,189,377
TYLCV-tomate-DB-441-170_jpg.rf.0130602161f0068095e5b3675b490855.jpg,640,640,Tomato leaf,323,206,422,277
TYLCV-tomate-DB-441-170_jpg.rf.0130602161f0068095e5b3675b490855.jpg,640,640,Tomato leaf,383,0,470,115
gray-mold-on-tomato-leaf_jpg.rf.479bbef6a6c726502efdc7607b3926b7.jpg,640,640,Tomato mold leaf,109,12,514,634
image_jpg.rf.81b24c68de8dc662af2380d6eabea4b1.jpg,640,640,Tomato leaf mosaic virus,0,106,405,419
bacterialspottomato2_jpg.rf.29895678436e28adef6ea63965f0006f.jpg,640,640,Tomato leaf mosaic virus,134,45,634,633
tylcv1-_jpg.rf.c9c18d268448c08c146bb5529927adca.jpg,640,640,Tomato leaf,144,31,204,122
tylcv1-_jpg.rf.c9c18d268448c08c146bb5529927adca.jpg,640,640,Tomato leaf,290,105,353,153
tylcv1-_jpg.rf.c9c18d268448c08c146bb5529927adca.jpg,640,640,Tomato leaf,475,143,535,206
tylcv1-_jpg.rf.c9c18d268448c08c146bb5529927adca.jpg,640,640,Tomato leaf,198,85,257,167
tylcv1-_jpg.rf.c9c18d268448c08c146bb5529927adca.jpg,640,640,Tomato leaf,96,68,156,179
tylcv1-_jpg.rf.c9c18d268448c08c146bb5529927adca.jpg,640,640,Tomato leaf,490,240,535,285
tylcv1-_jpg.rf.c9c18d268448c08c146bb5529927adca.jpg,640,640,Tomato leaf,61,162,113,245
tylcv1-_jpg.rf.c9c18d268448c08c146bb5529927adca.jpg,640,640,Tomato leaf,481,270,544,356
tylcv1-_jpg.rf.c9c18d268448c08c146bb5529927adca.jpg,640,640,Tomato leaf,318,250,412,336
tylcv1-_jpg.rf.c9c18d268448c08c146bb5529927adca.jpg,640,640,Tomato leaf,281,274,345,348
tylcv1-_jpg.rf.c9c18d268448c08c146bb5529927adca.jpg,640,640,Tomato leaf,215,287,304,371
tylcv1-_jpg.rf.c9c18d268448c08c146bb5529927adca.jpg,640,640,Tomato leaf,449,397,506,466
tylcv1-_jpg.rf.c9c18d268448c08c146bb5529927adca.jpg,640,640,Tomato leaf,299,389,350,442
tylcv1-_jpg.rf.c9c18d268448c08c146bb5529927adca.jpg,640,640,Tomato leaf,259,374,316,461
tylcv1-_jpg.rf.c9c18d268448c08c146bb5529927adca.jpg,640,640,Tomato leaf,86,364,155,475
tylcv1-_jpg.rf.c9c18d268448c08c146bb5529927adca.jpg,640,640,Tomato leaf,254,418,332,509
tylcv1-_jpg.rf.c9c18d268448c08c146bb5529927adca.jpg,640,640,Tomato leaf,379,36,435,93
tylcv1-_jpg.rf.c9c18d268448c08c146bb5529927adca.jpg,640,640,Tomato leaf,69,445,203,548
tylcv1-_jpg.rf.c9c18d268448c08c146bb5529927adca.jpg,640,640,Tomato leaf,440,559,535,639
tylcv1-_jpg.rf.c9c18d268448c08c146bb5529927adca.jpg,640,640,Tomato leaf,30,482,108,601
tylcv1-_jpg.rf.c9c18d268448c08c146bb5529927adca.jpg,640,640,Tomato leaf,294,557,368,634
tylcv1-_jpg.rf.c9c18d268448c08c146bb5529927adca.jpg,640,640,Tomato leaf,210,1,264,75
tylcv1-_jpg.rf.c9c18d268448c08c146bb5529927adca.jpg,640,640,Tomato leaf,337,55,375,103
tomato_septoria_alternaria_1_jpg.rf.0f15b718e38d039a53df20b8f7e6da2b.jpg,640,640,Tomato Septoria leaf spot,339,314,633,608
tomato_septoria_alternaria_1_jpg.rf.0f15b718e38d039a53df20b8f7e6da2b.jpg,640,640,Tomato Septoria leaf spot,339,96,564,339
tomato_septoria_alternaria_1_jpg.rf.0f15b718e38d039a53df20b8f7e6da2b.jpg,640,640,Tomato Septoria leaf spot,32,6,301,379
Bacterial_spots1300_jpg.rf.f4b3a3c86c81531b036e5a3e68787db9.jpg,640,640,Tomato leaf mosaic virus,147,141,538,588
Leaf-Mold-upper-leaf-surface_jpg.rf.4f60837a3628f391b144b5eacbaed889.jpg,640,640,Tomato mold leaf,45,192,128,339
Leaf-Mold-upper-leaf-surface_jpg.rf.4f60837a3628f391b144b5eacbaed889.jpg,640,640,Tomato mold leaf,96,230,141,365
Leaf-Mold-upper-leaf-surface_jpg.rf.4f60837a3628f391b144b5eacbaed889.jpg,640,640,Tomato mold leaf,383,141,435,301
Leaf-Mold-upper-leaf-surface_jpg.rf.4f60837a3628f391b144b5eacbaed889.jpg,640,640,Tomato mold leaf,454,263,557,372
Leaf-Mold-upper-leaf-surface_jpg.rf.4f60837a3628f391b144b5eacbaed889.jpg,640,640,Tomato mold leaf,492,353,563,442
Leaf-Mold-upper-leaf-surface_jpg.rf.4f60837a3628f391b144b5eacbaed889.jpg,640,640,Tomato mold leaf,442,365,513,436
Leaf-Mold-upper-leaf-surface_jpg.rf.4f60837a3628f391b144b5eacbaed889.jpg,640,640,Tomato mold leaf,416,307,461,390
Leaf-Mold-upper-leaf-surface_jpg.rf.4f60837a3628f391b144b5eacbaed889.jpg,640,640,Tomato mold leaf,160,218,205,250
Leaf-Mold-upper-leaf-surface_jpg.rf.4f60837a3628f391b144b5eacbaed889.jpg,640,640,Tomato mold leaf,224,212,268,256
Leaf-Mold-upper-leaf-surface_jpg.rf.4f60837a3628f391b144b5eacbaed889.jpg,640,640,Tomato mold leaf,244,249,262,308
Leaf-Mold-upper-leaf-surface_jpg.rf.4f60837a3628f391b144b5eacbaed889.jpg,640,640,Tomato mold leaf,198,288,250,320
Leaf-Mold-upper-leaf-surface_jpg.rf.4f60837a3628f391b144b5eacbaed889.jpg,640,640,Tomato mold leaf,179,365,218,454
Leaf-Mold-upper-leaf-surface_jpg.rf.4f60837a3628f391b144b5eacbaed889.jpg,640,640,Tomato mold leaf,122,289,199,455
Leaf-Mold-upper-leaf-surface_jpg.rf.4f60837a3628f391b144b5eacbaed889.jpg,640,640,Tomato mold leaf,206,326,263,403
Leaf-Mold-upper-leaf-surface_jpg.rf.4f60837a3628f391b144b5eacbaed889.jpg,640,640,Tomato mold leaf,270,243,359,314
Leaf-Mold-upper-leaf-surface_jpg.rf.4f60837a3628f391b144b5eacbaed889.jpg,640,640,Tomato mold leaf,345,263,390,346
IMG_0020_jpg.rf.40fc48a81997ba7b5aade1f57bcaf4ed.jpg,640,640,Tomato leaf mosaic virus,117,18,361,290
Bacterial-spot-on-tomato-leaves_jpg.rf.683bd23ce1a91ebf8e38d7d22b98c490.jpg,640,640,Tomato leaf late blight,187,28,393,266
Bacterial-spot-on-tomato-leaves_jpg.rf.683bd23ce1a91ebf8e38d7d22b98c490.jpg,640,640,Tomato leaf late blight,3,115,182,242
Bacterial-spot-on-tomato-leaves_jpg.rf.683bd23ce1a91ebf8e38d7d22b98c490.jpg,640,640,Tomato leaf late blight,330,198,633,445
Bacterial-spot-on-tomato-leaves_jpg.rf.683bd23ce1a91ebf8e38d7d22b98c490.jpg,640,640,Tomato leaf late blight,161,264,355,479
leafmoldtomato1_jpg.rf.d105f82c12f7941199c834de734c0c03.jpg,640,640,Tomato mold leaf,19,6,639,474
late-blight-leaves_jpg.rf.16c8f555cef0bda3c20a5e8438e147f2.jpg,640,640,Tomato leaf mosaic virus,113,36,370,459
tomato-vine-ripe-leaves-isolated-against-white-34863029_jpg.rf.23dfc69db0c8d96dff3f98d5f0355d61.jpg,640,640,Tomato leaf late blight,218,166,358,379
tomato-vine-ripe-leaves-isolated-against-white-34863029_jpg.rf.23dfc69db0c8d96dff3f98d5f0355d61.jpg,640,640,Tomato leaf late blight,352,211,474,429
tomato-vine-ripe-leaves-isolated-against-white-34863029_jpg.rf.23dfc69db0c8d96dff3f98d5f0355d61.jpg,640,640,Tomato leaf late blight,39,212,199,372
tomato-vine-ripe-leaves-isolated-against-white-34863029_jpg.rf.23dfc69db0c8d96dff3f98d5f0355d61.jpg,640,640,Tomato leaf late blight,166,166,219,237
leaf-2Binf-2B800-2B1_jpg.rf.4aafe2567ebf1498a6f8046716863c93.jpg,640,640,Tomato leaf mosaic virus,313,126,633,372
leaf-2Binf-2B800-2B1_jpg.rf.4aafe2567ebf1498a6f8046716863c93.jpg,640,640,Tomato leaf mosaic virus,0,115,175,532
BCH-20medium-20thumbnail-20for-20upload-20-2814-29_jpg.rf.22e2ed6744d0eb8830398d1b21464351.jpg,640,640,Tomato leaf mosaic virus,208,358,454,631
BCH-20medium-20thumbnail-20for-20upload-20-2814-29_jpg.rf.22e2ed6744d0eb8830398d1b21464351.jpg,640,640,Tomato leaf mosaic virus,118,11,271,408
BCH-20medium-20thumbnail-20for-20upload-20-2814-29_jpg.rf.22e2ed6744d0eb8830398d1b21464351.jpg,640,640,Tomato leaf mosaic virus,168,226,486,517
tomato-leaf-20728368_jpg.rf.3c9e90ed1af66778e689c654e689a71b.jpg,640,640,Tomato leaf bacterial spot,39,422,198,585
tomato-leaf-20728368_jpg.rf.3c9e90ed1af66778e689c654e689a71b.jpg,640,640,Tomato leaf bacterial spot,232,420,434,563
tomato-leaf-20728368_jpg.rf.3c9e90ed1af66778e689c654e689a71b.jpg,640,640,Tomato leaf bacterial spot,368,313,525,479
tomato-leaf-20728368_jpg.rf.3c9e90ed1af66778e689c654e689a71b.jpg,640,640,Tomato leaf bacterial spot,136,191,256,362
tomato-leaf-20728368_jpg.rf.3c9e90ed1af66778e689c654e689a71b.jpg,640,640,Tomato leaf bacterial spot,206,104,340,331
tomato-leaf-20728368_jpg.rf.3c9e90ed1af66778e689c654e689a71b.jpg,640,640,Tomato leaf bacterial spot,291,92,422,329
tomato-leaf-20728368_jpg.rf.3c9e90ed1af66778e689c654e689a71b.jpg,640,640,Tomato leaf bacterial spot,439,141,625,295
Fig-2_jpg.rf.8fd4f1197baabf0bdd5d90ac51f3527c.jpg,640,640,Tomato leaf late blight,256,396,499,532
Fig-2_jpg.rf.8fd4f1197baabf0bdd5d90ac51f3527c.jpg,640,640,Tomato leaf,52,192,250,397
Fig-2_jpg.rf.8fd4f1197baabf0bdd5d90ac51f3527c.jpg,640,640,Tomato leaf,263,198,442,391
IMG_0020_jpg.rf.baef3589202b62cac6dc0afefa6cadf5.jpg,640,640,Tomato leaf mosaic virus,257,13,486,272
Bacterial-speck-tomato-leaves_jpg.rf.d38619918fa2a9365cde897e7253c4ec.jpg,640,640,Tomato leaf mosaic virus,29,11,623,537
img_1028_jpg.rf.a02b791a7224dbf1efe0cea968454e70.jpg,640,640,Tomato leaf bacterial spot,98,3,470,542
TYLCV2_jpg.rf.7d64b8e0bc6cb3382bd778f91ed57860.jpg,640,640,Tomato leaf,65,166,159,271
TYLCV2_jpg.rf.7d64b8e0bc6cb3382bd778f91ed57860.jpg,640,640,Tomato leaf,326,248,423,340
TYLCV2_jpg.rf.7d64b8e0bc6cb3382bd778f91ed57860.jpg,640,640,Tomato leaf,491,305,607,426
TYLCV2_jpg.rf.7d64b8e0bc6cb3382bd778f91ed57860.jpg,640,640,Tomato leaf,130,243,232,339
TYLCV2_jpg.rf.7d64b8e0bc6cb3382bd778f91ed57860.jpg,640,640,Tomato leaf,351,326,395,385
TYLCV2_jpg.rf.7d64b8e0bc6cb3382bd778f91ed57860.jpg,640,640,Tomato leaf,476,371,553,460
TYLCV2_jpg.rf.7d64b8e0bc6cb3382bd778f91ed57860.jpg,640,640,Tomato leaf,82,297,165,378
TYLCV2_jpg.rf.7d64b8e0bc6cb3382bd778f91ed57860.jpg,640,640,Tomato leaf,261,339,316,419
TYLCV2_jpg.rf.7d64b8e0bc6cb3382bd778f91ed57860.jpg,640,640,Tomato leaf,418,368,495,482
TYLCV2_jpg.rf.7d64b8e0bc6cb3382bd778f91ed57860.jpg,640,640,Tomato leaf,161,320,219,415
TYLCV2_jpg.rf.7d64b8e0bc6cb3382bd778f91ed57860.jpg,640,640,Tomato leaf,268,363,342,442
TYLCV2_jpg.rf.7d64b8e0bc6cb3382bd778f91ed57860.jpg,640,640,Tomato leaf,301,427,361,495
TYLCV2_jpg.rf.7d64b8e0bc6cb3382bd778f91ed57860.jpg,640,640,Tomato leaf,169,388,223,472
TYLCV2_jpg.rf.7d64b8e0bc6cb3382bd778f91ed57860.jpg,640,640,Tomato leaf,138,389,191,460
Bacterial_spots2276_jpg.rf.24596290aa6d384b2c52fe5d4504ab4e.jpg,640,640,Tomato leaf mosaic virus,103,160,589,468
IMG_1261_jpg.rf.87c103516b34dc9c46fdb90eeb33187f.jpg,640,640,Tomato mold leaf,12,57,628,474
IMG_2687_JPG_jpg.rf.01ac9cebc71a9eb355fb0566ace69f52.jpg,640,640,Tomato leaf bacterial spot,320,493,403,596
IMG_2687_JPG_jpg.rf.01ac9cebc71a9eb355fb0566ace69f52.jpg,640,640,Tomato leaf bacterial spot,45,96,154,301
IMG_2687_JPG_jpg.rf.01ac9cebc71a9eb355fb0566ace69f52.jpg,640,640,Tomato leaf bacterial spot,428,77,570,441
IMG_2687_JPG_jpg.rf.01ac9cebc71a9eb355fb0566ace69f52.jpg,640,640,Tomato leaf bacterial spot,256,153,435,455
Bacterial_spots2277_jpg.rf.eee44059ef938de50aa1257ee0cdc5a5.jpg,640,640,Tomato leaf mosaic virus,107,126,495,515
Bacterial_spots2277_jpg.rf.eee44059ef938de50aa1257ee0cdc5a5.jpg,640,640,Tomato leaf mosaic virus,48,0,248,88
TYLCV4_jpg.rf.b796a899083cc6ce4a807fffa8408e33.jpg,640,640,Tomato leaf,19,373,146,470
TYLCV4_jpg.rf.b796a899083cc6ce4a807fffa8408e33.jpg,640,640,Tomato leaf,170,392,305,483
TYLCV4_jpg.rf.b796a899083cc6ce4a807fffa8408e33.jpg,640,640,Tomato leaf,157,249,249,386
TYLCV4_jpg.rf.b796a899083cc6ce4a807fffa8408e33.jpg,640,640,Tomato leaf,248,242,377,425
TYLCV4_jpg.rf.b796a899083cc6ce4a807fffa8408e33.jpg,640,640,Tomato leaf,82,482,179,599
fig1-2k11-163-165_jpg.rf.cf34679db1fe2c279565b46ecb7cea84.jpg,640,640,Tomato leaf,353,12,596,243
fig1-2k11-163-165_jpg.rf.cf34679db1fe2c279565b46ecb7cea84.jpg,640,640,Tomato leaf,19,70,467,461
image_jpg.rf.737e4643234849b5df3eb23812953c1e.jpg,640,640,Tomato leaf mosaic virus,0,99,418,476
Bacterial_spots2277_jpg.rf.64fb7fcb204e2ac39c2082bb8b031570.jpg,640,640,Tomato leaf mosaic virus,136,112,541,520
Bacterial_spots2277_jpg.rf.64fb7fcb204e2ac39c2082bb8b031570.jpg,640,640,Tomato leaf mosaic virus,443,509,640,626
Tom_Sept4_jpg.rf.3ac03f31223c2f98a2818af57822eaa6.jpg,640,640,Tomato Septoria leaf spot,115,12,314,563
Tom_Sept4_jpg.rf.3ac03f31223c2f98a2818af57822eaa6.jpg,640,640,Tomato Septoria leaf spot,326,6,512,551
SpotSpeckBlightMite-1l4v879_jpg.rf.244f69d3d35a949c5c66d3da5e13bd58.jpg,640,640,Tomato leaf late blight,501,68,535,148
SpotSpeckBlightMite-1l4v879_jpg.rf.244f69d3d35a949c5c66d3da5e13bd58.jpg,640,640,Tomato leaf late blight,29,73,202,312
SpotSpeckBlightMite-1l4v879_jpg.rf.244f69d3d35a949c5c66d3da5e13bd58.jpg,640,640,Tomato leaf late blight,510,150,558,255
SpotSpeckBlightMite-1l4v879_jpg.rf.244f69d3d35a949c5c66d3da5e13bd58.jpg,640,640,Tomato leaf late blight,428,158,500,324
SpotSpeckBlightMite-1l4v879_jpg.rf.244f69d3d35a949c5c66d3da5e13bd58.jpg,640,640,Tomato leaf late blight,554,190,638,358
SpotSpeckBlightMite-1l4v879_jpg.rf.244f69d3d35a949c5c66d3da5e13bd58.jpg,640,640,Tomato Early blight leaf,374,358,605,602
SpotSpeckBlightMite-1l4v879_jpg.rf.244f69d3d35a949c5c66d3da5e13bd58.jpg,640,640,Tomato Early blight leaf,206,415,294,558
SpotSpeckBlightMite-1l4v879_jpg.rf.244f69d3d35a949c5c66d3da5e13bd58.jpg,640,640,Tomato leaf late blight,560,0,637,98
SpotSpeckBlightMite-1l4v879_jpg.rf.244f69d3d35a949c5c66d3da5e13bd58.jpg,640,640,Tomato leaf late blight,398,3,475,162
SpotSpeckBlightMite-1l4v879_jpg.rf.244f69d3d35a949c5c66d3da5e13bd58.jpg,640,640,Tomato leaf late blight,212,71,286,124
bacterial-speck-tomato-3_jpg.rf.596e995947a1cae8066821e7f1a9b631.jpg,640,640,Tomato leaf late blight,96,48,639,591
stock-photo-leaves-of-tomato-plant-isolated-on-white-12085288_jpg.rf.5731164f3d5c2224d93c4ec1db2e2973.jpg,640,640,Tomato leaf bacterial spot,350,49,452,254
stock-photo-leaves-of-tomato-plant-isolated-on-white-12085288_jpg.rf.5731164f3d5c2224d93c4ec1db2e2973.jpg,640,640,Tomato leaf bacterial spot,423,114,526,294
stock-photo-leaves-of-tomato-plant-isolated-on-white-12085288_jpg.rf.5731164f3d5c2224d93c4ec1db2e2973.jpg,640,640,Tomato leaf bacterial spot,467,229,631,349
stock-photo-leaves-of-tomato-plant-isolated-on-white-12085288_jpg.rf.5731164f3d5c2224d93c4ec1db2e2973.jpg,640,640,Tomato leaf bacterial spot,222,194,326,477
stock-photo-leaves-of-tomato-plant-isolated-on-white-12085288_jpg.rf.5731164f3d5c2224d93c4ec1db2e2973.jpg,640,640,Tomato leaf bacterial spot,117,251,221,497
stock-photo-leaves-of-tomato-plant-isolated-on-white-12085288_jpg.rf.5731164f3d5c2224d93c4ec1db2e2973.jpg,640,640,Tomato leaf bacterial spot,382,293,471,472
stock-photo-leaves-of-tomato-plant-isolated-on-white-12085288_jpg.rf.5731164f3d5c2224d93c4ec1db2e2973.jpg,640,640,Tomato leaf bacterial spot,29,266,133,500
stock-photo-leaves-of-tomato-plant-isolated-on-white-12085288_jpg.rf.5731164f3d5c2224d93c4ec1db2e2973.jpg,640,640,Tomato leaf bacterial spot,461,315,584,567
Leaf-mold-web_jpg.rf.dc0cb2c4cab69aeb10117284d8c70d29.jpg,640,640,Tomato mold leaf,245,520,349,638
Leaf-mold-web_jpg.rf.dc0cb2c4cab69aeb10117284d8c70d29.jpg,640,640,Tomato mold leaf,0,72,117,505
Leaf-mold-web_jpg.rf.dc0cb2c4cab69aeb10117284d8c70d29.jpg,640,640,Tomato mold leaf,290,19,496,639
Leaf-mold-web_jpg.rf.dc0cb2c4cab69aeb10117284d8c70d29.jpg,640,640,Tomato mold leaf,71,26,243,614
leafmoldtomato2_jpg.rf.f34890efa8397546efd1a99edc7d014f.jpg,640,640,Tomato mold leaf,1,11,637,614
Late-blight-on-a-tomato-leaf_jpg.rf.b3846607487e7e4358a97cc1fab827cc.jpg,640,640,Tomato leaf mosaic virus,99,115,533,484
Bacterial-leaf-spot-transplants1_jpg.rf.6c89abadae994574da8f663d39708f01.jpg,640,640,Tomato leaf late blight,494,323,638,522
Bacterial-leaf-spot-transplants1_jpg.rf.6c89abadae994574da8f663d39708f01.jpg,640,640,Tomato leaf late blight,97,177,481,551
Bacterial-leaf-spot-transplants1_jpg.rf.6c89abadae994574da8f663d39708f01.jpg,640,640,Tomato leaf late blight,105,79,359,241
IMG_2686_JPG_jpg.rf.e96475be8792210c31b57870b9c1d6f1.jpg,640,640,Tomato leaf bacterial spot,288,120,372,383
IMG_2686_JPG_jpg.rf.e96475be8792210c31b57870b9c1d6f1.jpg,640,640,Tomato leaf bacterial spot,480,237,572,474
IMG_2686_JPG_jpg.rf.e96475be8792210c31b57870b9c1d6f1.jpg,640,640,Tomato leaf bacterial spot,380,163,498,439
Leaf-mold-web_jpg.rf.f9d5d0e2c2778e205413a57d3550123d.jpg,640,640,Tomato mold leaf,529,116,640,602
Leaf-mold-web_jpg.rf.f9d5d0e2c2778e205413a57d3550123d.jpg,640,640,Tomato mold leaf,372,6,595,606
Leaf-mold-web_jpg.rf.f9d5d0e2c2778e205413a57d3550123d.jpg,640,640,Tomato mold leaf,118,0,378,638
Leaf-mold-web_jpg.rf.f9d5d0e2c2778e205413a57d3550123d.jpg,640,640,Tomato mold leaf,261,0,376,126
Figure-1-6_jpg.rf.ad768fff004f3f69862be1fe08384410.jpg,640,640,Tomato leaf late blight,0,4,605,558
Tomato_Septoria_Leaf_Spot_jpg.rf.79e5d1007fddefd0d4e116db3a0d44be.jpg,640,640,Tomato Septoria leaf spot,0,124,180,553
Tomato_Septoria_Leaf_Spot_jpg.rf.79e5d1007fddefd0d4e116db3a0d44be.jpg,640,640,Tomato Septoria leaf spot,241,4,597,541
ill-tomato-of-tomato-mosaic-virus-DBE17N_jpg.rf.1545e0ad8ae9c3ff2366258f94d8f9ca.jpg,640,640,Tomato leaf yellow virus,142,412,231,566
ill-tomato-of-tomato-mosaic-virus-DBE17N_jpg.rf.1545e0ad8ae9c3ff2366258f94d8f9ca.jpg,640,640,Tomato leaf yellow virus,13,329,233,465
ill-tomato-of-tomato-mosaic-virus-DBE17N_jpg.rf.1545e0ad8ae9c3ff2366258f94d8f9ca.jpg,640,640,Tomato leaf yellow virus,200,186,354,417
ill-tomato-of-tomato-mosaic-virus-DBE17N_jpg.rf.1545e0ad8ae9c3ff2366258f94d8f9ca.jpg,640,640,Tomato leaf yellow virus,497,212,572,340
ill-tomato-of-tomato-mosaic-virus-DBE17N_jpg.rf.1545e0ad8ae9c3ff2366258f94d8f9ca.jpg,640,640,Tomato leaf yellow virus,67,142,178,316
ill-tomato-of-tomato-mosaic-virus-DBE17N_jpg.rf.1545e0ad8ae9c3ff2366258f94d8f9ca.jpg,640,640,Tomato leaf yellow virus,461,67,535,205
tomato-late-blight-phytophthora-infestans-necrosis-sporulation-on-a-tomato-leaf-underside-XA233C_jpg.rf.c43ed23b64d4471fac59c9a8eacaf70c.jpg,640,640,Tomato leaf mosaic virus,179,275,556,546
Leaf-Spot-300x253_jpg.rf.eafac6baea03ad6332c658fdfc834917.jpg,640,640,Tomato leaf mosaic virus,57,56,321,573
Leaf-Spot-300x253_jpg.rf.eafac6baea03ad6332c658fdfc834917.jpg,640,640,Tomato leaf mosaic virus,311,238,520,597
Bacterial_spots2276_jpg.rf.b28356dd51496fd6061f3462a27bdedd.jpg,640,640,Tomato leaf mosaic virus,103,162,589,466
Bacterial_spots586_jpg.rf.b9f7fc02d20bddba989b374cadbce991.jpg,640,640,Tomato leaf mosaic virus,89,79,305,506
Bacterial_spots586_jpg.rf.b9f7fc02d20bddba989b374cadbce991.jpg,640,640,Tomato leaf mosaic virus,326,183,552,635
IMG_0591_jpg.rf.84a6f89877332bc8b59081e60cfbd041.jpg,640,640,Tomato Early blight leaf,0,255,638,638
Leaf-mold3_jpg.rf.db314f3dcb07d1276980acf6950c4b36.jpg,640,640,Tomato mold leaf,542,274,629,341
Leaf-mold3_jpg.rf.db314f3dcb07d1276980acf6950c4b36.jpg,640,640,Tomato mold leaf,423,117,540,205
Leaf-mold3_jpg.rf.db314f3dcb07d1276980acf6950c4b36.jpg,640,640,Tomato mold leaf,497,305,548,477
Leaf-mold3_jpg.rf.db314f3dcb07d1276980acf6950c4b36.jpg,640,640,Tomato mold leaf,11,491,152,635
Leaf-mold3_jpg.rf.db314f3dcb07d1276980acf6950c4b36.jpg,640,640,Tomato mold leaf,28,139,185,222
Leaf-mold3_jpg.rf.db314f3dcb07d1276980acf6950c4b36.jpg,640,640,Tomato mold leaf,28,214,123,345
Leaf-mold3_jpg.rf.db314f3dcb07d1276980acf6950c4b36.jpg,640,640,Tomato mold leaf,83,337,165,506
Leaf-mold3_jpg.rf.db314f3dcb07d1276980acf6950c4b36.jpg,640,640,Tomato mold leaf,234,168,297,259
Leaf-mold3_jpg.rf.db314f3dcb07d1276980acf6950c4b36.jpg,640,640,Tomato mold leaf,360,228,538,375
Leaf-mold3_jpg.rf.db314f3dcb07d1276980acf6950c4b36.jpg,640,640,Tomato mold leaf,254,299,385,525
tomato-late-blight-phytophthora-infestans-on-tomato-leaves-a15ym0_jpg.rf.4e68cc9cc8fb35a0172e41add53221bd.jpg,640,640,Tomato leaf yellow virus,64,39,191,205
tomato-late-blight-phytophthora-infestans-on-tomato-leaves-a15ym0_jpg.rf.4e68cc9cc8fb35a0172e41add53221bd.jpg,640,640,Tomato leaf yellow virus,372,448,499,583
tomato-late-blight-phytophthora-infestans-on-tomato-leaves-a15ym0_jpg.rf.4e68cc9cc8fb35a0172e41add53221bd.jpg,640,640,Tomato leaf yellow virus,166,339,409,544
tomato-late-blight-phytophthora-infestans-on-tomato-leaves-a15ym0_jpg.rf.4e68cc9cc8fb35a0172e41add53221bd.jpg,640,640,Tomato leaf yellow virus,96,200,224,346
tomato-late-blight-phytophthora-infestans-on-tomato-leaves-a15ym0_jpg.rf.4e68cc9cc8fb35a0172e41add53221bd.jpg,640,640,Tomato leaf yellow virus,295,115,556,410
Bacterial_spots2277_jpg.rf.3d53b0d559102cda94e0ed6d5b2700f7.jpg,640,640,Tomato leaf mosaic virus,90,111,512,534
Bacterial_spots2277_jpg.rf.3d53b0d559102cda94e0ed6d5b2700f7.jpg,640,640,Tomato leaf mosaic virus,75,560,283,638
leafmoldtomato2_jpg.rf.9a454d77a81b3fc3dc5d1e2d8fbcba8f.jpg,640,640,Tomato mold leaf,84,15,639,623
septoria-leaf-spot-tomatoes2x2400-202yoxg_jpg.rf.1b95c41c16e73f0f55133d35168ebba0.jpg,640,640,Tomato Septoria leaf spot,243,2,559,256
septoria-leaf-spot-tomatoes2x2400-202yoxg_jpg.rf.1b95c41c16e73f0f55133d35168ebba0.jpg,640,640,Tomato Septoria leaf spot,0,253,186,507
septoria-leaf-spot-tomatoes2x2400-202yoxg_jpg.rf.1b95c41c16e73f0f55133d35168ebba0.jpg,640,640,Tomato Septoria leaf spot,196,378,402,639
septoria-leaf-spot-tomatoes2x2400-202yoxg_jpg.rf.1b95c41c16e73f0f55133d35168ebba0.jpg,640,640,Tomato Septoria leaf spot,93,3,279,183
tomato-septoria-3-500x384_jpg.rf.d80709a5d27e403666ea396ecb182259.jpg,640,640,Tomato Septoria leaf spot,386,233,583,479
tomato-septoria-3-500x384_jpg.rf.d80709a5d27e403666ea396ecb182259.jpg,640,640,Tomato Septoria leaf spot,210,185,476,416
tomato-septoria-3-500x384_jpg.rf.d80709a5d27e403666ea396ecb182259.jpg,640,640,Tomato Septoria leaf spot,453,1,619,264
Bacterial-speck-tomato-leaves_jpg.rf.4b1470a60be3f9dd27dc128ff1d3ae8f.jpg,640,640,Tomato leaf late blight,21,147,592,639
Figure-1-6_jpg.rf.291255f5f2af1f7f0a8651c642a555f5.jpg,640,640,Tomato leaf late blight,0,79,608,639
IMG_3192_JPG_jpg.rf.78e2d818b80a0bcf43ab64ae7099ea3f.jpg,640,640,Tomato leaf late blight,282,153,326,250
IMG_3192_JPG_jpg.rf.78e2d818b80a0bcf43ab64ae7099ea3f.jpg,640,640,Tomato leaf late blight,294,295,358,384
IMG_3192_JPG_jpg.rf.78e2d818b80a0bcf43ab64ae7099ea3f.jpg,640,640,Tomato leaf late blight,237,365,358,409
IMG_3192_JPG_jpg.rf.78e2d818b80a0bcf43ab64ae7099ea3f.jpg,640,640,Tomato leaf late blight,371,211,448,308
IMG_3192_JPG_jpg.rf.78e2d818b80a0bcf43ab64ae7099ea3f.jpg,640,640,Tomato leaf late blight,313,76,416,141
IMG_3192_JPG_jpg.rf.78e2d818b80a0bcf43ab64ae7099ea3f.jpg,640,640,Tomato leaf late blight,345,122,398,205
IMG_3192_JPG_jpg.rf.78e2d818b80a0bcf43ab64ae7099ea3f.jpg,640,640,Tomato leaf late blight,416,206,532,263
IMG_3192_JPG_jpg.rf.78e2d818b80a0bcf43ab64ae7099ea3f.jpg,640,640,Tomato leaf late blight,518,148,615,237
IMG_3192_JPG_jpg.rf.78e2d818b80a0bcf43ab64ae7099ea3f.jpg,640,640,Tomato leaf late blight,563,282,628,423
IMG_3192_JPG_jpg.rf.78e2d818b80a0bcf43ab64ae7099ea3f.jpg,640,640,Tomato leaf late blight,423,461,500,582
IMG_3192_JPG_jpg.rf.78e2d818b80a0bcf43ab64ae7099ea3f.jpg,640,640,Tomato leaf late blight,250,473,339,538
IMG_3192_JPG_jpg.rf.78e2d818b80a0bcf43ab64ae7099ea3f.jpg,640,640,Tomato leaf late blight,359,512,430,634
IMG_3192_JPG_jpg.rf.78e2d818b80a0bcf43ab64ae7099ea3f.jpg,640,640,Tomato leaf late blight,0,244,89,345
IMG_3192_JPG_jpg.rf.78e2d818b80a0bcf43ab64ae7099ea3f.jpg,640,640,Tomato leaf late blight,26,384,97,428
IMG_3192_JPG_jpg.rf.78e2d818b80a0bcf43ab64ae7099ea3f.jpg,640,640,Tomato leaf late blight,57,442,154,550
IMG_3192_JPG_jpg.rf.78e2d818b80a0bcf43ab64ae7099ea3f.jpg,640,640,Tomato leaf late blight,141,301,212,378
IMG_3192_JPG_jpg.rf.78e2d818b80a0bcf43ab64ae7099ea3f.jpg,640,640,Tomato leaf late blight,128,179,211,236
IMG_3192_JPG_jpg.rf.78e2d818b80a0bcf43ab64ae7099ea3f.jpg,640,640,Tomato leaf late blight,89,116,148,205
IMG_3192_JPG_jpg.rf.78e2d818b80a0bcf43ab64ae7099ea3f.jpg,640,640,Tomato leaf late blight,6,159,103,218
IMG_3192_JPG_jpg.rf.78e2d818b80a0bcf43ab64ae7099ea3f.jpg,640,640,Tomato leaf late blight,421,64,474,128
IMG_3192_JPG_jpg.rf.78e2d818b80a0bcf43ab64ae7099ea3f.jpg,640,640,Tomato leaf late blight,415,6,468,83
IMG_3192_JPG_jpg.rf.78e2d818b80a0bcf43ab64ae7099ea3f.jpg,640,640,Tomato leaf late blight,473,326,544,448
IMG_3192_JPG_jpg.rf.78e2d818b80a0bcf43ab64ae7099ea3f.jpg,640,640,Tomato leaf late blight,371,384,480,455
tomato-yellow-closeup-3_jpg.rf.4e88314909a1d8cbade2dcfaddc5f156.jpg,640,640,Tomato leaf,290,190,330,293
tomato-yellow-closeup-3_jpg.rf.4e88314909a1d8cbade2dcfaddc5f156.jpg,640,640,Tomato leaf,393,164,458,424
tomato-yellow-closeup-3_jpg.rf.4e88314909a1d8cbade2dcfaddc5f156.jpg,640,640,Tomato leaf,262,295,329,379
tomato-yellow-closeup-3_jpg.rf.4e88314909a1d8cbade2dcfaddc5f156.jpg,640,640,Tomato leaf,181,317,234,408
tomato-yellow-closeup-3_jpg.rf.4e88314909a1d8cbade2dcfaddc5f156.jpg,640,640,Tomato leaf,206,389,257,449
100983448_jpg.rf.f47324d1b657b36c536248f1d27a97cf.jpg,640,640,Tomato Early blight leaf,47,10,590,619
tomato-yellow-leaf-curl-virus-tylvcv-symptoms-on-a-tomato-plant-under-BMYHXY_jpg.rf.39519371108c076f3ed190e47035887b.jpg,640,640,Tomato leaf bacterial spot,58,326,205,519
tomato-yellow-leaf-curl-virus-tylvcv-symptoms-on-a-tomato-plant-under-BMYHXY_jpg.rf.39519371108c076f3ed190e47035887b.jpg,640,640,Tomato leaf bacterial spot,372,205,499,442
tomato-yellow-leaf-curl-virus-tylvcv-symptoms-on-a-tomato-plant-under-BMYHXY_jpg.rf.39519371108c076f3ed190e47035887b.jpg,640,640,Tomato leaf bacterial spot,230,191,288,307
tomato-yellow-leaf-curl-virus-tylvcv-symptoms-on-a-tomato-plant-under-BMYHXY_jpg.rf.39519371108c076f3ed190e47035887b.jpg,640,640,Tomato leaf bacterial spot,257,339,366,493
IMG_2436w_jpg.rf.885f4c4e73c4a62e8c116b55ee63cf55.jpg,640,640,Tomato Early blight leaf,139,53,483,433
Tomato-Late-BlightBM_jpg.rf.702b3a95e8df56af9d138b701f6e26d8.jpg,640,640,Tomato leaf yellow virus,6,102,634,627
leaf_mold2_jpg.rf.1f1b260be01a014e5b56a1effacdecb6.jpg,640,640,Tomato mold leaf,1,6,634,639
Leaf-mold-web_jpg.rf.56c3ae7acf133c24de3653415160e021.jpg,640,640,Tomato mold leaf,464,203,639,640
Leaf-mold-web_jpg.rf.56c3ae7acf133c24de3653415160e021.jpg,640,640,Tomato mold leaf,324,54,633,638
Leaf-mold-web_jpg.rf.56c3ae7acf133c24de3653415160e021.jpg,640,640,Tomato mold leaf,77,0,428,622
Leaf-mold-web_jpg.rf.56c3ae7acf133c24de3653415160e021.jpg,640,640,Tomato mold leaf,338,3,469,146
bacterialLeafSpot07-2jqdlmz_jpg.rf.23b4ceec901ac1dd8a19f35919ef3577.jpg,640,640,Tomato leaf late blight,160,102,483,468
bacterialLeafSpot07-2jqdlmz_jpg.rf.23b4ceec901ac1dd8a19f35919ef3577.jpg,640,640,Tomato leaf late blight,195,0,458,105
IMG_3192_JPG_jpg.rf.2d74b6b055428365ef4b20cb418e0943.jpg,640,640,Tomato leaf late blight,279,152,326,251
IMG_3192_JPG_jpg.rf.2d74b6b055428365ef4b20cb418e0943.jpg,640,640,Tomato leaf late blight,297,294,358,381
IMG_3192_JPG_jpg.rf.2d74b6b055428365ef4b20cb418e0943.jpg,640,640,Tomato leaf late blight,240,366,355,411
IMG_3192_JPG_jpg.rf.2d74b6b055428365ef4b20cb418e0943.jpg,640,640,Tomato leaf late blight,368,214,445,309
IMG_3192_JPG_jpg.rf.2d74b6b055428365ef4b20cb418e0943.jpg,640,640,Tomato leaf late blight,315,79,417,143
IMG_3192_JPG_jpg.rf.2d74b6b055428365ef4b20cb418e0943.jpg,640,640,Tomato leaf late blight,345,123,396,205
IMG_3192_JPG_jpg.rf.2d74b6b055428365ef4b20cb418e0943.jpg,640,640,Tomato leaf late blight,416,203,533,263
IMG_3192_JPG_jpg.rf.2d74b6b055428365ef4b20cb418e0943.jpg,640,640,Tomato leaf late blight,517,150,614,239
IMG_3192_JPG_jpg.rf.2d74b6b055428365ef4b20cb418e0943.jpg,640,640,Tomato leaf late blight,565,283,625,425
IMG_3192_JPG_jpg.rf.2d74b6b055428365ef4b20cb418e0943.jpg,640,640,Tomato leaf late blight,423,460,497,585
IMG_3192_JPG_jpg.rf.2d74b6b055428365ef4b20cb418e0943.jpg,640,640,Tomato leaf late blight,246,473,340,539
IMG_3192_JPG_jpg.rf.2d74b6b055428365ef4b20cb418e0943.jpg,640,640,Tomato leaf late blight,362,513,433,639
IMG_3192_JPG_jpg.rf.2d74b6b055428365ef4b20cb418e0943.jpg,640,640,Tomato leaf late blight,0,245,86,346
IMG_3192_JPG_jpg.rf.2d74b6b055428365ef4b20cb418e0943.jpg,640,640,Tomato leaf late blight,26,386,92,429
IMG_3192_JPG_jpg.rf.2d74b6b055428365ef4b20cb418e0943.jpg,640,640,Tomato leaf late blight,58,443,154,551
IMG_3192_JPG_jpg.rf.2d74b6b055428365ef4b20cb418e0943.jpg,640,640,Tomato leaf late blight,139,300,208,377
IMG_3192_JPG_jpg.rf.2d74b6b055428365ef4b20cb418e0943.jpg,640,640,Tomato leaf late blight,131,180,214,238
IMG_3192_JPG_jpg.rf.2d74b6b055428365ef4b20cb418e0943.jpg,640,640,Tomato leaf late blight,91,113,148,202
IMG_3192_JPG_jpg.rf.2d74b6b055428365ef4b20cb418e0943.jpg,640,640,Tomato leaf late blight,5,163,105,220
IMG_3192_JPG_jpg.rf.2d74b6b055428365ef4b20cb418e0943.jpg,640,640,Tomato leaf late blight,419,66,473,129
IMG_3192_JPG_jpg.rf.2d74b6b055428365ef4b20cb418e0943.jpg,640,640,Tomato leaf late blight,412,9,466,82
IMG_3192_JPG_jpg.rf.2d74b6b055428365ef4b20cb418e0943.jpg,640,640,Tomato leaf late blight,476,328,545,445
IMG_3192_JPG_jpg.rf.2d74b6b055428365ef4b20cb418e0943.jpg,640,640,Tomato leaf late blight,373,387,479,456
late-blight-tomato_jpg.rf.10d01b458878eab642ea8170fc829ff0.jpg,640,640,Tomato leaf mosaic virus,362,58,613,336
late-blight-tomato_jpg.rf.10d01b458878eab642ea8170fc829ff0.jpg,640,640,Tomato leaf mosaic virus,7,0,279,186
TYLCVDFerrinlr_jpg.rf.0b924c413098fa85d5f7b1958351eef4.jpg,640,640,Tomato leaf,459,65,532,151
TYLCVDFerrinlr_jpg.rf.0b924c413098fa85d5f7b1958351eef4.jpg,640,640,Tomato leaf,525,68,590,172
TYLCVDFerrinlr_jpg.rf.0b924c413098fa85d5f7b1958351eef4.jpg,640,640,Tomato leaf,218,111,293,187
TYLCVDFerrinlr_jpg.rf.0b924c413098fa85d5f7b1958351eef4.jpg,640,640,Tomato leaf,230,245,315,341
TYLCVDFerrinlr_jpg.rf.0b924c413098fa85d5f7b1958351eef4.jpg,640,640,Tomato leaf,146,243,265,363
TYLCVDFerrinlr_jpg.rf.0b924c413098fa85d5f7b1958351eef4.jpg,640,640,Tomato leaf,341,282,494,427
TYLCVDFerrinlr_jpg.rf.0b924c413098fa85d5f7b1958351eef4.jpg,640,640,Tomato leaf,45,336,228,478
TYLCVDFerrinlr_jpg.rf.0b924c413098fa85d5f7b1958351eef4.jpg,640,640,Tomato leaf,256,355,387,467
TYLCVDFerrinlr_jpg.rf.0b924c413098fa85d5f7b1958351eef4.jpg,640,640,Tomato leaf,120,414,298,638
TYLCVDFerrinlr_jpg.rf.0b924c413098fa85d5f7b1958351eef4.jpg,640,640,Tomato leaf,81,63,187,132
leafspot-5aba8283642dca003687f6fa_jpg.rf.a4a6cfaf4adefd4d1ca25a67212f2f64.jpg,640,640,Tomato Septoria leaf spot,0,0,294,160
leafspot-5aba8283642dca003687f6fa_jpg.rf.a4a6cfaf4adefd4d1ca25a67212f2f64.jpg,640,640,Tomato Septoria leaf spot,116,262,353,633
leafspot-5aba8283642dca003687f6fa_jpg.rf.a4a6cfaf4adefd4d1ca25a67212f2f64.jpg,640,640,Tomato Septoria leaf spot,358,64,634,359
tylc_jpg.rf.dcfe94573753ec9d201769067f836682.jpg,640,640,Tomato mold leaf,403,179,474,307
tylc_jpg.rf.dcfe94573753ec9d201769067f836682.jpg,640,640,Tomato mold leaf,32,110,129,199
tylc_jpg.rf.dcfe94573753ec9d201769067f836682.jpg,640,640,Tomato mold leaf,135,141,250,224
tylc_jpg.rf.dcfe94573753ec9d201769067f836682.jpg,640,640,Tomato mold leaf,96,38,193,173
tylc_jpg.rf.dcfe94573753ec9d201769067f836682.jpg,640,640,Tomato mold leaf,384,0,499,148
Bacterial_spots562_jpg.rf.30d436bca98467c9b4bca667b663879f.jpg,640,640,Tomato leaf mosaic virus,234,5,509,274
Bacterial_spots562_jpg.rf.30d436bca98467c9b4bca667b663879f.jpg,640,640,Tomato leaf mosaic virus,291,291,637,517
Bacterial_spots562_jpg.rf.30d436bca98467c9b4bca667b663879f.jpg,640,640,Tomato leaf mosaic virus,200,296,475,633
Bacterial_spots562_jpg.rf.30d436bca98467c9b4bca667b663879f.jpg,640,640,Tomato leaf mosaic virus,57,302,231,583
leafmoldtomato1_jpg.rf.2390f2f259ecc15ff3fe0f0c4815cfc2.jpg,640,640,Tomato mold leaf,33,37,639,443
IMG_4182-JPG_jpg.rf.d6052be1aba6436209a285a8c823002a.jpg,640,640,Tomato leaf mosaic virus,118,98,241,307
IMG_4182-JPG_jpg.rf.d6052be1aba6436209a285a8c823002a.jpg,640,640,Tomato leaf mosaic virus,270,186,379,372
IMG_4182-JPG_jpg.rf.d6052be1aba6436209a285a8c823002a.jpg,640,640,Tomato leaf mosaic virus,497,243,638,495
IMG_4182-JPG_jpg.rf.d6052be1aba6436209a285a8c823002a.jpg,640,640,Tomato leaf mosaic virus,272,368,390,549
IMG_4182-JPG_jpg.rf.d6052be1aba6436209a285a8c823002a.jpg,640,640,Tomato leaf mosaic virus,158,17,245,151
IMG_4182-JPG_jpg.rf.d6052be1aba6436209a285a8c823002a.jpg,640,640,Tomato leaf mosaic virus,338,0,442,168
tomato-late-blight-phytophthora-infestans-on-tomato-leaves-a15ym0_jpg.rf.c860cf04482de30514b416801cbd3a46.jpg,640,640,Tomato leaf mosaic virus,212,439,346,639
tomato-late-blight-phytophthora-infestans-on-tomato-leaves-a15ym0_jpg.rf.c860cf04482de30514b416801cbd3a46.jpg,640,640,Tomato leaf mosaic virus,78,448,229,635
tomato-late-blight-phytophthora-infestans-on-tomato-leaves-a15ym0_jpg.rf.c860cf04482de30514b416801cbd3a46.jpg,640,640,Tomato leaf mosaic virus,280,200,582,529
tomato-late-blight-phytophthora-infestans-on-tomato-leaves-a15ym0_jpg.rf.c860cf04482de30514b416801cbd3a46.jpg,640,640,Tomato leaf mosaic virus,95,320,240,471
tomato-late-blight-phytophthora-infestans-on-tomato-leaves-a15ym0_jpg.rf.c860cf04482de30514b416801cbd3a46.jpg,640,640,Tomato leaf mosaic virus,140,88,409,320
tomato-late-blight-phytophthora-infestans-on-tomato-leaves-a15ym0_jpg.rf.c860cf04482de30514b416801cbd3a46.jpg,640,640,Tomato leaf mosaic virus,339,38,479,191
1684_jpg.rf.4e803500208e96eb81ef0c67ba91eaba.jpg,640,640,Tomato leaf late blight,372,141,621,410
1684_jpg.rf.4e803500208e96eb81ef0c67ba91eaba.jpg,640,640,Tomato leaf late blight,178,0,395,332
1684_jpg.rf.4e803500208e96eb81ef0c67ba91eaba.jpg,640,640,Tomato leaf late blight,33,256,353,435
1684_jpg.rf.4e803500208e96eb81ef0c67ba91eaba.jpg,640,640,Tomato leaf late blight,6,473,340,609
1684_jpg.rf.4e803500208e96eb81ef0c67ba91eaba.jpg,640,640,Tomato leaf late blight,365,473,628,615
IMG_0312_original_jpg.rf.2a9b508641bd727b578fbd266bf16f42.jpg,640,640,Tomato Septoria leaf spot,196,387,590,516
IMG_0312_original_jpg.rf.2a9b508641bd727b578fbd266bf16f42.jpg,640,640,Tomato Septoria leaf spot,194,497,365,638
IMG_0312_original_jpg.rf.2a9b508641bd727b578fbd266bf16f42.jpg,640,640,Tomato Septoria leaf spot,0,266,155,520
IMG_0312_original_jpg.rf.2a9b508641bd727b578fbd266bf16f42.jpg,640,640,Tomato Septoria leaf spot,177,5,491,231
IMG_0312_original_jpg.rf.2a9b508641bd727b578fbd266bf16f42.jpg,640,640,Tomato Septoria leaf spot,237,213,638,413
TYLCVDFerrinlr_jpg.rf.d39ebe7cf30785c49757b6903dd96377.jpg,640,640,Tomato leaf,486,455,566,548
TYLCVDFerrinlr_jpg.rf.d39ebe7cf30785c49757b6903dd96377.jpg,640,640,Tomato leaf,550,425,622,536
TYLCVDFerrinlr_jpg.rf.d39ebe7cf30785c49757b6903dd96377.jpg,640,640,Tomato leaf,241,459,324,539
TYLCVDFerrinlr_jpg.rf.d39ebe7cf30785c49757b6903dd96377.jpg,640,640,Tomato leaf,231,303,324,405
TYLCVDFerrinlr_jpg.rf.d39ebe7cf30785c49757b6903dd96377.jpg,640,640,Tomato leaf,145,290,273,419
TYLCVDFerrinlr_jpg.rf.d39ebe7cf30785c49757b6903dd96377.jpg,640,640,Tomato leaf,330,193,493,350
TYLCVDFerrinlr_jpg.rf.d39ebe7cf30785c49757b6903dd96377.jpg,640,640,Tomato leaf,28,185,221,342
TYLCVDFerrinlr_jpg.rf.d39ebe7cf30785c49757b6903dd96377.jpg,640,640,Tomato leaf,238,170,377,293
TYLCVDFerrinlr_jpg.rf.d39ebe7cf30785c49757b6903dd96377.jpg,640,640,Tomato leaf,79,8,275,252
TYLCVDFerrinlr_jpg.rf.d39ebe7cf30785c49757b6903dd96377.jpg,640,640,Tomato leaf,115,529,227,608
leaf_mold_tomato1x1200_jpg.rf.1317d087d1081e6e0cd526c344b071ed.jpg,640,640,Tomato mold leaf,17,3,635,639
tlcv-tomato-leaf-curl-virus-symptoms-on-a-glasshouse-tomato-plant-ACGAG6_jpg.rf.197982c8c96b69ee064690d071520830.jpg,640,640,Tomato leaf,224,52,308,170
tlcv-tomato-leaf-curl-virus-symptoms-on-a-glasshouse-tomato-plant-ACGAG6_jpg.rf.197982c8c96b69ee064690d071520830.jpg,640,640,Tomato leaf,283,160,375,266
tlcv-tomato-leaf-curl-virus-symptoms-on-a-glasshouse-tomato-plant-ACGAG6_jpg.rf.197982c8c96b69ee064690d071520830.jpg,640,640,Tomato leaf,458,173,539,273
tlcv-tomato-leaf-curl-virus-symptoms-on-a-glasshouse-tomato-plant-ACGAG6_jpg.rf.197982c8c96b69ee064690d071520830.jpg,640,640,Tomato leaf,213,256,298,307
tlcv-tomato-leaf-curl-virus-symptoms-on-a-glasshouse-tomato-plant-ACGAG6_jpg.rf.197982c8c96b69ee064690d071520830.jpg,640,640,Tomato leaf,316,289,441,360
tlcv-tomato-leaf-curl-virus-symptoms-on-a-glasshouse-tomato-plant-ACGAG6_jpg.rf.197982c8c96b69ee064690d071520830.jpg,640,640,Tomato leaf,469,279,640,378
tlcv-tomato-leaf-curl-virus-symptoms-on-a-glasshouse-tomato-plant-ACGAG6_jpg.rf.197982c8c96b69ee064690d071520830.jpg,640,640,Tomato leaf,110,279,225,383
tlcv-tomato-leaf-curl-virus-symptoms-on-a-glasshouse-tomato-plant-ACGAG6_jpg.rf.197982c8c96b69ee064690d071520830.jpg,640,640,Tomato leaf,452,335,553,467
tlcv-tomato-leaf-curl-virus-symptoms-on-a-glasshouse-tomato-plant-ACGAG6_jpg.rf.197982c8c96b69ee064690d071520830.jpg,640,640,Tomato leaf,236,367,350,511
tlcv-tomato-leaf-curl-virus-symptoms-on-a-glasshouse-tomato-plant-ACGAG6_jpg.rf.197982c8c96b69ee064690d071520830.jpg,640,640,Tomato leaf,31,372,168,515
IMG_3175_jpg.rf.7a3d7558a59cde90ef2a18e016926d67.jpg,640,640,Tomato Septoria leaf spot,423,95,583,480
IMG_3175_jpg.rf.7a3d7558a59cde90ef2a18e016926d67.jpg,640,640,Tomato Septoria leaf spot,25,51,473,486
tomato-late-blight-phytophthora-infestans-necrosis-sporulation-on-a-tomato-leaf-underside-XA233C_jpg.rf.682ef34dd26aa44172a41cc689fc0b98.jpg,640,640,Tomato leaf mosaic virus,85,95,460,366
bacterialLeafSpot04-xqxm03_jpg.rf.7ab109bace3f33fb419fa2ab47c5c8b3.jpg,640,640,Tomato leaf late blight,0,102,257,522
bacterialLeafSpot04-xqxm03_jpg.rf.7ab109bace3f33fb419fa2ab47c5c8b3.jpg,640,640,Tomato leaf late blight,209,127,618,587
IMG_4182_JPG_jpg.rf.e1cb96cc27b040155442ed2b6019d937.jpg,640,640,Tomato leaf yellow virus,69,93,249,396
IMG_4182_JPG_jpg.rf.e1cb96cc27b040155442ed2b6019d937.jpg,640,640,Tomato leaf yellow virus,180,14,257,141
IMG_4182_JPG_jpg.rf.e1cb96cc27b040155442ed2b6019d937.jpg,640,640,Tomato leaf yellow virus,361,3,437,145
IMG_4182_JPG_jpg.rf.e1cb96cc27b040155442ed2b6019d937.jpg,640,640,Tomato leaf yellow virus,211,296,394,587
IMG_4182_JPG_jpg.rf.e1cb96cc27b040155442ed2b6019d937.jpg,640,640,Tomato leaf yellow virus,276,211,387,355
tomato-yellow-leaf-curl-virus-symptoms-on-tomato-leaves-on-plants-ACGAME_jpg.rf.b1319143a2bce58557c6f001bbfb07d7.jpg,640,640,Tomato leaf bacterial spot,429,268,526,404
tomato-yellow-leaf-curl-virus-symptoms-on-tomato-leaves-on-plants-ACGAME_jpg.rf.b1319143a2bce58557c6f001bbfb07d7.jpg,640,640,Tomato leaf bacterial spot,460,166,557,211
tomato-yellow-leaf-curl-virus-symptoms-on-tomato-leaves-on-plants-ACGAME_jpg.rf.b1319143a2bce58557c6f001bbfb07d7.jpg,640,640,Tomato leaf bacterial spot,38,326,173,512
tomato-yellow-leaf-curl-virus-symptoms-on-tomato-leaves-on-plants-ACGAME_jpg.rf.b1319143a2bce58557c6f001bbfb07d7.jpg,640,640,Tomato leaf bacterial spot,192,52,391,218
TYLCV-tomate-DB-445-171_jpg.rf.719be08533db2254cb09b4e73eb1d75e.jpg,640,640,Tomato leaf,522,335,630,492
TYLCV-tomate-DB-445-171_jpg.rf.719be08533db2254cb09b4e73eb1d75e.jpg,640,640,Tomato leaf,253,348,313,488
TYLCV-tomate-DB-445-171_jpg.rf.719be08533db2254cb09b4e73eb1d75e.jpg,640,640,Tomato leaf,177,340,245,498
TYLCV-tomate-DB-445-171_jpg.rf.719be08533db2254cb09b4e73eb1d75e.jpg,640,640,Tomato leaf,8,322,169,500
TYLCV-tomate-DB-445-171_jpg.rf.719be08533db2254cb09b4e73eb1d75e.jpg,640,640,Tomato leaf,446,299,526,419
TYLCV-tomate-DB-445-171_jpg.rf.719be08533db2254cb09b4e73eb1d75e.jpg,640,640,Tomato leaf,496,225,570,329
TYLCV-tomate-DB-445-171_jpg.rf.719be08533db2254cb09b4e73eb1d75e.jpg,640,640,Tomato leaf,156,141,252,324
TYLCV-tomate-DB-445-171_jpg.rf.719be08533db2254cb09b4e73eb1d75e.jpg,640,640,Tomato leaf,237,106,351,286
TYLCV-tomate-DB-445-171_jpg.rf.719be08533db2254cb09b4e73eb1d75e.jpg,640,640,Tomato leaf,404,118,473,218
Bacterial_spots563_jpg.rf.42188a44c725704defa86bd76e948510.jpg,640,640,Tomato leaf late blight,0,33,446,599
Fig-2014_opta_jpg.rf.6fed713264e1a1fc3c2dca3972d21f32.jpg,640,640,Tomato leaf mosaic virus,34,136,421,396
IMG_2684-JPG_jpg.rf.1b067925439896c0a06003dc494372f3.jpg,640,640,Tomato leaf,243,58,363,157
IMG_2684-JPG_jpg.rf.1b067925439896c0a06003dc494372f3.jpg,640,640,Tomato leaf,313,100,422,218
IMG_2684-JPG_jpg.rf.1b067925439896c0a06003dc494372f3.jpg,640,640,Tomato leaf,219,311,333,415
IMG_2684-JPG_jpg.rf.1b067925439896c0a06003dc494372f3.jpg,640,640,Tomato leaf,60,440,240,563
IMG_2684-JPG_jpg.rf.1b067925439896c0a06003dc494372f3.jpg,640,640,Tomato leaf,216,413,369,599
tomatodisease001sm_jpg.rf.d66edbc52311bbd8727d774bf4e64a41.jpg,640,640,Tomato leaf,69,235,149,428
tomatodisease001sm_jpg.rf.d66edbc52311bbd8727d774bf4e64a41.jpg,640,640,Tomato leaf,175,242,303,425
tomatodisease001sm_jpg.rf.d66edbc52311bbd8727d774bf4e64a41.jpg,640,640,Tomato leaf,360,394,438,492
tomatodisease001sm_jpg.rf.d66edbc52311bbd8727d774bf4e64a41.jpg,640,640,Tomato leaf,386,408,508,639
tomatodisease001sm_jpg.rf.d66edbc52311bbd8727d774bf4e64a41.jpg,640,640,Tomato leaf,495,413,623,639
tomatodisease001sm_jpg.rf.d66edbc52311bbd8727d774bf4e64a41.jpg,640,640,Tomato leaf,388,257,446,338
tomatodisease001sm_jpg.rf.d66edbc52311bbd8727d774bf4e64a41.jpg,640,640,Tomato leaf,366,43,477,199
tomatodisease001sm_jpg.rf.d66edbc52311bbd8727d774bf4e64a41.jpg,640,640,Tomato leaf,483,174,571,281
eb56b488e349c2de423ab6afbcc4bd5b_jpg.rf.e826fef4e145ca154719c8f2bad681ce.jpg,640,640,Tomato Septoria leaf spot,212,311,446,638
eb56b488e349c2de423ab6afbcc4bd5b_jpg.rf.e826fef4e145ca154719c8f2bad681ce.jpg,640,640,Tomato Septoria leaf spot,417,8,631,257
eb56b488e349c2de423ab6afbcc4bd5b_jpg.rf.e826fef4e145ca154719c8f2bad681ce.jpg,640,640,Tomato Septoria leaf spot,219,42,365,309
early-blight-or-target-spot-alternaria-solani-lesions-on-a-tomato-BY9J8R_jpg.rf.0babf635b8d20ebcf4835fe197ed9eb5.jpg,640,640,Tomato Early blight leaf,145,31,503,545
Bacterial_spots562_jpg.rf.b86380801b18e3c5b3bcea7ab8666fa4.jpg,640,640,Tomato leaf mosaic virus,237,7,512,276
Bacterial_spots562_jpg.rf.b86380801b18e3c5b3bcea7ab8666fa4.jpg,640,640,Tomato leaf mosaic virus,288,294,634,525
Bacterial_spots562_jpg.rf.b86380801b18e3c5b3bcea7ab8666fa4.jpg,640,640,Tomato leaf mosaic virus,198,295,474,633
Bacterial_spots562_jpg.rf.b86380801b18e3c5b3bcea7ab8666fa4.jpg,640,640,Tomato leaf mosaic virus,57,301,231,582
leaf_mold_nightshade1x500_jpg.rf.6722280aca36c6825faace10090b2416.jpg,640,640,Tomato mold leaf,0,6,634,634
17fc47_jpg.rf.22620c583b819580a63ed23c1b2e0be0.jpg,640,640,Tomato leaf bacterial spot,422,33,633,110
17fc47_jpg.rf.22620c583b819580a63ed23c1b2e0be0.jpg,640,640,Tomato leaf bacterial spot,282,64,391,128
17fc47_jpg.rf.22620c583b819580a63ed23c1b2e0be0.jpg,640,640,Tomato leaf bacterial spot,422,141,544,295
17fc47_jpg.rf.22620c583b819580a63ed23c1b2e0be0.jpg,640,640,Tomato leaf bacterial spot,148,236,282,378
17fc47_jpg.rf.22620c583b819580a63ed23c1b2e0be0.jpg,640,640,Tomato leaf bacterial spot,231,186,377,340
17fc47_jpg.rf.22620c583b819580a63ed23c1b2e0be0.jpg,640,640,Tomato leaf bacterial spot,345,166,461,332
early_blight_tomato_jpg.rf.fe470a204a0adde9f30170d57befcd3b.jpg,640,640,Tomato Early blight leaf,282,339,326,467
early_blight_tomato_jpg.rf.fe470a204a0adde9f30170d57befcd3b.jpg,640,640,Tomato Early blight leaf,340,198,442,294
early_blight_tomato_jpg.rf.fe470a204a0adde9f30170d57befcd3b.jpg,640,640,Tomato Early blight leaf,223,237,275,308
early_blight_tomato_jpg.rf.fe470a204a0adde9f30170d57befcd3b.jpg,640,640,Tomato Early blight leaf,268,269,327,314
early_blight_tomato_jpg.rf.fe470a204a0adde9f30170d57befcd3b.jpg,640,640,Tomato Early blight leaf,449,147,538,250
early_blight_tomato_jpg.rf.fe470a204a0adde9f30170d57befcd3b.jpg,640,640,Tomato leaf late blight,326,352,365,455
early_blight_tomato_jpg.rf.fe470a204a0adde9f30170d57befcd3b.jpg,640,640,Tomato Early blight leaf,211,90,275,179
early_blight_tomato_jpg.rf.fe470a204a0adde9f30170d57befcd3b.jpg,640,640,Tomato Early blight leaf,141,396,218,455
lb_leaf_lesions3x1200_jpg.rf.963c7f86ae0ae7b3fa6ad22bd8252bee.jpg,640,640,Tomato leaf yellow virus,13,70,570,608
lb_leaf_lesions4x1200_jpg.rf.69a6beae520a0c4fb27c0a88ec91523c.jpg,640,640,Tomato leaf mosaic virus,126,62,409,423
image022_jpg.rf.b02651a80dd16012cb530a99be7242ab.jpg,640,640,Tomato leaf,320,64,385,108
image022_jpg.rf.b02651a80dd16012cb530a99be7242ab.jpg,640,640,Tomato leaf,435,6,628,160
image022_jpg.rf.b02651a80dd16012cb530a99be7242ab.jpg,640,640,Tomato leaf,179,83,327,205
image022_jpg.rf.b02651a80dd16012cb530a99be7242ab.jpg,640,640,Tomato leaf,365,140,486,358
image022_jpg.rf.b02651a80dd16012cb530a99be7242ab.jpg,640,640,Tomato leaf,262,192,384,526
Leaf-2Bspot-2B1000_jpg.rf.9735d36c9e10e2bad95945d400da3cdb.jpg,640,640,Tomato Septoria leaf spot,134,46,578,543
leafmold_jpg.rf.5bd0ad8936218536d6dbe8e277cef8c2.jpg,640,640,Tomato mold leaf,29,190,165,496
leafmold_jpg.rf.5bd0ad8936218536d6dbe8e277cef8c2.jpg,640,640,Tomato mold leaf,155,5,363,446
leafmold_jpg.rf.5bd0ad8936218536d6dbe8e277cef8c2.jpg,640,640,Tomato mold leaf,425,356,636,636
bacterialLeafSpot07-2jqdlmz_jpg.rf.667bb134a5e48c1069431b7b69c6671a.jpg,640,640,Tomato leaf late blight,141,79,522,493
bacterialLeafSpot07-2jqdlmz_jpg.rf.667bb134a5e48c1069431b7b69c6671a.jpg,640,640,Tomato leaf late blight,269,0,543,142
IMG_0591_jpg.rf.931047bc9b154ccb3c7719fc798cf168.jpg,640,640,Tomato Early blight leaf,0,185,614,620
leafmoldtomato2_jpg.rf.f636b0b131e14e599facb90ef7a0d902.jpg,640,640,Tomato mold leaf,0,31,538,600
IMG_2684_JPG_jpg.rf.cc7452eb354c3089e9ddc1231ab2394d.jpg,640,640,Tomato leaf bacterial spot,320,314,423,403
IMG_2684_JPG_jpg.rf.cc7452eb354c3089e9ddc1231ab2394d.jpg,640,640,Tomato leaf bacterial spot,430,429,596,532
IMG_2684_JPG_jpg.rf.cc7452eb354c3089e9ddc1231ab2394d.jpg,640,640,Tomato leaf bacterial spot,0,275,128,422
IMG_2684_JPG_jpg.rf.cc7452eb354c3089e9ddc1231ab2394d.jpg,640,640,Tomato leaf bacterial spot,205,115,302,218
IMG_2684_JPG_jpg.rf.cc7452eb354c3089e9ddc1231ab2394d.jpg,640,640,Tomato leaf bacterial spot,257,64,366,153
IMG_2684_JPG_jpg.rf.cc7452eb354c3089e9ddc1231ab2394d.jpg,640,640,Tomato leaf bacterial spot,308,416,435,590
tomato-yellow-leaf-curl-virus-symptoms-on-tomato-leaves-on-plants-AXKWFY_jpg.rf.eadb65989ddf2e4980659b9a95a8f6da.jpg,640,640,Tomato leaf bacterial spot,157,46,258,209
tomato-yellow-leaf-curl-virus-symptoms-on-tomato-leaves-on-plants-AXKWFY_jpg.rf.eadb65989ddf2e4980659b9a95a8f6da.jpg,640,640,Tomato leaf bacterial spot,0,111,118,222
tomato-yellow-leaf-curl-virus-symptoms-on-tomato-leaves-on-plants-AXKWFY_jpg.rf.eadb65989ddf2e4980659b9a95a8f6da.jpg,640,640,Tomato leaf,292,190,346,239
tomato-yellow-leaf-curl-virus-symptoms-on-tomato-leaves-on-plants-AXKWFY_jpg.rf.eadb65989ddf2e4980659b9a95a8f6da.jpg,640,640,Tomato leaf bacterial spot,3,218,146,312
tomato-yellow-leaf-curl-virus-symptoms-on-tomato-leaves-on-plants-AXKWFY_jpg.rf.eadb65989ddf2e4980659b9a95a8f6da.jpg,640,640,Tomato leaf,356,303,422,342
tomato-yellow-leaf-curl-virus-symptoms-on-tomato-leaves-on-plants-AXKWFY_jpg.rf.eadb65989ddf2e4980659b9a95a8f6da.jpg,640,640,Tomato leaf,323,323,380,371
tomato-yellow-leaf-curl-virus-symptoms-on-tomato-leaves-on-plants-AXKWFY_jpg.rf.eadb65989ddf2e4980659b9a95a8f6da.jpg,640,640,Tomato leaf,165,324,245,398
tomato-yellow-leaf-curl-virus-symptoms-on-tomato-leaves-on-plants-AXKWFY_jpg.rf.eadb65989ddf2e4980659b9a95a8f6da.jpg,640,640,Tomato leaf,346,341,399,425
tomato-yellow-leaf-curl-virus-symptoms-on-tomato-leaves-on-plants-AXKWFY_jpg.rf.eadb65989ddf2e4980659b9a95a8f6da.jpg,640,640,Tomato leaf,375,349,444,431
tomato-yellow-leaf-curl-virus-symptoms-on-tomato-leaves-on-plants-AXKWFY_jpg.rf.eadb65989ddf2e4980659b9a95a8f6da.jpg,640,640,Tomato leaf bacterial spot,473,339,579,525
tomato-yellow-leaf-curl-virus-symptoms-on-tomato-leaves-on-plants-AXKWFY_jpg.rf.eadb65989ddf2e4980659b9a95a8f6da.jpg,640,640,Tomato leaf bacterial spot,423,436,543,536
tomato-yellow-leaf-curl-virus-symptoms-on-tomato-leaves-on-plants-AXKWFY_jpg.rf.eadb65989ddf2e4980659b9a95a8f6da.jpg,640,640,Tomato leaf bacterial spot,342,465,433,589
lb_leaf_lesions3x1200_jpg.rf.367a72a2d4b9e5a8897e7ebcd62b83c2.jpg,640,640,Tomato leaf mosaic virus,126,118,546,481
bacterial-speck-tomato-3_jpg.rf.4b737940a3d9382b2db187565e27220c.jpg,640,640,Tomato leaf late blight,69,27,640,627
bc34aec4ea7f60a64e380fda44c2f380_jpg.rf.2a2b64db7c81e73399fcf72144675955.jpg,640,640,Tomato leaf mosaic virus,442,76,563,250
bc34aec4ea7f60a64e380fda44c2f380_jpg.rf.2a2b64db7c81e73399fcf72144675955.jpg,640,640,Tomato leaf mosaic virus,101,13,237,270
bc34aec4ea7f60a64e380fda44c2f380_jpg.rf.2a2b64db7c81e73399fcf72144675955.jpg,640,640,Tomato leaf mosaic virus,83,198,282,499
bc34aec4ea7f60a64e380fda44c2f380_jpg.rf.2a2b64db7c81e73399fcf72144675955.jpg,640,640,Tomato leaf mosaic virus,236,192,455,532
early-blight-on-leaf-yel-halo-IMG_2313_JPG_jpg.rf.56458e84950b3055fe0b587ffa98ec23.jpg,640,640,Tomato Septoria leaf spot,19,16,613,619
Late-blight-symptoms-on-tomato-leaves-1r3uhy2_jpg.rf.1e905fc1e2c2426776ec843ed3e15309.jpg,640,640,Tomato leaf yellow virus,297,348,543,639
Late-blight-symptoms-on-tomato-leaves-1r3uhy2_jpg.rf.1e905fc1e2c2426776ec843ed3e15309.jpg,640,640,Tomato leaf yellow virus,420,226,637,491
Late-blight-symptoms-on-tomato-leaves-1r3uhy2_jpg.rf.1e905fc1e2c2426776ec843ed3e15309.jpg,640,640,Tomato leaf yellow virus,0,155,358,366
tomato-vine-ripe-leaves-isolated-against-white-34863029_jpg.rf.969d3bfc4b7e70e267609987c61b6611.jpg,640,640,Tomato leaf bacterial spot,390,422,456,505
tomato-vine-ripe-leaves-isolated-against-white-34863029_jpg.rf.969d3bfc4b7e70e267609987c61b6611.jpg,640,640,Tomato leaf bacterial spot,414,314,594,469
tomato-vine-ripe-leaves-isolated-against-white-34863029_jpg.rf.969d3bfc4b7e70e267609987c61b6611.jpg,640,640,Tomato leaf bacterial spot,263,255,428,435
tomato-vine-ripe-leaves-isolated-against-white-34863029_jpg.rf.969d3bfc4b7e70e267609987c61b6611.jpg,640,640,Tomato leaf bacterial spot,149,184,312,421
tomato-early-blight-e1437503226856_jpg.rf.5133622c614d4532c05a4628e93efb8a.jpg,640,640,Tomato Septoria leaf spot,115,131,229,292
tomato-early-blight-e1437503226856_jpg.rf.5133622c614d4532c05a4628e93efb8a.jpg,640,640,Tomato Septoria leaf spot,259,41,610,448
tomato-early-blight-e1437503226856_jpg.rf.5133622c614d4532c05a4628e93efb8a.jpg,640,640,Tomato Septoria leaf spot,17,309,440,640
eb56b488e349c2de423ab6afbcc4bd5b_jpg.rf.8c61825b0e8b63f239b279d2e2a74e97.jpg,640,640,Tomato Septoria leaf spot,427,1,639,256
eb56b488e349c2de423ab6afbcc4bd5b_jpg.rf.8c61825b0e8b63f239b279d2e2a74e97.jpg,640,640,Tomato Septoria leaf spot,218,39,369,310
eb56b488e349c2de423ab6afbcc4bd5b_jpg.rf.8c61825b0e8b63f239b279d2e2a74e97.jpg,640,640,Tomato Septoria leaf spot,205,307,445,639
IMG_4182-JPG_jpg.rf.9469f63a678edd7923f98ddce807547c.jpg,640,640,Tomato leaf mosaic virus,138,68,274,283
IMG_4182-JPG_jpg.rf.9469f63a678edd7923f98ddce807547c.jpg,640,640,Tomato leaf mosaic virus,272,185,394,377
IMG_4182-JPG_jpg.rf.9469f63a678edd7923f98ddce807547c.jpg,640,640,Tomato leaf mosaic virus,474,290,638,550
IMG_4182-JPG_jpg.rf.9469f63a678edd7923f98ddce807547c.jpg,640,640,Tomato leaf mosaic virus,238,364,367,551
IMG_4182-JPG_jpg.rf.9469f63a678edd7923f98ddce807547c.jpg,640,640,Tomato leaf mosaic virus,204,0,301,135
IMG_4182-JPG_jpg.rf.9469f63a678edd7923f98ddce807547c.jpg,640,640,Tomato leaf mosaic virus,382,9,496,189
tomato-late-blight-phytophthora-infestans-mycelium-and-lesions-on-a15yr2_jpg.rf.09865cd2d57751cbe4a1476234985621.jpg,640,640,Tomato leaf yellow virus,174,297,529,521
tomato-late-blight-phytophthora-infestans-mycelium-and-lesions-on-a15yr2_jpg.rf.09865cd2d57751cbe4a1476234985621.jpg,640,640,Tomato leaf yellow virus,180,63,517,322
TYLCV4_jpg.rf.7803400cceed60f0f6cd7a0851c33894.jpg,640,640,Tomato leaf,489,157,612,248
TYLCV4_jpg.rf.7803400cceed60f0f6cd7a0851c33894.jpg,640,640,Tomato leaf,329,156,460,238
TYLCV4_jpg.rf.7803400cceed60f0f6cd7a0851c33894.jpg,640,640,Tomato leaf,395,247,479,381
TYLCV4_jpg.rf.7803400cceed60f0f6cd7a0851c33894.jpg,640,640,Tomato leaf,268,218,386,395
TYLCV4_jpg.rf.7803400cceed60f0f6cd7a0851c33894.jpg,640,640,Tomato leaf,449,31,540,145
90e2c0_jpg.rf.58490d9278263bda388fab0a268ead43.jpg,640,640,Tomato leaf late blight,147,19,519,519
lb_leaf_lesions3x1200_jpg.rf.7c3d04c6914b3cbefef4ee30f8b5c5a1.jpg,640,640,Tomato leaf yellow virus,12,69,571,608
gn201410308259997ar-jpg_jpg.rf.4a5762e8810fdc4621c4f28881443064.jpg,640,640,Tomato Early blight leaf,128,122,500,365
gn201410308259997ar-jpg_jpg.rf.4a5762e8810fdc4621c4f28881443064.jpg,640,640,Tomato leaf late blight,384,365,538,462
gn201410308259997ar-jpg_jpg.rf.4a5762e8810fdc4621c4f28881443064.jpg,640,640,Tomato leaf late blight,249,461,385,532
gn201410308259997ar-jpg_jpg.rf.4a5762e8810fdc4621c4f28881443064.jpg,640,640,Tomato leaf late blight,307,544,390,633
2septoria-tomato_jpg.rf.774bae10e33c3b56f751587f40e1a89b.jpg,640,640,Tomato Septoria leaf spot,39,33,468,590
2septoria-tomato_jpg.rf.774bae10e33c3b56f751587f40e1a89b.jpg,640,640,Tomato Septoria leaf spot,294,230,601,621
lb_leaf_lesions3x1200_jpg.rf.6fe729f0e0a050edfcc3fe3c841517c3.jpg,640,640,Tomato leaf mosaic virus,101,168,505,510
leaf_mold_tomato1x1200_jpg.rf.6e12f6ffbfcf5bbfa9ecd25b6ef8ae5e.jpg,640,640,Tomato mold leaf,0,0,638,638
leaf_mold_tomato2x1200_jpg.rf.1360f9fc597c7fdabfbf7fe34ce9ba70.jpg,640,640,Tomato mold leaf,12,0,634,634
bac_spot1-300x298_jpg.rf.eb45c2a92350eb9fefcbc0f7c93716d3.jpg,640,640,Tomato leaf mosaic virus,7,230,276,608
bac_spot1-300x298_jpg.rf.eb45c2a92350eb9fefcbc0f7c93716d3.jpg,640,640,Tomato leaf mosaic virus,236,0,461,429
bacterialspottomato2_jpg.rf.f161120803329d035d2fd5a87df8245f.jpg,640,640,Tomato leaf late blight,75,0,638,638
leaf_mold_nightshade1x500_jpg.rf.6bd60ac88d1ab1591e215f9ffdb25fa9.jpg,640,640,Tomato mold leaf,1,6,637,639
IMG_2436w_jpg.rf.705e9bd9d88cccaa65840cd90144c0e6.jpg,640,640,Tomato Early blight leaf,126,125,472,639
tomato-late-blight-phytophthora-infestans-on-tomato-leaves-a15ym0_jpg.rf.a8ca856193578e518d3474149ab67ffa.jpg,640,640,Tomato leaf mosaic virus,118,16,277,238
tomato-late-blight-phytophthora-infestans-on-tomato-leaves-a15ym0_jpg.rf.a8ca856193578e518d3474149ab67ffa.jpg,640,640,Tomato leaf mosaic virus,0,77,169,278
tomato-late-blight-phytophthora-infestans-on-tomato-leaves-a15ym0_jpg.rf.a8ca856193578e518d3474149ab67ffa.jpg,640,640,Tomato leaf mosaic virus,238,58,574,416
tomato-late-blight-phytophthora-infestans-on-tomato-leaves-a15ym0_jpg.rf.a8ca856193578e518d3474149ab67ffa.jpg,640,640,Tomato leaf mosaic virus,70,225,232,389
tomato-late-blight-phytophthora-infestans-on-tomato-leaves-a15ym0_jpg.rf.a8ca856193578e518d3474149ab67ffa.jpg,640,640,Tomato leaf mosaic virus,176,313,467,576
tomato-late-blight-phytophthora-infestans-on-tomato-leaves-a15ym0_jpg.rf.a8ca856193578e518d3474149ab67ffa.jpg,640,640,Tomato leaf mosaic virus,401,395,557,559
59380_jpg.rf.5208224ebb20d32a14eb3dfafcbbaab5.jpg,640,640,Tomato leaf mosaic virus,165,6,539,469
266914753eb19d87b80567baed1a0f66_jpg.rf.4e1c361570ec1b65f2fc3262a21fbf2c.jpg,640,640,Tomato leaf mosaic virus,10,2,593,619
bac_spot1-300x298_jpg.rf.371d147e5d78a47d162b898a54a06c68.jpg,640,640,Tomato leaf mosaic virus,6,232,272,608
bac_spot1-300x298_jpg.rf.371d147e5d78a47d162b898a54a06c68.jpg,640,640,Tomato leaf mosaic virus,237,2,458,428
tomato-mosaic-virus-F0BA26_jpg.rf.71e9213fe5afbe85322120eb2d2c74c9.jpg,640,640,Tomato leaf yellow virus,220,19,478,250
tomato-mosaic-virus-F0BA26_jpg.rf.71e9213fe5afbe85322120eb2d2c74c9.jpg,640,640,Tomato leaf yellow virus,440,107,582,195
tomato-mosaic-virus-F0BA26_jpg.rf.71e9213fe5afbe85322120eb2d2c74c9.jpg,640,640,Tomato leaf yellow virus,180,170,415,472
tomato-mosaic-virus-F0BA26_jpg.rf.71e9213fe5afbe85322120eb2d2c74c9.jpg,640,640,Tomato leaf yellow virus,330,302,613,573
fig1-2k11-163-165_jpg.rf.88d49c9ac80aaa176887a1851e58dacf.jpg,640,640,Tomato leaf,356,12,596,243
fig1-2k11-163-165_jpg.rf.88d49c9ac80aaa176887a1851e58dacf.jpg,640,640,Tomato leaf,17,72,468,463
IMG_2684-JPG_jpg.rf.c0dc3d5c6d1275e578cd8619c4b52273.jpg,640,640,Tomato leaf,221,58,347,164
IMG_2684-JPG_jpg.rf.c0dc3d5c6d1275e578cd8619c4b52273.jpg,640,640,Tomato leaf,296,93,413,218
IMG_2684-JPG_jpg.rf.c0dc3d5c6d1275e578cd8619c4b52273.jpg,640,640,Tomato leaf,220,312,340,423
IMG_2684-JPG_jpg.rf.c0dc3d5c6d1275e578cd8619c4b52273.jpg,640,640,Tomato leaf,72,446,260,583
IMG_2684-JPG_jpg.rf.c0dc3d5c6d1275e578cd8619c4b52273.jpg,640,640,Tomato leaf,226,410,391,605
tomato-late-blight-phytophthora-infestans-mycelium-and-lesions-on-a15yr2_jpg.rf.9c3387cc5501d1d02520dd211d88f586.jpg,640,640,Tomato leaf yellow virus,173,294,532,518
tomato-late-blight-phytophthora-infestans-mycelium-and-lesions-on-a15yr2_jpg.rf.9c3387cc5501d1d02520dd211d88f586.jpg,640,640,Tomato leaf yellow virus,179,64,519,321
tomato-late-blight-sporulation-on-a-tomato-leaflet-picture-id81781370-s-612x612_jpg.rf.1b3a81909167a70e96ec61bee555e234.jpg,640,640,Tomato leaf mosaic virus,151,163,483,435
leaf_mold1_jpg.rf.50cf1853dfcfa5390f646da0c9f0d8b4.jpg,640,640,Tomato mold leaf,345,64,633,602
leaf_mold1_jpg.rf.50cf1853dfcfa5390f646da0c9f0d8b4.jpg,640,640,Tomato mold leaf,0,212,308,615
tylcv_jpg.rf.46e8f365606326fead1280596395a700.jpg,640,640,Tomato leaf bacterial spot,307,358,416,460
tylcv_jpg.rf.46e8f365606326fead1280596395a700.jpg,640,640,Tomato leaf bacterial spot,326,237,423,332
tylcv_jpg.rf.46e8f365606326fead1280596395a700.jpg,640,640,Tomato leaf bacterial spot,359,205,436,294
tylcv_jpg.rf.46e8f365606326fead1280596395a700.jpg,640,640,Tomato leaf bacterial spot,333,108,416,161
tylcv_jpg.rf.46e8f365606326fead1280596395a700.jpg,640,640,Tomato leaf bacterial spot,300,45,352,166
tylcv_jpg.rf.46e8f365606326fead1280596395a700.jpg,640,640,Tomato leaf bacterial spot,218,128,295,199
tylcv_jpg.rf.46e8f365606326fead1280596395a700.jpg,640,640,Tomato leaf bacterial spot,26,403,180,512
tylcv_jpg.rf.46e8f365606326fead1280596395a700.jpg,640,640,Tomato leaf bacterial spot,25,365,167,429
tylcv_jpg.rf.46e8f365606326fead1280596395a700.jpg,640,640,Tomato leaf bacterial spot,95,218,154,339
tylcv_jpg.rf.46e8f365606326fead1280596395a700.jpg,640,640,Tomato leaf bacterial spot,19,256,135,378
tomato-yellow-leaf-curl-virus-symptoms-on-tomato-leaves-on-plants-AXKWFY_jpg.rf.fb6db1eeb1ca98482f6c732a4b27dfea.jpg,640,640,Tomato leaf bacterial spot,328,450,439,619
tomato-yellow-leaf-curl-virus-symptoms-on-tomato-leaves-on-plants-AXKWFY_jpg.rf.fb6db1eeb1ca98482f6c732a4b27dfea.jpg,640,640,Tomato leaf bacterial spot,474,475,605,592
tomato-yellow-leaf-curl-virus-symptoms-on-tomato-leaves-on-plants-AXKWFY_jpg.rf.fb6db1eeb1ca98482f6c732a4b27dfea.jpg,640,640,Tomato leaf,268,396,324,449
tomato-yellow-leaf-curl-virus-symptoms-on-tomato-leaves-on-plants-AXKWFY_jpg.rf.fb6db1eeb1ca98482f6c732a4b27dfea.jpg,640,640,Tomato leaf bacterial spot,472,383,619,485
tomato-yellow-leaf-curl-virus-symptoms-on-tomato-leaves-on-plants-AXKWFY_jpg.rf.fb6db1eeb1ca98482f6c732a4b27dfea.jpg,640,640,Tomato leaf,219,280,287,323
tomato-yellow-leaf-curl-virus-symptoms-on-tomato-leaves-on-plants-AXKWFY_jpg.rf.fb6db1eeb1ca98482f6c732a4b27dfea.jpg,640,640,Tomato leaf,268,261,326,312
tomato-yellow-leaf-curl-virus-symptoms-on-tomato-leaves-on-plants-AXKWFY_jpg.rf.fb6db1eeb1ca98482f6c732a4b27dfea.jpg,640,640,Tomato leaf,400,268,485,348
tomato-yellow-leaf-curl-virus-symptoms-on-tomato-leaves-on-plants-AXKWFY_jpg.rf.fb6db1eeb1ca98482f6c732a4b27dfea.jpg,640,640,Tomato leaf,256,203,313,289
tomato-yellow-leaf-curl-virus-symptoms-on-tomato-leaves-on-plants-AXKWFY_jpg.rf.fb6db1eeb1ca98482f6c732a4b27dfea.jpg,640,640,Tomato leaf,213,189,287,273
tomato-yellow-leaf-curl-virus-symptoms-on-tomato-leaves-on-plants-AXKWFY_jpg.rf.fb6db1eeb1ca98482f6c732a4b27dfea.jpg,640,640,Tomato leaf bacterial spot,88,67,206,258
tomato-yellow-leaf-curl-virus-symptoms-on-tomato-leaves-on-plants-AXKWFY_jpg.rf.fb6db1eeb1ca98482f6c732a4b27dfea.jpg,640,640,Tomato leaf bacterial spot,140,65,266,173
tomato-yellow-leaf-curl-virus-symptoms-on-tomato-leaves-on-plants-AXKWFY_jpg.rf.fb6db1eeb1ca98482f6c732a4b27dfea.jpg,640,640,Tomato leaf bacterial spot,255,39,354,167
Figure-3-7_jpg.rf.7120bdb3ad847f94a591c0ddd20377f1.jpg,640,640,Tomato leaf late blight,76,279,538,453
tomato-badleaves_jpg.rf.c1861c34e1c398ae237e9611122b0eba.jpg,640,640,Tomato Septoria leaf spot,132,25,292,228
tomato-badleaves_jpg.rf.c1861c34e1c398ae237e9611122b0eba.jpg,640,640,Tomato Septoria leaf spot,422,79,520,270
tomato-badleaves_jpg.rf.c1861c34e1c398ae237e9611122b0eba.jpg,640,640,Tomato Septoria leaf spot,309,89,429,386
tomato-badleaves_jpg.rf.c1861c34e1c398ae237e9611122b0eba.jpg,640,640,Tomato Septoria leaf spot,165,151,276,378
tomato-badleaves_jpg.rf.c1861c34e1c398ae237e9611122b0eba.jpg,640,640,Tomato Septoria leaf spot,92,191,196,354
tomato-badleaves_jpg.rf.c1861c34e1c398ae237e9611122b0eba.jpg,640,640,Tomato Septoria leaf spot,49,405,171,593
tomato-badleaves_jpg.rf.c1861c34e1c398ae237e9611122b0eba.jpg,640,640,Tomato Septoria leaf spot,210,453,307,619
tomato-badleaves_jpg.rf.41c78b06cdb54d2f8764e75a71148279.jpg,640,640,Tomato Septoria leaf spot,436,90,525,276
tomato-badleaves_jpg.rf.41c78b06cdb54d2f8764e75a71148279.jpg,640,640,Tomato Septoria leaf spot,147,25,295,218
tomato-badleaves_jpg.rf.41c78b06cdb54d2f8764e75a71148279.jpg,640,640,Tomato Septoria leaf spot,173,147,276,371
tomato-badleaves_jpg.rf.41c78b06cdb54d2f8764e75a71148279.jpg,640,640,Tomato Septoria leaf spot,96,186,193,346
tomato-badleaves_jpg.rf.41c78b06cdb54d2f8764e75a71148279.jpg,640,640,Tomato Septoria leaf spot,199,455,288,615
tomato-badleaves_jpg.rf.41c78b06cdb54d2f8764e75a71148279.jpg,640,640,Tomato Septoria leaf spot,45,396,160,582
tomato-badleaves_jpg.rf.41c78b06cdb54d2f8764e75a71148279.jpg,640,640,Tomato Septoria leaf spot,320,96,442,410
late-blight-tomato_jpg.rf.893babef2d288b97b2e6a6638aee4b49.jpg,640,640,Tomato leaf mosaic virus,30,313,333,638
late-blight-tomato_jpg.rf.893babef2d288b97b2e6a6638aee4b49.jpg,640,640,Tomato leaf mosaic virus,389,385,640,625
8915974546_00664cefe3_z_jpg.rf.6b8fe3ceb61624614f625c9cb63ffc76.jpg,640,640,Tomato mold leaf,120,148,494,491
xgray-leaf-spot_jpg_pagespeed_ic_ltF8KfKtQ1_jpg.rf.bee4e7314c9ea0f82fd44969aec70488.jpg,640,640,Tomato Septoria leaf spot,308,0,634,134
xgray-leaf-spot_jpg_pagespeed_ic_ltF8KfKtQ1_jpg.rf.bee4e7314c9ea0f82fd44969aec70488.jpg,640,640,Tomato Septoria leaf spot,372,512,621,634
xgray-leaf-spot_jpg_pagespeed_ic_ltF8KfKtQ1_jpg.rf.bee4e7314c9ea0f82fd44969aec70488.jpg,640,640,Tomato Septoria leaf spot,0,391,211,634
xgray-leaf-spot_jpg_pagespeed_ic_ltF8KfKtQ1_jpg.rf.bee4e7314c9ea0f82fd44969aec70488.jpg,640,640,Tomato Septoria leaf spot,18,0,236,192
xgray-leaf-spot_jpg_pagespeed_ic_ltF8KfKtQ1_jpg.rf.bee4e7314c9ea0f82fd44969aec70488.jpg,640,640,Tomato Septoria leaf spot,77,276,231,347
xgray-leaf-spot_jpg_pagespeed_ic_ltF8KfKtQ1_jpg.rf.bee4e7314c9ea0f82fd44969aec70488.jpg,640,640,Tomato Septoria leaf spot,275,326,634,525
xgray-leaf-spot_jpg_pagespeed_ic_ltF8KfKtQ1_jpg.rf.bee4e7314c9ea0f82fd44969aec70488.jpg,640,640,Tomato Septoria leaf spot,289,243,423,320
xgray-leaf-spot_jpg_pagespeed_ic_ltF8KfKtQ1_jpg.rf.bee4e7314c9ea0f82fd44969aec70488.jpg,640,640,Tomato Septoria leaf spot,333,159,627,333
607-155-1_jpg.rf.335a31052db3b4a3406f5753d966b06e.jpg,640,640,Tomato mold leaf,35,9,639,586
img_1028_jpg.rf.71d17d792532618c0dad00e52233b80c.jpg,640,640,Tomato leaf bacterial spot,41,61,504,639
IMG_2436w_jpg.rf.f60be0a0b467d853ac49738409a7ecd5.jpg,640,640,Tomato Early blight leaf,144,33,538,456
IMG_3175_jpg.rf.49ebb77296bbbbd93075e76c16aedb8d.jpg,640,640,Tomato leaf late blight,67,41,491,512
IMG_3175_jpg.rf.49ebb77296bbbbd93075e76c16aedb8d.jpg,640,640,Tomato leaf late blight,427,147,573,496
lb_leaf_lesions4x1200_jpg.rf.b8f4ad03c153edca821c88edac362cd4.jpg,640,640,Tomato leaf yellow virus,13,211,422,634
Bacterial_spots1300_jpg.rf.5aaca76b442981feae9a10a2666ed9ae.jpg,640,640,Tomato leaf late blight,142,122,570,536
lb_leaf_lesions4x1200_jpg.rf.c8a83a54de3d3eb5df8dc9fd95b5a640.jpg,640,640,Tomato leaf yellow virus,12,211,417,638
Leaf-Mold-upper-leaf-surface_jpg.rf.2260ade71bbe25739597d95660f74fa4.jpg,640,640,Tomato mold leaf,45,194,129,338
Leaf-Mold-upper-leaf-surface_jpg.rf.2260ade71bbe25739597d95660f74fa4.jpg,640,640,Tomato mold leaf,94,231,140,363
Leaf-Mold-upper-leaf-surface_jpg.rf.2260ade71bbe25739597d95660f74fa4.jpg,640,640,Tomato mold leaf,383,143,435,299
Leaf-Mold-upper-leaf-surface_jpg.rf.2260ade71bbe25739597d95660f74fa4.jpg,640,640,Tomato mold leaf,457,265,557,369
Leaf-Mold-upper-leaf-surface_jpg.rf.2260ade71bbe25739597d95660f74fa4.jpg,640,640,Tomato mold leaf,494,354,565,440
Leaf-Mold-upper-leaf-surface_jpg.rf.2260ade71bbe25739597d95660f74fa4.jpg,640,640,Tomato mold leaf,443,363,514,435
Leaf-Mold-upper-leaf-surface_jpg.rf.2260ade71bbe25739597d95660f74fa4.jpg,640,640,Tomato mold leaf,419,311,462,392
Leaf-Mold-upper-leaf-surface_jpg.rf.2260ade71bbe25739597d95660f74fa4.jpg,640,640,Tomato mold leaf,157,220,205,249
Leaf-Mold-upper-leaf-surface_jpg.rf.2260ade71bbe25739597d95660f74fa4.jpg,640,640,Tomato mold leaf,223,211,268,255
Leaf-Mold-upper-leaf-surface_jpg.rf.2260ade71bbe25739597d95660f74fa4.jpg,640,640,Tomato mold leaf,245,251,263,305
Leaf-Mold-upper-leaf-surface_jpg.rf.2260ade71bbe25739597d95660f74fa4.jpg,640,640,Tomato mold leaf,200,288,248,322
Leaf-Mold-upper-leaf-surface_jpg.rf.2260ade71bbe25739597d95660f74fa4.jpg,640,640,Tomato mold leaf,179,367,216,456
Leaf-Mold-upper-leaf-surface_jpg.rf.2260ade71bbe25739597d95660f74fa4.jpg,640,640,Tomato mold leaf,123,287,195,456
Leaf-Mold-upper-leaf-surface_jpg.rf.2260ade71bbe25739597d95660f74fa4.jpg,640,640,Tomato mold leaf,203,328,262,405
Leaf-Mold-upper-leaf-surface_jpg.rf.2260ade71bbe25739597d95660f74fa4.jpg,640,640,Tomato mold leaf,269,243,360,315
Leaf-Mold-upper-leaf-surface_jpg.rf.2260ade71bbe25739597d95660f74fa4.jpg,640,640,Tomato mold leaf,345,265,391,348
636368370164094909-late-blight-15-_jpg.rf.24af96df03d1656d9a71fad2abaee30e.jpg,640,640,Tomato leaf mosaic virus,145,111,527,462
3bacterial-canker1_jpg.rf.22c90767e6a6cd76b1996f4c88b747c6.jpg,640,640,Tomato leaf mosaic virus,134,153,351,633
3606630_jpg.rf.e1aa39125d9c01718e2af5e0c9ba2766.jpg,640,640,Tomato Early blight leaf,210,106,573,637
6078710516023296_jpeg_jpg.rf.42ef66ee37c2086f20c79b4c9843d356.jpg,640,640,Tomato Septoria leaf spot,93,86,639,543
Figure-3-7_jpg.rf.7948f170f30b46d54d81a44841047f8b.jpg,640,640,Tomato leaf late blight,102,181,567,368
bac_spot_tomato_leaf_l_jpg.rf.0ebf48f68f6e425a3d90682ab5454064.jpg,640,640,Tomato leaf late blight,66,71,640,489
tomato-leaf-20728368_jpg.rf.77f3609e1139a050222311d8d632c6b6.jpg,640,640,Tomato leaf late blight,378,198,538,333
tomato-leaf-20728368_jpg.rf.77f3609e1139a050222311d8d632c6b6.jpg,640,640,Tomato leaf late blight,282,102,468,218
tomato-leaf-20728368_jpg.rf.77f3609e1139a050222311d8d632c6b6.jpg,640,640,Tomato leaf late blight,429,384,609,531
tomato-leaf-20728368_jpg.rf.77f3609e1139a050222311d8d632c6b6.jpg,640,640,Tomato leaf late blight,288,326,384,545
tomato-leaf-20728368_jpg.rf.77f3609e1139a050222311d8d632c6b6.jpg,640,640,Tomato leaf late blight,199,300,308,518
tomato-leaf-20728368_jpg.rf.77f3609e1139a050222311d8d632c6b6.jpg,640,640,Tomato leaf late blight,148,263,237,423
tomato-leaf-20728368_jpg.rf.77f3609e1139a050222311d8d632c6b6.jpg,640,640,Tomato leaf late blight,89,33,225,179
6242739939180544_jpeg_jpg.rf.161bc708af97ab4bb7dd3c39bf091209.jpg,640,640,Tomato Septoria leaf spot,3,142,492,439
early-blight-pp-labeled_orig_jpg.rf.3a886a21260fb1f2aec13c8e41f4b2a1.jpg,640,640,Tomato Early blight leaf,193,91,527,598
leaf_mold_nightshade1x500_jpg.rf.24bdd624f6e0e62747ffc8227db2ef1e.jpg,640,640,Tomato mold leaf,3,0,639,640
Tomato-Late-BlightBM_jpg.rf.49243a4c59ccecd4b54360a1517e4218.jpg,640,640,Tomato leaf mosaic virus,177,78,503,419
septoria5_jpg.rf.e9cb8e541ee4d9eb082968a984d04e09.jpg,640,640,Tomato Septoria leaf spot,67,131,595,591
Figure-3-7_jpg.rf.a05330e906ea640c2f4e6db0b17a503f.jpg,640,640,Tomato leaf mosaic virus,263,365,449,602
Figure-3-7_jpg.rf.a05330e906ea640c2f4e6db0b17a503f.jpg,640,640,Tomato leaf mosaic virus,71,96,557,455
Leafspotx450xBugwood_jpg.rf.6df16bb72a66e10daacdb8904afd9807.jpg,640,640,Tomato leaf mosaic virus,46,460,274,637
Leafspotx450xBugwood_jpg.rf.6df16bb72a66e10daacdb8904afd9807.jpg,640,640,Tomato leaf mosaic virus,374,143,631,634
Leafspotx450xBugwood_jpg.rf.6df16bb72a66e10daacdb8904afd9807.jpg,640,640,Tomato leaf mosaic virus,135,6,397,466
6447731_orig_jpg.rf.6c7fbfff9f910218c0f58d4462bf66d5.jpg,640,640,Tomato Septoria leaf spot,103,0,640,546
BCH-20medium-20thumbnail-20for-20upload-20-2814-29_jpg.rf.d7a917499d27c9ecddcc80930a0ed921.jpg,640,640,Tomato leaf late blight,189,223,486,477
BCH-20medium-20thumbnail-20for-20upload-20-2814-29_jpg.rf.d7a917499d27c9ecddcc80930a0ed921.jpg,640,640,Tomato leaf late blight,282,428,507,619
Leaf-mold-web_jpg.rf.59dcbcc99ae9d54bcbb93d7e1145b97a.jpg,640,640,Tomato mold leaf,244,518,345,634
Leaf-mold-web_jpg.rf.59dcbcc99ae9d54bcbb93d7e1145b97a.jpg,640,640,Tomato mold leaf,0,69,115,505
Leaf-mold-web_jpg.rf.59dcbcc99ae9d54bcbb93d7e1145b97a.jpg,640,640,Tomato mold leaf,289,19,493,633
Leaf-mold-web_jpg.rf.59dcbcc99ae9d54bcbb93d7e1145b97a.jpg,640,640,Tomato mold leaf,70,26,244,615
tomato-blight-phytophthora-infestans-early-stages-on-tomato-plant-b5n952_jpg.rf.3a8ea06b6d179726b46291b0ba51841c.jpg,640,640,Tomato Early blight leaf,193,119,333,262
tomato-blight-phytophthora-infestans-early-stages-on-tomato-plant-b5n952_jpg.rf.3a8ea06b6d179726b46291b0ba51841c.jpg,640,640,Tomato Early blight leaf,301,328,464,442
tomato-blight-phytophthora-infestans-early-stages-on-tomato-plant-b5n952_jpg.rf.3a8ea06b6d179726b46291b0ba51841c.jpg,640,640,Tomato Early blight leaf,475,382,606,538
3-tomato-mosaic-virus_web_jpg.rf.387c7663e8e72a5d82baf8f885ce27ca.jpg,640,640,Tomato leaf,514,402,638,523
3-tomato-mosaic-virus_web_jpg.rf.387c7663e8e72a5d82baf8f885ce27ca.jpg,640,640,Tomato leaf,254,220,292,295
3-tomato-mosaic-virus_web_jpg.rf.387c7663e8e72a5d82baf8f885ce27ca.jpg,640,640,Tomato leaf,377,165,498,399
3-tomato-mosaic-virus_web_jpg.rf.387c7663e8e72a5d82baf8f885ce27ca.jpg,640,640,Tomato leaf,237,330,469,473
3-tomato-mosaic-virus_web_jpg.rf.387c7663e8e72a5d82baf8f885ce27ca.jpg,640,640,Tomato leaf,9,390,137,473
3-tomato-mosaic-virus_web_jpg.rf.387c7663e8e72a5d82baf8f885ce27ca.jpg,640,640,Tomato leaf,177,326,241,380
Tomato-20bacterial-20spot-20closeup-050S-JPG_jpg.rf.281cb35a3a573ba108b77e5b5baca53e.jpg,640,640,Tomato Septoria leaf spot,7,121,635,624
Leaf-mold-caused-by-the-fungal-pathogen-Passalore-fulva-in-tomatoes_jpg.rf.68608bea651824c7f2f1cd72398a8d2c.jpg,640,640,Tomato mold leaf,180,331,363,597
Leaf-mold-caused-by-the-fungal-pathogen-Passalore-fulva-in-tomatoes_jpg.rf.68608bea651824c7f2f1cd72398a8d2c.jpg,640,640,Tomato mold leaf,252,292,483,637
Leaf-mold-caused-by-the-fungal-pathogen-Passalore-fulva-in-tomatoes_jpg.rf.68608bea651824c7f2f1cd72398a8d2c.jpg,640,640,Tomato mold leaf,449,298,640,639
Leaf-mold-caused-by-the-fungal-pathogen-Passalore-fulva-in-tomatoes_jpg.rf.68608bea651824c7f2f1cd72398a8d2c.jpg,640,640,Tomato mold leaf,5,46,377,459
Leaf-mold-caused-by-the-fungal-pathogen-Passalore-fulva-in-tomatoes_jpg.rf.68608bea651824c7f2f1cd72398a8d2c.jpg,640,640,Tomato mold leaf,569,134,640,315
IMG_5368_jpg.rf.c2dc2a8fccdc124c831388e0a312d24f.jpg,640,640,Tomato leaf mosaic virus,263,309,579,583
TYLCV4_jpg.rf.c34da5c327ff389c26a29fbb433ea779.jpg,640,640,Tomato leaf,492,164,616,258
TYLCV4_jpg.rf.c34da5c327ff389c26a29fbb433ea779.jpg,640,640,Tomato leaf,332,156,466,242
TYLCV4_jpg.rf.c34da5c327ff389c26a29fbb433ea779.jpg,640,640,Tomato leaf,393,250,481,385
TYLCV4_jpg.rf.c34da5c327ff389c26a29fbb433ea779.jpg,640,640,Tomato leaf,265,217,390,397
TYLCV4_jpg.rf.c34da5c327ff389c26a29fbb433ea779.jpg,640,640,Tomato leaf,456,36,550,152
leaf_mold1_jpg.rf.00ed60bc165de84a2bede4c36bb9784e.jpg,640,640,Tomato mold leaf,343,65,639,603
leaf_mold1_jpg.rf.00ed60bc165de84a2bede4c36bb9784e.jpg,640,640,Tomato mold leaf,2,213,305,616
EBTomato_jpg.rf.03d094c02f570a44ce2bb04bc1f798cb.jpg,640,640,Tomato Early blight leaf,161,4,507,618
vdu-tomato-sept-eb-285x300_jpg.rf.98f675a31c0b99ba1f124695ea321a71.jpg,640,640,Tomato Septoria leaf spot,442,340,500,506
vdu-tomato-sept-eb-285x300_jpg.rf.98f675a31c0b99ba1f124695ea321a71.jpg,640,640,Tomato Septoria leaf spot,326,352,448,615
vdu-tomato-sept-eb-285x300_jpg.rf.98f675a31c0b99ba1f124695ea321a71.jpg,640,640,Tomato Septoria leaf spot,403,115,468,320
vdu-tomato-sept-eb-285x300_jpg.rf.98f675a31c0b99ba1f124695ea321a71.jpg,640,640,Tomato Septoria leaf spot,448,13,628,295
vdu-tomato-sept-eb-285x300_jpg.rf.98f675a31c0b99ba1f124695ea321a71.jpg,640,640,Tomato Septoria leaf spot,428,345,627,633
IMG_5360_jpg.rf.2c22be8f6accc087fc7dece7a46d2708.jpg,640,640,Tomato leaf yellow virus,314,57,608,589
IMG_5360_jpg.rf.2c22be8f6accc087fc7dece7a46d2708.jpg,640,640,Tomato leaf yellow virus,57,122,237,550
Bacterial_spots586_jpg.rf.f55f878d82c97ee4b298b17ff7f1913b.jpg,640,640,Tomato leaf mosaic virus,89,77,308,506
Bacterial_spots586_jpg.rf.f55f878d82c97ee4b298b17ff7f1913b.jpg,640,640,Tomato leaf mosaic virus,326,185,551,633
6134794031202304-600x272-jpeg_jpg.rf.c8cf3cacba7dea9fa7c8aa050f629335.jpg,640,640,Tomato Septoria leaf spot,7,0,480,638
6134794031202304-600x272-jpeg_jpg.rf.c8cf3cacba7dea9fa7c8aa050f629335.jpg,640,640,Tomato Septoria leaf spot,347,203,616,640
Tomato-Late-BlightBM_jpg.rf.de1b14ef4f5690fd6ed2bd37f432b62f.jpg,640,640,Tomato leaf mosaic virus,112,72,463,436
2013-08-20-06_jpg.rf.7bee00b8abde8e054b16bb84f0b4ecff.jpg,640,640,Tomato leaf late blight,339,372,596,576
2013-08-20-06_jpg.rf.7bee00b8abde8e054b16bb84f0b4ecff.jpg,640,640,Tomato leaf late blight,161,135,262,416
2013-08-20-06_jpg.rf.7bee00b8abde8e054b16bb84f0b4ecff.jpg,640,640,Tomato leaf late blight,410,160,595,294
tomato-blight_jpg.rf.11411573edf0a3afdd36c2b22c4be5d8.jpg,640,640,Tomato leaf yellow virus,14,9,294,331
tomato-blight_jpg.rf.11411573edf0a3afdd36c2b22c4be5d8.jpg,640,640,Tomato leaf yellow virus,3,253,259,622
leafmoldtomato2_jpg.rf.950896831fac5d560e9fd5aea49768f5.jpg,640,640,Tomato mold leaf,0,13,634,621
tomato-blight_jpg.rf.5cc76698dbf7da63c81a1566373302be.jpg,640,640,Tomato leaf mosaic virus,392,376,623,639
tomato-blight_jpg.rf.5cc76698dbf7da63c81a1566373302be.jpg,640,640,Tomato leaf mosaic virus,346,92,639,339
tomato-late-blight-phytophthora-infestans-necrosis-sporulation-on-a-tomato-leaf-underside-X5YDDP_jpg.rf.92c15e79928d1cc3e6087584e17f20dc.jpg,640,640,Tomato leaf yellow virus,379,100,639,328
tomato-late-blight-phytophthora-infestans-necrosis-sporulation-on-a-tomato-leaf-underside-X5YDDP_jpg.rf.92c15e79928d1cc3e6087584e17f20dc.jpg,640,640,Tomato leaf yellow virus,308,303,543,589
tomato-late-blight-phytophthora-infestans-necrosis-sporulation-on-a-tomato-leaf-underside-X5YDDP_jpg.rf.92c15e79928d1cc3e6087584e17f20dc.jpg,640,640,Tomato leaf yellow virus,12,113,363,342
Basil-2Binfected-2Bby-2BTomato-2BSpotted-2BWilt-2BVirus_jpg.rf.320003e3e778c58d6e8e0327f4a6f1b0.jpg,640,640,Tomato leaf late blight,51,13,320,442
Basil-2Binfected-2Bby-2BTomato-2BSpotted-2BWilt-2BVirus_jpg.rf.320003e3e778c58d6e8e0327f4a6f1b0.jpg,640,640,Tomato leaf late blight,193,82,513,416
Septoria-2Bleaf-2Bspot-tomato-JPG_jpg.rf.0423c189ac527599e3aa92ebf757d62a.jpg,640,640,Tomato Septoria leaf spot,0,179,337,499
Septoria-2Bleaf-2Bspot-tomato-JPG_jpg.rf.0423c189ac527599e3aa92ebf757d62a.jpg,640,640,Tomato Septoria leaf spot,288,31,637,522
tdisease7_jpg.rf.e40e238f59f0431e20cb51f84afbb91c.jpg,640,640,Tomato mold leaf,340,0,489,238
tdisease7_jpg.rf.e40e238f59f0431e20cb51f84afbb91c.jpg,640,640,Tomato mold leaf,228,66,354,262
tdisease7_jpg.rf.e40e238f59f0431e20cb51f84afbb91c.jpg,640,640,Tomato mold leaf,467,83,624,263
tdisease7_jpg.rf.e40e238f59f0431e20cb51f84afbb91c.jpg,640,640,Tomato mold leaf,73,156,242,362
tdisease7_jpg.rf.e40e238f59f0431e20cb51f84afbb91c.jpg,640,640,Tomato mold leaf,313,308,465,421
tdisease7_jpg.rf.e40e238f59f0431e20cb51f84afbb91c.jpg,640,640,Tomato mold leaf,59,365,339,604
tdisease7_jpg.rf.e40e238f59f0431e20cb51f84afbb91c.jpg,640,640,Tomato mold leaf,285,420,563,638
leaf_mold_tomato2x1200_jpg.rf.20abc74a8d92572a9b6fe7fb207eb665.jpg,640,640,Tomato mold leaf,0,173,638,638
leaf_mold_tomato2x1200_jpg.rf.20abc74a8d92572a9b6fe7fb207eb665.jpg,640,640,Tomato mold leaf,10,5,238,194
early-blight-or-target-spot-alternaria-solani-lesions-on-a-tomato-BY9J8R_jpg.rf.6f14832d6f3e31edb62d3a8ce4231e94.jpg,640,640,Tomato Early blight leaf,131,22,522,556
2STEM_jpg.rf.d551f7ce50c537b644b13f1f60e39ad4.jpg,640,640,Tomato Septoria leaf spot,70,6,576,628
Leafspotx450xBugwood_jpg.rf.ca8b3218695cf578bb52e4e33463ad76.jpg,640,640,Tomato Septoria leaf spot,223,0,517,469
Leafspotx450xBugwood_jpg.rf.ca8b3218695cf578bb52e4e33463ad76.jpg,640,640,Tomato Septoria leaf spot,0,143,289,639
Leafspotx450xBugwood_jpg.rf.ca8b3218695cf578bb52e4e33463ad76.jpg,640,640,Tomato Septoria leaf spot,376,437,618,631
lb_leaf_lesions4x1200_jpg.rf.01aba64a8613bc67458671a458c8e593.jpg,640,640,Tomato leaf mosaic virus,209,175,569,592
bacterialLeafSpot04-xqxm03_jpg.rf.389f902159f23a4ed609ea48d4be138f.jpg,640,640,Tomato leaf late blight,349,154,640,598
bacterialLeafSpot04-xqxm03_jpg.rf.389f902159f23a4ed609ea48d4be138f.jpg,640,640,Tomato leaf late blight,0,71,452,577
05-069f9_jpg.rf.19f1c30e3621be93e195bcb8ad8327c9.jpg,640,640,Tomato leaf mosaic virus,119,60,613,460
septoria3_jpg.rf.f5f982ae92dbf260f18e3f5010fbd6c6.jpg,640,640,Tomato Septoria leaf spot,10,43,639,485
septoria3_jpg.rf.8c898a673c7802fa6111ad073658267b.jpg,640,640,Tomato Septoria leaf spot,9,185,620,572
EBTomato_jpg.rf.06b3dc6f2d5cba7a2196bb35a39299e3.jpg,640,640,Tomato Early blight leaf,25,6,621,634
tomato-blight-phytophthora-infestans-early-stages-on-tomato-plant-b5n952_jpg.rf.46353bbf9864a302523548d204e4cd82.jpg,640,640,Tomato Early blight leaf,316,365,472,520
tomato-blight-phytophthora-infestans-early-stages-on-tomato-plant-b5n952_jpg.rf.46353bbf9864a302523548d204e4cd82.jpg,640,640,Tomato Early blight leaf,164,196,338,330
tomato-blight-phytophthora-infestans-early-stages-on-tomato-plant-b5n952_jpg.rf.46353bbf9864a302523548d204e4cd82.jpg,640,640,Tomato Early blight leaf,11,123,158,292
tomato-late-blight-phytophthora-infestans-necrosis-sporulation-on-a-tomato-leaf-underside-XA233C_jpg.rf.81fbdc0204f6601fc1987add5332184d.jpg,640,640,Tomato leaf yellow virus,83,83,595,506
leaf_mold_nightshade1x500_jpg.rf.196f52175b2bc4f07feefcc620aa5c11.jpg,640,640,Tomato mold leaf,0,0,638,638
18c_jpg.rf.42862dbb8517002bb6ac04e150691a8f.jpg,640,640,Tomato leaf yellow virus,26,32,589,615
600_jpg.rf.ec080b3cc8f92dffab1b725f9cb479a7.jpg,640,640,Tomato leaf yellow virus,76,262,615,627
Tomato-Late-BlightBM_jpg.rf.1a0b4c3d0dbbbdaf43bb8f3466c7597c.jpg,640,640,Tomato leaf yellow virus,5,105,639,631
Tomato-blight-large_jpg.rf.2574b8f35caca5113f86fcae4413bbe7.jpg,640,640,Tomato Early blight leaf,85,0,613,600
Sept9-300x225_jpg.rf.f825f6ffc4aa03db139d39c5989dabbb.jpg,640,640,Tomato Septoria leaf spot,53,56,569,569
early-blight-on-leaf-yel-halo-IMG_2313_JPG_jpg.rf.70bd4a94d89df9b8e6a05b3caf1bda4d.jpg,640,640,Tomato Septoria leaf spot,19,13,615,621
Basil-2Binfected-2Bby-2BTomato-2BSpotted-2BWilt-2BVirus_jpg.rf.12b5bc43fbf225ceacdc74bbd25ab572.jpg,640,640,Tomato leaf late blight,48,13,320,439
Basil-2Binfected-2Bby-2BTomato-2BSpotted-2BWilt-2BVirus_jpg.rf.12b5bc43fbf225ceacdc74bbd25ab572.jpg,640,640,Tomato leaf late blight,194,81,511,417
IMG_5368_jpg.rf.111f027b5d0ead5771feee34c1dfc9de.jpg,640,640,Tomato leaf mosaic virus,263,57,583,335
leaf_mold_tomato1x1200_jpg.rf.839817f932bc69c41c5bb9d641bf7a9e.jpg,640,640,Tomato mold leaf,0,0,638,638
IMG_0591_jpg.rf.c61dad49d36e2c95a8d48438632c2ee3.jpg,640,640,Tomato Early blight leaf,0,244,638,638
leafspot-5aba8283642dca003687f6fa_jpg.rf.f7cff6cff5f7486c2c292137ef35a6ad.jpg,640,640,Tomato Septoria leaf spot,7,49,296,357
leafspot-5aba8283642dca003687f6fa_jpg.rf.f7cff6cff5f7486c2c292137ef35a6ad.jpg,640,640,Tomato Septoria leaf spot,281,260,528,640
leafspot-5aba8283642dca003687f6fa_jpg.rf.f7cff6cff5f7486c2c292137ef35a6ad.jpg,640,640,Tomato Septoria leaf spot,352,1,639,184
8226402877_9abf151b5b_b_jpg.rf.16ba2e438279a7893bf67c4b5c9b155c.jpg,640,640,Tomato leaf bacterial spot,301,448,390,595
8226402877_9abf151b5b_b_jpg.rf.16ba2e438279a7893bf67c4b5c9b155c.jpg,640,640,Tomato leaf bacterial spot,243,128,359,205
8226402877_9abf151b5b_b_jpg.rf.16ba2e438279a7893bf67c4b5c9b155c.jpg,640,640,Tomato leaf bacterial spot,493,96,621,256
8226402877_9abf151b5b_b_jpg.rf.16ba2e438279a7893bf67c4b5c9b155c.jpg,640,640,Tomato leaf bacterial spot,134,224,281,378
8226402877_9abf151b5b_b_jpg.rf.16ba2e438279a7893bf67c4b5c9b155c.jpg,640,640,Tomato leaf bacterial spot,378,242,473,416
late-blight-tomato_jpg.rf.c05d649d45df614f3a6fde5a4c68694a.jpg,640,640,Tomato leaf yellow virus,352,6,634,186
late-blight-tomato_jpg.rf.c05d649d45df614f3a6fde5a4c68694a.jpg,640,640,Tomato leaf yellow virus,0,7,320,576
6447731_orig_jpg.rf.095042c0047fffee9edf75a5bb62bc17.jpg,640,640,Tomato Septoria leaf spot,11,8,598,574
tomato-late-blight-phytophthora-infestans-necrosis-sporulation-on-a-tomato-leaf-underside-XA233C_jpg.rf.4d9ce8424519a4a8371b2eb29a8f2814.jpg,640,640,Tomato leaf yellow virus,86,85,594,506
leaf_mold_tomato1x1200_jpg.rf.e60902139169576c4c14c8cbeabcad4a.jpg,640,640,Tomato mold leaf,0,0,638,638
tomato-blight-treatment-blight_jpg.rf.823a46f06f4d4eafe1611a9ef6d646fc.jpg,640,640,Tomato Septoria leaf spot,66,201,640,634
Tomato-Late-BlightBM_jpg.rf.084d91d264c99f947d62bff14640a2ae.jpg,640,640,Tomato leaf mosaic virus,133,67,479,427
early-blight-pp-labeled_orig_jpg.rf.6fe5126363a23cc8f85875dc4b30a04a.jpg,640,640,Tomato Early blight leaf,118,93,437,592
leaf_mold_nightshade1x500_jpg.rf.2526bf65d46629c54dff146f2ff35653.jpg,640,640,Tomato mold leaf,0,0,638,638
Leaf-20spot_jpg.rf.79d5e1c5a41ac8df80f529ce1d79a85c.jpg,640,640,Tomato Septoria leaf spot,0,63,609,639
early-blight-or-target-spot-alternaria-solani-lesions-on-a-tomato-AXK6AY_jpg.rf.254902ff4432149098732a4a9243cf9e.jpg,640,640,Tomato Early blight leaf,16,140,615,554
6447731_orig_jpg.rf.803108a86418eee661b6ed6d16a4ff9c.jpg,640,640,Tomato Septoria leaf spot,13,7,596,576
tomato-late-blight-sporulation-on-a-tomato-leaflet-picture-id81781370-s-612x612_jpg.rf.8393c88e01c7c33bebc90517515a8b15.jpg,640,640,Tomato leaf mosaic virus,159,201,496,478
glyphosate_jpg.rf.4bfc79351c5746cfed57aeb6bf8df489.jpg,640,640,Tomato leaf bacterial spot,436,165,550,271
glyphosate_jpg.rf.4bfc79351c5746cfed57aeb6bf8df489.jpg,640,640,Tomato leaf bacterial spot,559,162,633,305
glyphosate_jpg.rf.4bfc79351c5746cfed57aeb6bf8df489.jpg,640,640,Tomato leaf bacterial spot,271,135,342,228
glyphosate_jpg.rf.4bfc79351c5746cfed57aeb6bf8df489.jpg,640,640,Tomato leaf bacterial spot,119,79,206,170
glyphosate_jpg.rf.4bfc79351c5746cfed57aeb6bf8df489.jpg,640,640,Tomato leaf bacterial spot,25,328,109,449
glyphosate_jpg.rf.4bfc79351c5746cfed57aeb6bf8df489.jpg,640,640,Tomato leaf bacterial spot,121,320,194,417
eblight5_jpg.rf.b34381cb1b5020829ac8fbbb1c141374.jpg,640,640,Tomato Early blight leaf,226,175,409,498
tomato-leaf-6291945_jpg.rf.e201c556cac2e36c1853fa3812d0555c.jpg,640,640,Tomato leaf bacterial spot,195,394,414,634
tomato-leaf-6291945_jpg.rf.e201c556cac2e36c1853fa3812d0555c.jpg,640,640,Tomato leaf bacterial spot,386,359,591,473
tomato-leaf-6291945_jpg.rf.e201c556cac2e36c1853fa3812d0555c.jpg,640,640,Tomato leaf bacterial spot,123,302,382,426
tomato-leaf-6291945_jpg.rf.e201c556cac2e36c1853fa3812d0555c.jpg,640,640,Tomato leaf bacterial spot,375,275,638,398
tomato-leaf-6291945_jpg.rf.e201c556cac2e36c1853fa3812d0555c.jpg,640,640,Tomato leaf bacterial spot,91,201,349,341
tomato-leaf-6291945_jpg.rf.e201c556cac2e36c1853fa3812d0555c.jpg,640,640,Tomato leaf bacterial spot,393,182,635,311
tomato-leaf-6291945_jpg.rf.e201c556cac2e36c1853fa3812d0555c.jpg,640,640,Tomato leaf bacterial spot,103,105,379,238
IMG_5368_jpg.rf.4cf4e55f131e40d440077cc81b6f2f8c.jpg,640,640,Tomato leaf mosaic virus,264,56,595,349
bacterial-speck-tomato-3_jpg.rf.5d7b93e151344d05d900b5935a66d836.jpg,640,640,Tomato leaf mosaic virus,70,83,615,602
IMG_3175_jpg.rf.62eaf853053aafe0601d7ecc199c17c9.jpg,640,640,Tomato leaf late blight,128,23,586,523
IMG_3175_jpg.rf.62eaf853053aafe0601d7ecc199c17c9.jpg,640,640,Tomato leaf late blight,54,159,228,516
leaf-20curl_3_jpg.rf.532ab79ee0dc799acaaa90f00583d82f.jpg,640,640,Tomato leaf bacterial spot,62,3,168,112
leaf-20curl_3_jpg.rf.532ab79ee0dc799acaaa90f00583d82f.jpg,640,640,Tomato leaf bacterial spot,85,442,131,542
leaf-20curl_3_jpg.rf.532ab79ee0dc799acaaa90f00583d82f.jpg,640,640,Tomato leaf bacterial spot,48,271,135,422
leaf-20curl_3_jpg.rf.532ab79ee0dc799acaaa90f00583d82f.jpg,640,640,Tomato leaf bacterial spot,151,248,242,495
leaf-20curl_3_jpg.rf.532ab79ee0dc799acaaa90f00583d82f.jpg,640,640,Tomato leaf bacterial spot,173,49,253,211
leaf-20curl_3_jpg.rf.532ab79ee0dc799acaaa90f00583d82f.jpg,640,640,Tomato leaf bacterial spot,273,76,359,225
leaf-20curl_3_jpg.rf.532ab79ee0dc799acaaa90f00583d82f.jpg,640,640,Tomato leaf bacterial spot,212,271,285,409
leaf-20curl_3_jpg.rf.532ab79ee0dc799acaaa90f00583d82f.jpg,640,640,Tomato leaf bacterial spot,445,242,637,505
leaf-20curl_3_jpg.rf.532ab79ee0dc799acaaa90f00583d82f.jpg,640,640,Tomato leaf bacterial spot,331,9,517,283
leaf-20curl_3_jpg.rf.532ab79ee0dc799acaaa90f00583d82f.jpg,640,640,Tomato leaf bacterial spot,265,314,391,637
early-blight-or-target-spot-alternaria-solani-lesions-on-a-tomato-BH3TH0_jpg.rf.0b1d8d4abe8ac5d4bc1236fc0c5f7fe5.jpg,640,640,Tomato Early blight leaf,61,15,534,580
tomato-yellow-leaf-curl-virus-tylcv_950983_jpg.rf.9f94e8af7cd144e1f5b17e9fe03029c2.jpg,640,640,Tomato leaf bacterial spot,526,260,631,628
tomato-yellow-leaf-curl-virus-tylcv_950983_jpg.rf.9f94e8af7cd144e1f5b17e9fe03029c2.jpg,640,640,Tomato leaf bacterial spot,220,201,388,554
leaf_mold_tomato2x1200_jpg.rf.8c7e6d614f790a4c2975a9286205c581.jpg,640,640,Tomato mold leaf,0,0,638,481
leaf_mold_tomato2x1200_jpg.rf.8c7e6d614f790a4c2975a9286205c581.jpg,640,640,Tomato mold leaf,0,430,232,630
Leaf-20spot_jpg.rf.1ab5e5a6617232239ff3cef02299dd34.jpg,640,640,Tomato Septoria leaf spot,0,0,638,635
septoria5_jpg.rf.125ebccca205834ca0b66b3a1f408f0a.jpg,640,640,Tomato Septoria leaf spot,74,139,594,588
EBTomato_jpg.rf.c923da3a450578eb00f321c271a90361.jpg,640,640,Tomato Early blight leaf,26,10,623,639
leaf_mold_tomato1x1200_jpg.rf.6812a6e4f4605e21621219fcb23bd6d8.jpg,640,640,Tomato mold leaf,19,6,633,634
tomato-yellow-leaf-curl-virus-symptoms-on-tomato-leaves-on-plants-AXKWFY_jpg.rf.3d904c5fddc4032675eacc3f01c50eb8.jpg,640,640,Tomato leaf bacterial spot,345,348,389,428
tomato-yellow-leaf-curl-virus-symptoms-on-tomato-leaves-on-plants-AXKWFY_jpg.rf.3d904c5fddc4032675eacc3f01c50eb8.jpg,640,640,Tomato leaf bacterial spot,359,312,422,345
tomato-yellow-leaf-curl-virus-symptoms-on-tomato-leaves-on-plants-AXKWFY_jpg.rf.3d904c5fddc4032675eacc3f01c50eb8.jpg,640,640,Tomato leaf bacterial spot,322,328,376,371
Fig-2015_opta_jpg.rf.0d231e07f7938fa3c3dd36c474f8f3f4.jpg,640,640,Tomato mold leaf,282,51,400,152
Fig-2015_opta_jpg.rf.0d231e07f7938fa3c3dd36c474f8f3f4.jpg,640,640,Tomato mold leaf,85,139,246,239
Fig-2015_opta_jpg.rf.0d231e07f7938fa3c3dd36c474f8f3f4.jpg,640,640,Tomato mold leaf,251,232,320,277
Fig-2015_opta_jpg.rf.0d231e07f7938fa3c3dd36c474f8f3f4.jpg,640,640,Tomato mold leaf,328,81,575,445
Fig-2015_opta_jpg.rf.0d231e07f7938fa3c3dd36c474f8f3f4.jpg,640,640,Tomato mold leaf,155,249,221,293
Fig-2015_opta_jpg.rf.0d231e07f7938fa3c3dd36c474f8f3f4.jpg,640,640,Tomato mold leaf,428,0,581,65
Fig-2015_opta_jpg.rf.0d231e07f7938fa3c3dd36c474f8f3f4.jpg,640,640,Tomato mold leaf,343,347,448,439
Fig-2015_opta_jpg.rf.0d231e07f7938fa3c3dd36c474f8f3f4.jpg,640,640,Tomato mold leaf,79,299,310,586
Fig-2015_opta_jpg.rf.0d231e07f7938fa3c3dd36c474f8f3f4.jpg,640,640,Tomato mold leaf,166,46,239,137
tomato-blight_jpg.rf.7d32d861482126df82dba068ddecc21f.jpg,640,640,Tomato leaf yellow virus,13,6,295,332
tomato-blight_jpg.rf.7d32d861482126df82dba068ddecc21f.jpg,640,640,Tomato leaf yellow virus,6,249,263,622
Tomato-blight-large_jpg.rf.7074c5b8cc5f49f37882c15a299d1835.jpg,640,640,Tomato Early blight leaf,61,66,530,640
late-blight-tomato-leaf_jpg.rf.4bb6191234cff77dfa39d1a54f846636.jpg,640,640,Tomato leaf mosaic virus,230,205,461,480
Fig-2_jpg.rf.bcf042de8f1452e2004f04c71141176c.jpg,640,640,Tomato leaf yellow virus,372,220,612,422
Fig-2_jpg.rf.bcf042de8f1452e2004f04c71141176c.jpg,640,640,Tomato leaf yellow virus,176,177,429,421
Fig-2_jpg.rf.bcf042de8f1452e2004f04c71141176c.jpg,640,640,Tomato leaf yellow virus,94,470,257,604
072_jpg.rf.4bb0dee38eafd13c0f8d162219ab9dab.jpg,640,640,Tomato leaf bacterial spot,385,483,489,551
072_jpg.rf.4bb0dee38eafd13c0f8d162219ab9dab.jpg,640,640,Tomato leaf bacterial spot,509,12,620,145
072_jpg.rf.4bb0dee38eafd13c0f8d162219ab9dab.jpg,640,640,Tomato leaf bacterial spot,51,58,223,200
072_jpg.rf.4bb0dee38eafd13c0f8d162219ab9dab.jpg,640,640,Tomato leaf bacterial spot,79,416,199,545
072_jpg.rf.4bb0dee38eafd13c0f8d162219ab9dab.jpg,640,640,Tomato leaf bacterial spot,354,243,466,417
tomato-yellow-leaf-curl-virus-symptoms-on-tomato-leaves-on-plants-AXKWFY_jpg.rf.f70b3a1d490a3c127d2c0ce58e06099a.jpg,640,640,Tomato leaf bacterial spot,384,428,488,592
tomato-yellow-leaf-curl-virus-symptoms-on-tomato-leaves-on-plants-AXKWFY_jpg.rf.f70b3a1d490a3c127d2c0ce58e06099a.jpg,640,640,Tomato leaf bacterial spot,524,413,639,525
tomato-yellow-leaf-curl-virus-symptoms-on-tomato-leaves-on-plants-AXKWFY_jpg.rf.f70b3a1d490a3c127d2c0ce58e06099a.jpg,640,640,Tomato leaf,298,399,350,450
tomato-yellow-leaf-curl-virus-symptoms-on-tomato-leaves-on-plants-AXKWFY_jpg.rf.f70b3a1d490a3c127d2c0ce58e06099a.jpg,640,640,Tomato leaf bacterial spot,495,324,639,419
tomato-yellow-leaf-curl-virus-symptoms-on-tomato-leaves-on-plants-AXKWFY_jpg.rf.f70b3a1d490a3c127d2c0ce58e06099a.jpg,640,640,Tomato leaf,218,299,284,339
tomato-yellow-leaf-curl-virus-symptoms-on-tomato-leaves-on-plants-AXKWFY_jpg.rf.f70b3a1d490a3c127d2c0ce58e06099a.jpg,640,640,Tomato leaf,261,270,318,318
tomato-yellow-leaf-curl-virus-symptoms-on-tomato-leaves-on-plants-AXKWFY_jpg.rf.f70b3a1d490a3c127d2c0ce58e06099a.jpg,640,640,Tomato leaf,394,239,475,315
tomato-yellow-leaf-curl-virus-symptoms-on-tomato-leaves-on-plants-AXKWFY_jpg.rf.f70b3a1d490a3c127d2c0ce58e06099a.jpg,640,640,Tomato leaf,239,215,293,300
tomato-yellow-leaf-curl-virus-symptoms-on-tomato-leaves-on-plants-AXKWFY_jpg.rf.f70b3a1d490a3c127d2c0ce58e06099a.jpg,640,640,Tomato leaf,194,211,265,292
tomato-yellow-leaf-curl-virus-symptoms-on-tomato-leaves-on-plants-AXKWFY_jpg.rf.f70b3a1d490a3c127d2c0ce58e06099a.jpg,640,640,Tomato leaf bacterial spot,58,119,167,306
tomato-yellow-leaf-curl-virus-symptoms-on-tomato-leaves-on-plants-AXKWFY_jpg.rf.f70b3a1d490a3c127d2c0ce58e06099a.jpg,640,640,Tomato leaf bacterial spot,93,106,216,208
tomato-yellow-leaf-curl-virus-symptoms-on-tomato-leaves-on-plants-AXKWFY_jpg.rf.f70b3a1d490a3c127d2c0ce58e06099a.jpg,640,640,Tomato leaf bacterial spot,202,52,296,177
leaf_mold2_jpg.rf.f57ea7c31181d2f14af494ff2adc2a86.jpg,640,640,Tomato mold leaf,0,0,554,638
septorialeafspot2_jpg.rf.3c58a29cd5550224b67d6107e8f2a806.jpg,640,640,Tomato Septoria leaf spot,0,0,638,638
bac_spot_tomato_leaf_l_jpg.rf.79bf96645963dae3c134aca203096f9f.jpg,640,640,Tomato leaf late blight,0,60,582,505
Leaf-20spot_jpg.rf.3e6ced0b0e48fdb1fa13eb008eb8d9ca.jpg,640,640,Tomato Septoria leaf spot,6,77,602,634
636368370164094909-late-blight-15-_jpg.rf.dbcc64ecdfa8ae8c557e807cc0b7f83c.jpg,640,640,Tomato leaf yellow virus,148,129,602,477
4-6-20Keep-20bacterial-20diseasesMARY-20-20D_jpg.rf.5128208e557824f0eba00e03e55b0214.jpg,640,640,Tomato leaf mosaic virus,159,20,439,525
early-blight-pp-labeled_orig_jpg.rf.7fdf1e59e081699886b0606fd2137e77.jpg,640,640,Tomato Early blight leaf,83,108,500,627
tomato-blight-treatment-blight_jpg.rf.9756eddf0efb1dbec843db939421a55a.jpg,640,640,Tomato Septoria leaf spot,68,224,628,618
6134794031202304_jpeg_jpg.rf.7ef64a944791f4b7ea3087e0bcae0ace.jpg,640,640,Tomato Septoria leaf spot,64,159,398,538
septoria5_jpg.rf.e2374fc7c04fad7a7a37002c6f103661.jpg,640,640,Tomato Septoria leaf spot,58,38,609,522
early-blight-or-target-spot-alternaria-solani-lesions-on-a-tomato-by9j8r_jpg.rf.f45b570f3841b270fc97c8a4af11a99e.jpg,640,640,Tomato Early blight leaf,121,22,495,570
Tomato-blight-large_jpg.rf.11a79c7fbbdd7a739ddbce134f568074.jpg,640,640,Tomato Early blight leaf,58,63,545,640
web1_copy_tomato-septoria-leaf-spot4_jpg.rf.8a35ecc667355747c2992081d4dc199a.jpg,640,640,Tomato Septoria leaf spot,58,83,615,628
Leaf-20spot_jpg.rf.80278dfcd23d10f56c5610f027b68c72.jpg,640,640,Tomato Septoria leaf spot,27,0,638,575
636368370164094909-late-blight-15-_jpg.rf.35a1839f9ad496a1bb2535a40e8e3807.jpg,640,640,Tomato leaf mosaic virus,138,203,481,508
leaf_mold_tomato3x1200_jpg.rf.0253ff631d529f82c41cb8ccec373ee9.jpg,640,640,Tomato mold leaf,63,13,632,639
3bacterial-canker1_jpg.rf.a0ad98703966b461935a3422b508684a.jpg,640,640,Tomato leaf mosaic virus,134,154,352,634
early-blight-pp-labeled_orig_jpg.rf.3831f10df516e9280b7ab342b4380df5.jpg,640,640,Tomato Early blight leaf,169,66,560,606
IMG_0863_1500x1500-253E_jpg.rf.e840cffb9868388fba4306fac762e20d.jpg,640,640,Tomato Septoria leaf spot,77,82,378,625
IMG_0863_1500x1500-253E_jpg.rf.e840cffb9868388fba4306fac762e20d.jpg,640,640,Tomato Septoria leaf spot,302,6,542,591
Bacterial-spot-tomato_jpg.rf.569748e1e6ed395093b958d75a075846.jpg,640,640,Tomato leaf mosaic virus,258,65,431,496
septorialeafspot2_jpg.rf.935d395586d8d29b4900c9044667787b.jpg,640,640,Tomato Septoria leaf spot,0,0,638,638
Leaf-Mold-lower-leaf-surface-spores-28conidia-29_jpg.rf.161e31207a3f362d811ca0eb1d57d721.jpg,640,640,Tomato mold leaf,282,135,403,384
Leaf-Mold-lower-leaf-surface-spores-28conidia-29_jpg.rf.161e31207a3f362d811ca0eb1d57d721.jpg,640,640,Tomato mold leaf,243,409,519,602
Leaf-Mold-lower-leaf-surface-spores-28conidia-29_jpg.rf.161e31207a3f362d811ca0eb1d57d721.jpg,640,640,Tomato mold leaf,205,397,257,486
Leaf-Mold-lower-leaf-surface-spores-28conidia-29_jpg.rf.161e31207a3f362d811ca0eb1d57d721.jpg,640,640,Tomato mold leaf,122,141,276,410
4-6-20Keep-20bacterial-20diseasesMARY-20-20D_jpg.rf.6e619b1d462c5648651a436ccc5fc160.jpg,640,640,Tomato leaf mosaic virus,160,20,435,526
leaf_mold_tomato3x1200_jpg.rf.b48f00ad737887658e37117692bf3c3f.jpg,640,640,Tomato mold leaf,0,0,611,638
septorialeafspot2_jpg.rf.757e92009ed020c88022b8618b484a9b.jpg,640,640,Tomato Septoria leaf spot,37,8,617,639
tomato-blight-phytophthora-infestans-close-up-of-infected-leaf-b5n95x_jpg.rf.b2f24e4f3bb2bba1d13221938e2c6d47.jpg,640,640,Tomato leaf yellow virus,64,96,588,602
leaf_mold_tomato6x1200_jpg.rf.d945631dcf823cc133d6d1c822666906.jpg,640,640,Tomato mold leaf,506,339,615,532
leaf_mold_tomato6x1200_jpg.rf.d945631dcf823cc133d6d1c822666906.jpg,640,640,Tomato mold leaf,83,122,219,320
leaf_mold_tomato6x1200_jpg.rf.d945631dcf823cc133d6d1c822666906.jpg,640,640,Tomato mold leaf,346,371,519,608
leaf_mold_tomato6x1200_jpg.rf.d945631dcf823cc133d6d1c822666906.jpg,640,640,Tomato mold leaf,358,129,551,416
leaf_mold_tomato6x1200_jpg.rf.d945631dcf823cc133d6d1c822666906.jpg,640,640,Tomato mold leaf,7,205,135,539
leaf_mold_tomato6x1200_jpg.rf.d945631dcf823cc133d6d1c822666906.jpg,640,640,Tomato mold leaf,231,255,377,563
leaf_mold_tomato6x1200_jpg.rf.d945631dcf823cc133d6d1c822666906.jpg,640,640,Tomato mold leaf,276,128,347,359
tomato-leaf-26180166_jpg.rf.02f0ae1750960030c2c6fe533f6cfafb.jpg,640,640,Tomato leaf bacterial spot,144,57,321,278
tomato-leaf-26180166_jpg.rf.02f0ae1750960030c2c6fe533f6cfafb.jpg,640,640,Tomato leaf bacterial spot,13,161,99,288
tomato-leaf-26180166_jpg.rf.02f0ae1750960030c2c6fe533f6cfafb.jpg,640,640,Tomato leaf bacterial spot,263,201,460,390
tomato-leaf-26180166_jpg.rf.02f0ae1750960030c2c6fe533f6cfafb.jpg,640,640,Tomato leaf bacterial spot,80,270,254,473
tomato-leaf-26180166_jpg.rf.02f0ae1750960030c2c6fe533f6cfafb.jpg,640,640,Tomato leaf bacterial spot,360,312,618,553
tomato-leaf-26180166_jpg.rf.02f0ae1750960030c2c6fe533f6cfafb.jpg,640,640,Tomato leaf bacterial spot,208,368,369,586
tomato-leaf-26180166_jpg.rf.02f0ae1750960030c2c6fe533f6cfafb.jpg,640,640,Tomato leaf bacterial spot,91,55,191,163
5086-early_jpg.rf.973531856ad40a6fb7b7cab0d837b8e5.jpg,640,640,Tomato Early blight leaf,119,54,606,586
bacterial-speck-tomato-3_jpg.rf.d8a2d4fb082d3e242ffbfe70abac1cbc.jpg,640,640,Tomato leaf late blight,0,26,552,584
earlyblightresize_jpg.rf.8fda1e8ac2fc6d19a3be60e0a70c65ed.jpg,640,640,Tomato Early blight leaf,76,117,636,563
70_jpg.rf.f7e06d437400ed9f9594c81730abd7c3.jpg,640,640,Tomato leaf yellow virus,142,6,480,634
7262-drought_jpg.rf.817c992ce8ba104bf9668a0694f4e46d.jpg,640,640,Tomato leaf yellow virus,77,3,601,639
leaf-spot3-big_jpg.rf.cdcc4d4701c78b8e8e7629f4235bdac6.jpg,640,640,Tomato leaf mosaic virus,186,313,326,493
leaf-spot3-big_jpg.rf.cdcc4d4701c78b8e8e7629f4235bdac6.jpg,640,640,Tomato leaf mosaic virus,236,70,339,205
leaf-spot3-big_jpg.rf.cdcc4d4701c78b8e8e7629f4235bdac6.jpg,640,640,Tomato leaf mosaic virus,57,77,231,512
leaf-spot3-big_jpg.rf.cdcc4d4701c78b8e8e7629f4235bdac6.jpg,640,640,Tomato leaf mosaic virus,275,147,582,602
BCH-20small-20thumbnail-20for-20upload-20-2814-29_jpg.rf.ac473e9f93cdf01ba126132d06d3be33.jpg,640,640,Tomato leaf mosaic virus,6,34,165,349
BCH-20small-20thumbnail-20for-20upload-20-2814-29_jpg.rf.ac473e9f93cdf01ba126132d06d3be33.jpg,640,640,Tomato leaf mosaic virus,112,9,291,409
BCH-20small-20thumbnail-20for-20upload-20-2814-29_jpg.rf.ac473e9f93cdf01ba126132d06d3be33.jpg,640,640,Tomato leaf mosaic virus,140,214,483,517
50-20Leafmold-20Top_jpg.rf.f526df652c2e45184550a8f3c52b1a9b.jpg,640,640,Tomato mold leaf,51,39,589,602
leafspot-5aba8283642dca003687f6fa_jpg.rf.9042f26e83c3ee05748f9fdcf0cc57f2.jpg,640,640,Tomato Septoria leaf spot,343,207,639,565
leafspot-5aba8283642dca003687f6fa_jpg.rf.9042f26e83c3ee05748f9fdcf0cc57f2.jpg,640,640,Tomato Septoria leaf spot,45,10,362,427
leafspot-5aba8283642dca003687f6fa_jpg.rf.9042f26e83c3ee05748f9fdcf0cc57f2.jpg,640,640,Tomato Septoria leaf spot,46,472,372,639
Leafspotx450xBugwood_jpg.rf.195c8954e3772f04b89cb71122538a38.jpg,640,640,Tomato Septoria leaf spot,106,164,466,639
Leafspotx450xBugwood_jpg.rf.195c8954e3772f04b89cb71122538a38.jpg,640,640,Tomato Septoria leaf spot,301,0,639,485
Leafspotx450xBugwood_jpg.rf.195c8954e3772f04b89cb71122538a38.jpg,640,640,Tomato Septoria leaf spot,1,24,244,248
leaf_mold_tomato5x1200_jpg.rf.eca62620bd12940233343addc2a96460.jpg,640,640,Tomato mold leaf,95,0,635,478
septorialeafspot2_jpg.rf.77a61001e38e6220a84dc2a04492b876.jpg,640,640,Tomato Septoria leaf spot,0,0,638,638
tomato-leaf-20728368_jpg.rf.a4dfdb25b8edf29ecc6a785601cde9f7.jpg,640,640,Tomato leaf bacterial spot,132,486,299,640
tomato-leaf-20728368_jpg.rf.a4dfdb25b8edf29ecc6a785601cde9f7.jpg,640,640,Tomato leaf bacterial spot,300,392,508,549
tomato-leaf-20728368_jpg.rf.a4dfdb25b8edf29ecc6a785601cde9f7.jpg,640,640,Tomato leaf bacterial spot,383,249,549,423
tomato-leaf-20728368_jpg.rf.a4dfdb25b8edf29ecc6a785601cde9f7.jpg,640,640,Tomato leaf bacterial spot,124,245,255,420
tomato-leaf-20728368_jpg.rf.a4dfdb25b8edf29ecc6a785601cde9f7.jpg,640,640,Tomato leaf bacterial spot,160,131,309,362
tomato-leaf-20728368_jpg.rf.a4dfdb25b8edf29ecc6a785601cde9f7.jpg,640,640,Tomato leaf bacterial spot,233,85,382,325
tomato-leaf-20728368_jpg.rf.a4dfdb25b8edf29ecc6a785601cde9f7.jpg,640,640,Tomato leaf bacterial spot,372,56,566,222
Sept9-300x225_jpg.rf.20fdc56bebf837834a8820ec8babf065.jpg,640,640,Tomato Septoria leaf spot,89,40,574,552
Tomato-blight-large_jpg.rf.854e2076e8d7d19accd2d6c2a1237f0d.jpg,640,640,Tomato Early blight leaf,128,14,559,558
46-Septoria-leaf-spot_jpg.rf.e6ce66d73b173db96b84d5a46745e4a4.jpg,640,640,Tomato Septoria leaf spot,8,288,295,434
46-Septoria-leaf-spot_jpg.rf.e6ce66d73b173db96b84d5a46745e4a4.jpg,640,640,Tomato Septoria leaf spot,6,460,272,586
46-Septoria-leaf-spot_jpg.rf.e6ce66d73b173db96b84d5a46745e4a4.jpg,640,640,Tomato Septoria leaf spot,358,454,631,581
46-Septoria-leaf-spot_jpg.rf.e6ce66d73b173db96b84d5a46745e4a4.jpg,640,640,Tomato Septoria leaf spot,325,308,628,415
46-Septoria-leaf-spot_jpg.rf.e6ce66d73b173db96b84d5a46745e4a4.jpg,640,640,Tomato Septoria leaf spot,206,6,419,323
tomato-late-blight-phytophthora-infestans-mycelium-and-lesions-on-a15yr2_jpg.rf.adea9e7d645a59759956e8e606231557.jpg,640,640,Tomato leaf mosaic virus,228,61,515,268
tomato-late-blight-phytophthora-infestans-mycelium-and-lesions-on-a15yr2_jpg.rf.adea9e7d645a59759956e8e606231557.jpg,640,640,Tomato leaf mosaic virus,179,343,528,520
Tomato-diseases-prevention-treatment-Early-blight-_jpg.rf.3b2522da2d76e276e3df64e48307ee72.jpg,640,640,Tomato Early blight leaf,95,69,276,268
eb56b488e349c2de423ab6afbcc4bd5b_jpg.rf.a8508ed9a026b3eb8ca770a7b038d4aa.jpg,640,640,Tomato Septoria leaf spot,211,314,448,634
eb56b488e349c2de423ab6afbcc4bd5b_jpg.rf.a8508ed9a026b3eb8ca770a7b038d4aa.jpg,640,640,Tomato Septoria leaf spot,415,7,634,256
eb56b488e349c2de423ab6afbcc4bd5b_jpg.rf.a8508ed9a026b3eb8ca770a7b038d4aa.jpg,640,640,Tomato Septoria leaf spot,218,39,365,308
Septoria-2Bleaf-2Bspot-tomato-JPG_jpg.rf.f999f870e8d8a47ffdf07f7f4248c118.jpg,640,640,Tomato Septoria leaf spot,0,195,332,499
Septoria-2Bleaf-2Bspot-tomato-JPG_jpg.rf.f999f870e8d8a47ffdf07f7f4248c118.jpg,640,640,Tomato Septoria leaf spot,294,27,625,510
Leaf-mold-tomato-25282-2529_JPG_jpg.rf.446d84b403a52b427ca4767f6cf61ccc.jpg,640,640,Tomato mold leaf,203,541,288,637
Leaf-mold-tomato-25282-2529_JPG_jpg.rf.446d84b403a52b427ca4767f6cf61ccc.jpg,640,640,Tomato mold leaf,249,14,329,183
Leaf-mold-tomato-25282-2529_JPG_jpg.rf.446d84b403a52b427ca4767f6cf61ccc.jpg,640,640,Tomato mold leaf,116,132,256,348
Leaf-mold-tomato-25282-2529_JPG_jpg.rf.446d84b403a52b427ca4767f6cf61ccc.jpg,640,640,Tomato mold leaf,74,331,225,458
Leaf-mold-tomato-25282-2529_JPG_jpg.rf.446d84b403a52b427ca4767f6cf61ccc.jpg,640,640,Tomato mold leaf,357,505,537,603
Leaf-mold-tomato-25282-2529_JPG_jpg.rf.446d84b403a52b427ca4767f6cf61ccc.jpg,640,640,Tomato mold leaf,422,389,563,523
Leaf-mold-tomato-25282-2529_JPG_jpg.rf.446d84b403a52b427ca4767f6cf61ccc.jpg,640,640,Tomato mold leaf,277,402,445,509
Leaf-mold-tomato-25282-2529_JPG_jpg.rf.446d84b403a52b427ca4767f6cf61ccc.jpg,640,640,Tomato mold leaf,308,297,432,449
Leaf-mold-tomato-25282-2529_JPG_jpg.rf.446d84b403a52b427ca4767f6cf61ccc.jpg,640,640,Tomato mold leaf,340,150,466,319
tomato-blight-phytophthora-infestans-early-stages-on-tomato-plant-b5n952_jpg.rf.23c1b03efadcc1f26085e3e70363e23f.jpg,640,640,Tomato Early blight leaf,198,122,333,256
tomato-blight-phytophthora-infestans-early-stages-on-tomato-plant-b5n952_jpg.rf.23c1b03efadcc1f26085e3e70363e23f.jpg,640,640,Tomato Early blight leaf,474,390,601,544
tomato-blight-phytophthora-infestans-early-stages-on-tomato-plant-b5n952_jpg.rf.23c1b03efadcc1f26085e3e70363e23f.jpg,640,640,Tomato Early blight leaf,1,365,262,462
tomato-blight-phytophthora-infestans-early-stages-on-tomato-plant-b5n952_jpg.rf.23c1b03efadcc1f26085e3e70363e23f.jpg,640,640,Tomato Early blight leaf,301,333,461,441
tomato-blight-phytophthora-infestans-early-stages-on-tomato-plant-b5n952_jpg.rf.23c1b03efadcc1f26085e3e70363e23f.jpg,640,640,Tomato Early blight leaf,0,45,160,134
flies_jpg.rf.71d34bdf5a5713aa0a6aad0655784990.jpg,640,640,Tomato leaf late blight,0,12,634,403
early-blight-pp-labeled_orig_jpg.rf.a417990f9d5b5ac3c8111b62f44ee531.jpg,640,640,Tomato Early blight leaf,86,106,500,631
tomato-leaf-2_jpg.rf.288da75d8439712aa82c09543e1172c0.jpg,640,640,Tomato mold leaf,25,13,633,602
leaf_mold_tomato3x1200_jpg.rf.4493b9e19b09924f14ddfcc03b89b6f3.jpg,640,640,Tomato mold leaf,1,0,638,638
lbleaf_jpg.rf.90a3c951888f74b36be2d549b9746cd2.jpg,640,640,Tomato leaf mosaic virus,222,112,401,559
lbleaf_jpg.rf.90a3c951888f74b36be2d549b9746cd2.jpg,640,640,Tomato leaf mosaic virus,0,125,163,411
lbleaf_jpg.rf.90a3c951888f74b36be2d549b9746cd2.jpg,640,640,Tomato leaf mosaic virus,273,0,421,234
Fig-2_jpg.rf.eb131344f77f681effe96a3b4d02c3c2.jpg,640,640,Tomato leaf yellow virus,362,264,608,476
Fig-2_jpg.rf.eb131344f77f681effe96a3b4d02c3c2.jpg,640,640,Tomato leaf yellow virus,166,208,426,462
Fig-2_jpg.rf.eb131344f77f681effe96a3b4d02c3c2.jpg,640,640,Tomato leaf yellow virus,161,0,328,140
6447731_orig_jpg.rf.803716e6f8b4c7d85d5311df2eeec8d7.jpg,640,640,Tomato Septoria leaf spot,0,95,555,638
5336411888680960-600x272_jpeg_jpg.rf.afc49965c3d49147c65589941dcaef4d.jpg,640,640,Tomato Septoria leaf spot,34,9,581,637
leaf_mold_tomato7x1200_jpg.rf.0a3fb07762c0c418ab9d3cdf15682957.jpg,640,640,Tomato mold leaf,0,59,478,638
7262-drought_jpg.rf.e3907ec4b98a9787e73e053c921b9bfe.jpg,640,640,Tomato leaf mosaic virus,62,49,556,640
Leaf-Mold-lower-leaf-surface-spores-28conidia-29_jpg.rf.3ca69392ffcf18255541bdb72b2598c2.jpg,640,640,Tomato mold leaf,219,248,368,512
Leaf-Mold-lower-leaf-surface-spores-28conidia-29_jpg.rf.3ca69392ffcf18255541bdb72b2598c2.jpg,640,640,Tomato mold leaf,353,235,529,517
Leaf-Mold-lower-leaf-surface-spores-28conidia-29_jpg.rf.3ca69392ffcf18255541bdb72b2598c2.jpg,640,640,Tomato mold leaf,393,164,453,258
Leaf-Mold-lower-leaf-surface-spores-28conidia-29_jpg.rf.3ca69392ffcf18255541bdb72b2598c2.jpg,640,640,Tomato mold leaf,109,18,423,135
Figure-4_jpg.rf.3b69076b70feb3af5d93055f8d828df5.jpg,640,640,Tomato leaf,99,434,303,517
Figure-4_jpg.rf.3b69076b70feb3af5d93055f8d828df5.jpg,640,640,Tomato leaf,371,361,522,458
Figure-4_jpg.rf.3b69076b70feb3af5d93055f8d828df5.jpg,640,640,Tomato leaf,376,340,438,392
Figure-4_jpg.rf.3b69076b70feb3af5d93055f8d828df5.jpg,640,640,Tomato leaf,6,329,157,416
Figure-4_jpg.rf.3b69076b70feb3af5d93055f8d828df5.jpg,640,640,Tomato leaf,484,217,555,301
Figure-4_jpg.rf.3b69076b70feb3af5d93055f8d828df5.jpg,640,640,Tomato leaf,320,219,428,316
Figure-4_jpg.rf.3b69076b70feb3af5d93055f8d828df5.jpg,640,640,Tomato leaf,36,212,156,338
Figure-4_jpg.rf.3b69076b70feb3af5d93055f8d828df5.jpg,640,640,Tomato leaf,303,170,414,253
web1_copy_early-blight-6-_0_jpg.rf.ba4d5480cc58901cf018c0db773d6622.jpg,640,640,Tomato Early blight leaf,154,44,637,604
Leaf-Mold-lower-leaf-surface-spores-28conidia-29_jpg.rf.894ccba900a27430d90b21894bf4cfb4.jpg,640,640,Tomato mold leaf,279,132,405,386
Leaf-Mold-lower-leaf-surface-spores-28conidia-29_jpg.rf.894ccba900a27430d90b21894bf4cfb4.jpg,640,640,Tomato mold leaf,242,412,520,605
Leaf-Mold-lower-leaf-surface-spores-28conidia-29_jpg.rf.894ccba900a27430d90b21894bf4cfb4.jpg,640,640,Tomato mold leaf,201,395,254,483
Leaf-Mold-lower-leaf-surface-spores-28conidia-29_jpg.rf.894ccba900a27430d90b21894bf4cfb4.jpg,640,640,Tomato mold leaf,120,140,272,409
earlyblighttomato_jpg.rf.d10b6231c311025d8bc81e4f0ecc0a70.jpg,640,640,Tomato Early blight leaf,102,64,633,608
eblight5_jpg.rf.ca1aab05da8570940cd8836a072ecd54.jpg,640,640,Tomato Early blight leaf,237,134,403,628
Leaf-20spot_jpg.rf.c43f4ef393fdb113d60b3fb0361a89ae.jpg,640,640,Tomato Septoria leaf spot,5,77,602,634
early-blight-septoria-ls-fig-3_jpg.rf.1b60b6613780256bf9a03ae707c34154.jpg,640,640,Tomato Septoria leaf spot,335,8,639,428
early-blight-septoria-ls-fig-3_jpg.rf.1b60b6613780256bf9a03ae707c34154.jpg,640,640,Tomato Septoria leaf spot,32,116,403,639
Figure-3-7_jpg.rf.ee28faf2d1e1127760374cf05bd31382.jpg,640,640,Tomato leaf mosaic virus,263,365,445,602
Figure-3-7_jpg.rf.ee28faf2d1e1127760374cf05bd31382.jpg,640,640,Tomato leaf mosaic virus,74,97,554,454
bacterialLeafSpot04-xqxm03_jpg.rf.f7a0adeb0e1bc32e4e0c7587f49f1050.jpg,640,640,Tomato leaf mosaic virus,38,134,410,563
bacterialLeafSpot04-xqxm03_jpg.rf.f7a0adeb0e1bc32e4e0c7587f49f1050.jpg,640,640,Tomato leaf mosaic virus,403,128,634,531
lb_leaf_lesions2x1200_jpg.rf.469b32a7b0d7768032c9c5fc11a45ae2.jpg,640,640,Tomato leaf mosaic virus,202,134,486,518
leaf_mold_tomato2x1200_jpg.rf.1c7af0a02fd0003c1a9af481d36643ec.jpg,640,640,Tomato mold leaf,0,141,638,638
leaf_mold_tomato2x1200_jpg.rf.1c7af0a02fd0003c1a9af481d36643ec.jpg,640,640,Tomato mold leaf,344,0,588,169
leaf_mold_tomato3x1200_jpg.rf.a7061223e7fa078447d2f262c123c9cb.jpg,640,640,Tomato mold leaf,0,0,638,638
6447731_orig_jpg.rf.bcb363b6f39ff8994db17f7d72a09f1c.jpg,640,640,Tomato Septoria leaf spot,64,0,639,557
tomato-leaf-26180166_jpg.rf.1c0eed0bf427e7552cfbc8c1044dff75.jpg,640,640,Tomato leaf bacterial spot,252,27,456,267
tomato-leaf-26180166_jpg.rf.1c0eed0bf427e7552cfbc8c1044dff75.jpg,640,640,Tomato leaf bacterial spot,488,76,591,213
tomato-leaf-26180166_jpg.rf.1c0eed0bf427e7552cfbc8c1044dff75.jpg,640,640,Tomato leaf bacterial spot,164,202,384,416
tomato-leaf-26180166_jpg.rf.1c0eed0bf427e7552cfbc8c1044dff75.jpg,640,640,Tomato leaf bacterial spot,382,208,582,431
tomato-leaf-26180166_jpg.rf.1c0eed0bf427e7552cfbc8c1044dff75.jpg,640,640,Tomato leaf bacterial spot,53,345,341,617
tomato-leaf-26180166_jpg.rf.1c0eed0bf427e7552cfbc8c1044dff75.jpg,640,640,Tomato leaf bacterial spot,307,340,496,575
tomato-leaf-26180166_jpg.rf.1c0eed0bf427e7552cfbc8c1044dff75.jpg,640,640,Tomato leaf bacterial spot,365,3,477,122
leaf_mold_tomato4x1200_jpg.rf.5c33d6929b28607f0758013aa739d154.jpg,640,640,Tomato mold leaf,0,0,503,638
leaf_mold_tomato4x1200_jpg.rf.5c33d6929b28607f0758013aa739d154.jpg,640,640,Tomato mold leaf,358,52,639,630
607-155-1_jpg.rf.34f8ceb67bc0a4e8cd3a8e1689d48220.jpg,640,640,Tomato mold leaf,64,83,621,602
IMG_1526_jpg.rf.a743cbfb1879ef0beaff32e1e9ea8f16.jpg,640,640,Tomato leaf yellow virus,141,57,544,595
tomato-early-blight-e1437503226856_jpg.rf.9e365fb2a3636688cb5fc6224f1c20a4.jpg,640,640,Tomato Septoria leaf spot,20,308,443,634
tomato-early-blight-e1437503226856_jpg.rf.9e365fb2a3636688cb5fc6224f1c20a4.jpg,640,640,Tomato Septoria leaf spot,263,45,609,448
late-blight-leaves_jpg.rf.4e928f8e0c16081c202a645eda2038a2.jpg,640,640,Tomato leaf mosaic virus,285,201,490,604
9511_img_jpg.rf.41ed52aa9c1b1757102d4d00432e3b99.jpg,640,640,Tomato leaf,64,442,141,622
9511_img_jpg.rf.41ed52aa9c1b1757102d4d00432e3b99.jpg,640,640,Tomato leaf,128,128,199,192
9511_img_jpg.rf.41ed52aa9c1b1757102d4d00432e3b99.jpg,640,640,Tomato leaf,211,153,269,262
9511_img_jpg.rf.41ed52aa9c1b1757102d4d00432e3b99.jpg,640,640,Tomato leaf,550,390,621,582
9511_img_jpg.rf.41ed52aa9c1b1757102d4d00432e3b99.jpg,640,640,Tomato leaf,77,249,160,320
9511_img_jpg.rf.41ed52aa9c1b1757102d4d00432e3b99.jpg,640,640,Tomato leaf,77,122,121,211
9511_img_jpg.rf.41ed52aa9c1b1757102d4d00432e3b99.jpg,640,640,Tomato leaf,187,256,276,313
9511_img_jpg.rf.41ed52aa9c1b1757102d4d00432e3b99.jpg,640,640,Tomato leaf,141,333,236,416
9511_img_jpg.rf.41ed52aa9c1b1757102d4d00432e3b99.jpg,640,640,Tomato leaf,441,148,538,237
9511_img_jpg.rf.41ed52aa9c1b1757102d4d00432e3b99.jpg,640,640,Tomato leaf,486,218,583,307
9511_img_jpg.rf.41ed52aa9c1b1757102d4d00432e3b99.jpg,640,640,Tomato leaf,346,288,423,480
9511_img_jpg.rf.41ed52aa9c1b1757102d4d00432e3b99.jpg,640,640,Tomato leaf,372,314,493,480
Tomato-Early-Blight-e1513806873934_jpg.rf.5ee45dc7c9d94db15f191c2f6bfa11b3.jpg,640,640,Tomato Early blight leaf,169,0,497,222
Tomato-Early-Blight-e1513806873934_jpg.rf.5ee45dc7c9d94db15f191c2f6bfa11b3.jpg,640,640,Tomato Early blight leaf,155,171,639,638
BCH-20medium-20thumbnail-20for-20upload-20-2861-29_jpg.rf.8e1c246f12d6d371cc058124202173c4.jpg,640,640,Tomato Septoria leaf spot,12,6,225,486
BCH-20medium-20thumbnail-20for-20upload-20-2861-29_jpg.rf.8e1c246f12d6d371cc058124202173c4.jpg,640,640,Tomato Septoria leaf spot,205,218,429,493
55830b60a7cf2_image_jpg.rf.419a374bdbe89a6d0b05056048154fc3.jpg,640,640,Tomato Septoria leaf spot,76,71,333,192
55830b60a7cf2_image_jpg.rf.419a374bdbe89a6d0b05056048154fc3.jpg,640,640,Tomato Septoria leaf spot,365,76,633,250
55830b60a7cf2_image_jpg.rf.419a374bdbe89a6d0b05056048154fc3.jpg,640,640,Tomato Septoria leaf spot,103,179,352,513
tomato-early-blight-e1437503226856_jpg.rf.42e986da2e20473a56ba1f78d927408c.jpg,640,640,Tomato Septoria leaf spot,18,311,440,638
tomato-early-blight-e1437503226856_jpg.rf.42e986da2e20473a56ba1f78d927408c.jpg,640,640,Tomato Septoria leaf spot,260,42,609,449
tomato-leaf-6291945_jpg.rf.f60d8c60924e345385b8863d6820db26.jpg,640,640,Tomato leaf late blight,205,25,391,230
tomato-leaf-6291945_jpg.rf.f60d8c60924e345385b8863d6820db26.jpg,640,640,Tomato leaf late blight,256,224,499,307
tomato-leaf-6291945_jpg.rf.f60d8c60924e345385b8863d6820db26.jpg,640,640,Tomato leaf late blight,307,300,550,397
tomato-leaf-6291945_jpg.rf.f60d8c60924e345385b8863d6820db26.jpg,640,640,Tomato leaf late blight,295,410,556,493
tomato-leaf-6291945_jpg.rf.f60d8c60924e345385b8863d6820db26.jpg,640,640,Tomato leaf late blight,26,384,257,473
tomato-leaf-6291945_jpg.rf.f60d8c60924e345385b8863d6820db26.jpg,640,640,Tomato leaf late blight,6,301,263,378
tomato-leaf-6291945_jpg.rf.f60d8c60924e345385b8863d6820db26.jpg,640,640,Tomato leaf late blight,38,218,231,295
bacterial-speck-tomato-2_jpg.rf.a61efbe9272c7153664c847b3a5be454.jpg,640,640,Tomato leaf late blight,7,123,639,619
55830b60a7cf2_image_jpg.rf.d696c649027e9c405a495c2e3c4ac060.jpg,640,640,Tomato Septoria leaf spot,77,73,335,193
55830b60a7cf2_image_jpg.rf.d696c649027e9c405a495c2e3c4ac060.jpg,640,640,Tomato Septoria leaf spot,363,77,639,243
55830b60a7cf2_image_jpg.rf.d696c649027e9c405a495c2e3c4ac060.jpg,640,640,Tomato Septoria leaf spot,103,181,355,514
tomato-blight_jpg.rf.9c2a9ac008120de30697e0bacd07e000.jpg,640,640,Tomato leaf mosaic virus,17,376,248,639
tomato-blight_jpg.rf.9c2a9ac008120de30697e0bacd07e000.jpg,640,640,Tomato leaf mosaic virus,0,92,294,339
66e7583ebe11cf0bd06435e4167bd4fd_jpg.rf.5cafc0ffeac8540117630c16c4d9c520.jpg,640,640,Tomato Septoria leaf spot,6,71,634,551
4853086777_bc41d29801_jpg.rf.48df7ea85cf43792f2c9126dee86b4ad.jpg,640,640,Tomato Septoria leaf spot,283,106,346,203
4853086777_bc41d29801_jpg.rf.48df7ea85cf43792f2c9126dee86b4ad.jpg,640,640,Tomato Septoria leaf spot,370,135,468,223
4853086777_bc41d29801_jpg.rf.48df7ea85cf43792f2c9126dee86b4ad.jpg,640,640,Tomato Septoria leaf spot,78,182,241,351
4853086777_bc41d29801_jpg.rf.48df7ea85cf43792f2c9126dee86b4ad.jpg,640,640,Tomato Septoria leaf spot,164,179,361,466
4853086777_bc41d29801_jpg.rf.48df7ea85cf43792f2c9126dee86b4ad.jpg,640,640,Tomato Septoria leaf spot,336,189,467,473
4853086777_bc41d29801_jpg.rf.48df7ea85cf43792f2c9126dee86b4ad.jpg,640,640,Tomato Septoria leaf spot,114,358,205,549
4853086777_bc41d29801_jpg.rf.48df7ea85cf43792f2c9126dee86b4ad.jpg,640,640,Tomato Septoria leaf spot,456,365,567,568
4853086777_bc41d29801_jpg.rf.48df7ea85cf43792f2c9126dee86b4ad.jpg,640,640,Tomato Septoria leaf spot,362,400,473,605
4853086777_bc41d29801_jpg.rf.48df7ea85cf43792f2c9126dee86b4ad.jpg,640,640,Tomato Septoria leaf spot,288,446,447,577
ill-tomato-of-tomato-mosaic-virus-DBE17N_jpg.rf.c88ab4cd5385e5c0ec73fcd1842063de.jpg,640,640,Tomato leaf yellow virus,165,65,244,212
ill-tomato-of-tomato-mosaic-virus-DBE17N_jpg.rf.c88ab4cd5385e5c0ec73fcd1842063de.jpg,640,640,Tomato leaf yellow virus,25,163,239,283
ill-tomato-of-tomato-mosaic-virus-DBE17N_jpg.rf.c88ab4cd5385e5c0ec73fcd1842063de.jpg,640,640,Tomato leaf yellow virus,206,223,345,445
ill-tomato-of-tomato-mosaic-virus-DBE17N_jpg.rf.c88ab4cd5385e5c0ec73fcd1842063de.jpg,640,640,Tomato leaf yellow virus,495,323,563,448
ill-tomato-of-tomato-mosaic-virus-DBE17N_jpg.rf.c88ab4cd5385e5c0ec73fcd1842063de.jpg,640,640,Tomato leaf yellow virus,64,305,164,473
ill-tomato-of-tomato-mosaic-virus-DBE17N_jpg.rf.c88ab4cd5385e5c0ec73fcd1842063de.jpg,640,640,Tomato leaf yellow virus,445,455,510,589
49-20Leafmold-20Bottom_jpg.rf.213a0cdec39aab07c6288f8ec9c3c918.jpg,640,640,Tomato mold leaf,7,96,615,582
38849847120_7ae02bd6c3_b_jpg.rf.92c10407fa982deb2cec044521c8a766.jpg,640,640,Tomato leaf late blight,137,200,525,625
tomato-yellow-leaf-curl-virus-tylcv_950983_jpg.rf.46dfc5267b48207b57609c5755611685.jpg,640,640,Tomato leaf bacterial spot,525,262,633,627
tomato-yellow-leaf-curl-virus-tylcv_950983_jpg.rf.46dfc5267b48207b57609c5755611685.jpg,640,640,Tomato leaf bacterial spot,218,205,384,550
tomato-blight_jpg.rf.0a4f25502cfa81d3e3e17f01cb555d02.jpg,640,640,Tomato leaf mosaic virus,0,34,217,335
tomato-blight_jpg.rf.0a4f25502cfa81d3e3e17f01cb555d02.jpg,640,640,Tomato leaf mosaic virus,9,330,343,613
wd0phb4_jpg.rf.79c32507b57cc701d3d96ca5e2686bca.jpg,640,640,Tomato leaf yellow virus,49,40,428,615
4118c92ffde66d327ee14e4023320bf7_jpg.rf.811824c828116c72c25ca3046e9bf041.jpg,640,640,Tomato mold leaf,365,205,583,359
4118c92ffde66d327ee14e4023320bf7_jpg.rf.811824c828116c72c25ca3046e9bf041.jpg,640,640,Tomato mold leaf,430,6,596,249
4118c92ffde66d327ee14e4023320bf7_jpg.rf.811824c828116c72c25ca3046e9bf041.jpg,640,640,Tomato mold leaf,58,71,461,551
Tomato-diseases-prevention-treatment_-Early-blight__jpg.rf.3e3885d440cf8b607cdbd85b161bedee.jpg,640,640,Tomato Early blight leaf,345,275,481,582
Early-Blight-Tomatoes_jpg.rf.40b15582a2a2de91c175cebe9de3fdd7.jpg,640,640,Tomato Early blight leaf,27,0,598,617
6336392950972416_jpeg_jpg.rf.60e182cf378438867fabe97816d48f99.jpg,640,640,Tomato Septoria leaf spot,106,2,257,109
6336392950972416_jpeg_jpg.rf.60e182cf378438867fabe97816d48f99.jpg,640,640,Tomato Septoria leaf spot,8,70,154,393
6336392950972416_jpeg_jpg.rf.60e182cf378438867fabe97816d48f99.jpg,640,640,Tomato Septoria leaf spot,423,351,492,414
6336392950972416_jpeg_jpg.rf.60e182cf378438867fabe97816d48f99.jpg,640,640,Tomato Septoria leaf spot,323,178,405,340
6336392950972416_jpeg_jpg.rf.60e182cf378438867fabe97816d48f99.jpg,640,640,Tomato Septoria leaf spot,308,411,429,578
6336392950972416_jpeg_jpg.rf.60e182cf378438867fabe97816d48f99.jpg,640,640,Tomato Septoria leaf spot,235,331,357,532
6336392950972416_jpeg_jpg.rf.60e182cf378438867fabe97816d48f99.jpg,640,640,Tomato Septoria leaf spot,165,106,302,454
septoria-leaf-spot-in-tomatoes_jpg.rf.3df5acc6255c0d7fcd743382325ce859.jpg,640,640,Tomato Septoria leaf spot,12,313,634,544
leaves-curling-on-tomato-plant-characteristic-symptoms-tomato-plants-leaves-curling-down-on-tomato-plant_jpg.rf.7dfe148654a744123f3136181355a123.jpg,640,640,Tomato leaf bacterial spot,9,223,86,340
leaves-curling-on-tomato-plant-characteristic-symptoms-tomato-plants-leaves-curling-down-on-tomato-plant_jpg.rf.7dfe148654a744123f3136181355a123.jpg,640,640,Tomato leaf bacterial spot,349,349,425,471
leaves-curling-on-tomato-plant-characteristic-symptoms-tomato-plants-leaves-curling-down-on-tomato-plant_jpg.rf.7dfe148654a744123f3136181355a123.jpg,640,640,Tomato leaf bacterial spot,556,368,630,474
leaves-curling-on-tomato-plant-characteristic-symptoms-tomato-plants-leaves-curling-down-on-tomato-plant_jpg.rf.7dfe148654a744123f3136181355a123.jpg,640,640,Tomato leaf bacterial spot,517,351,560,428
leaves-curling-on-tomato-plant-characteristic-symptoms-tomato-plants-leaves-curling-down-on-tomato-plant_jpg.rf.7dfe148654a744123f3136181355a123.jpg,640,640,Tomato leaf bacterial spot,198,165,260,229
leaves-curling-on-tomato-plant-characteristic-symptoms-tomato-plants-leaves-curling-down-on-tomato-plant_jpg.rf.7dfe148654a744123f3136181355a123.jpg,640,640,Tomato leaf bacterial spot,23,345,74,445
leaves-curling-on-tomato-plant-characteristic-symptoms-tomato-plants-leaves-curling-down-on-tomato-plant_jpg.rf.7dfe148654a744123f3136181355a123.jpg,640,640,Tomato leaf bacterial spot,59,489,119,574
leaves-curling-on-tomato-plant-characteristic-symptoms-tomato-plants-leaves-curling-down-on-tomato-plant_jpg.rf.7dfe148654a744123f3136181355a123.jpg,640,640,Tomato leaf bacterial spot,106,368,149,468
leaves-curling-on-tomato-plant-characteristic-symptoms-tomato-plants-leaves-curling-down-on-tomato-plant_jpg.rf.7dfe148654a744123f3136181355a123.jpg,640,640,Tomato leaf bacterial spot,110,207,173,316
leaves-curling-on-tomato-plant-characteristic-symptoms-tomato-plants-leaves-curling-down-on-tomato-plant_jpg.rf.7dfe148654a744123f3136181355a123.jpg,640,640,Tomato leaf bacterial spot,143,16,252,122
leaves-curling-on-tomato-plant-characteristic-symptoms-tomato-plants-leaves-curling-down-on-tomato-plant_jpg.rf.7dfe148654a744123f3136181355a123.jpg,640,640,Tomato leaf bacterial spot,269,2,397,65
leaves-curling-on-tomato-plant-characteristic-symptoms-tomato-plants-leaves-curling-down-on-tomato-plant_jpg.rf.7dfe148654a744123f3136181355a123.jpg,640,640,Tomato leaf bacterial spot,496,46,596,122
leaves-curling-on-tomato-plant-characteristic-symptoms-tomato-plants-leaves-curling-down-on-tomato-plant_jpg.rf.7dfe148654a744123f3136181355a123.jpg,640,640,Tomato leaf bacterial spot,514,137,629,329
leaves-curling-on-tomato-plant-characteristic-symptoms-tomato-plants-leaves-curling-down-on-tomato-plant_jpg.rf.7dfe148654a744123f3136181355a123.jpg,640,640,Tomato leaf bacterial spot,332,146,445,285
leaves-curling-on-tomato-plant-characteristic-symptoms-tomato-plants-leaves-curling-down-on-tomato-plant_jpg.rf.7dfe148654a744123f3136181355a123.jpg,640,640,Tomato leaf bacterial spot,414,189,469,300
leaves-curling-on-tomato-plant-characteristic-symptoms-tomato-plants-leaves-curling-down-on-tomato-plant_jpg.rf.7dfe148654a744123f3136181355a123.jpg,640,640,Tomato leaf bacterial spot,507,503,576,639
leaves-curling-on-tomato-plant-characteristic-symptoms-tomato-plants-leaves-curling-down-on-tomato-plant_jpg.rf.7dfe148654a744123f3136181355a123.jpg,640,640,Tomato leaf bacterial spot,340,473,458,590
leaves-curling-on-tomato-plant-characteristic-symptoms-tomato-plants-leaves-curling-down-on-tomato-plant_jpg.rf.7dfe148654a744123f3136181355a123.jpg,640,640,Tomato leaf bacterial spot,138,483,257,639
leaves-curling-on-tomato-plant-characteristic-symptoms-tomato-plants-leaves-curling-down-on-tomato-plant_jpg.rf.7dfe148654a744123f3136181355a123.jpg,640,640,Tomato leaf bacterial spot,189,423,263,506
leaves-curling-on-tomato-plant-characteristic-symptoms-tomato-plants-leaves-curling-down-on-tomato-plant_jpg.rf.7dfe148654a744123f3136181355a123.jpg,640,640,Tomato leaf bacterial spot,211,345,282,412
leaves-curling-on-tomato-plant-characteristic-symptoms-tomato-plants-leaves-curling-down-on-tomato-plant_jpg.rf.7dfe148654a744123f3136181355a123.jpg,640,640,Tomato leaf bacterial spot,297,343,366,411
leaves-curling-on-tomato-plant-characteristic-symptoms-tomato-plants-leaves-curling-down-on-tomato-plant_jpg.rf.7dfe148654a744123f3136181355a123.jpg,640,640,Tomato leaf bacterial spot,254,425,312,600
early-blight-or-target-spot-alternaria-solani-lesions-on-a-tomato-AXK6AY_jpg.rf.b024c9de12387cbc0164edae48959d25.jpg,640,640,Tomato Early blight leaf,30,150,616,544
7262-drought_jpg.rf.c1c0eb96e8229f4542a84d433f2e78f4.jpg,640,640,Tomato leaf mosaic virus,81,44,584,639
leaf_mold_tomato5x1200_jpg.rf.8e21f2ef13ce2abb353cb3e541d01d2f.jpg,640,640,Tomato mold leaf,76,19,621,633
leaf_mold_tomato5x1200_jpg.rf.8e21f2ef13ce2abb353cb3e541d01d2f.jpg,640,640,Tomato mold leaf,0,18,326,237
Figure-3-7_jpg.rf.1476b4f2e4c81b2964c5d714a93bab62.jpg,640,640,Tomato leaf late blight,103,153,580,401
Septoria-2Bleaf-2Bspot_tomato_JPG_jpg.rf.40c08f216e2231c32eeffccdfd4927c3.jpg,640,640,Tomato Septoria leaf spot,0,77,160,403
Septoria-2Bleaf-2Bspot_tomato_JPG_jpg.rf.40c08f216e2231c32eeffccdfd4927c3.jpg,640,640,Tomato Septoria leaf spot,71,179,320,621
Septoria-2Bleaf-2Bspot_tomato_JPG_jpg.rf.40c08f216e2231c32eeffccdfd4927c3.jpg,640,640,Tomato Septoria leaf spot,320,140,634,397
leaf_mold_tomato5x1200_jpg.rf.5ec9449a2a399e877337e33158abebcb.jpg,640,640,Tomato mold leaf,74,20,625,638
leaf_mold_tomato5x1200_jpg.rf.5ec9449a2a399e877337e33158abebcb.jpg,640,640,Tomato mold leaf,0,19,326,236
earlyblight_jpg.rf.94a5578c82d87dc3cbf124fcac8bec07.jpg,640,640,Tomato Early blight leaf,280,3,638,609
Early-Blight-Tomatoes_jpg.rf.d2159e0cf3b9411e1733615fe79a8cf4.jpg,640,640,Tomato Early blight leaf,63,45,595,633
tomato-leaf-6424287_jpg.rf.4eb64a3a643b502c4ce47617e7bb00cb.jpg,640,640,Tomato leaf bacterial spot,141,368,425,592
tomato-leaf-6424287_jpg.rf.4eb64a3a643b502c4ce47617e7bb00cb.jpg,640,640,Tomato leaf bacterial spot,129,106,396,452
tomato-leaf-6424287_jpg.rf.4eb64a3a643b502c4ce47617e7bb00cb.jpg,640,640,Tomato leaf bacterial spot,313,93,492,432
septoria-leafspot-on-tomato-leaf-rp-c_jpg.rf.de818b5acfffbd05199c54f0bc5dc5ae.jpg,640,640,Tomato Septoria leaf spot,0,13,592,624
tomato-leaf-2_jpg.rf.c33d2f16564f5afcd8d5f499d15ebd09.jpg,640,640,Tomato mold leaf,23,11,639,605
Leaf-mold-tomato-25282-2529-JPG_jpg.rf.8d6188752e239531f9ad3e53cf619186.jpg,640,640,Tomato mold leaf,303,326,463,519
Leaf-mold-tomato-25282-2529-JPG_jpg.rf.8d6188752e239531f9ad3e53cf619186.jpg,640,640,Tomato mold leaf,80,250,263,492
Leaf-mold-tomato-25282-2529-JPG_jpg.rf.8d6188752e239531f9ad3e53cf619186.jpg,640,640,Tomato mold leaf,305,236,446,367
Leaf-mold-tomato-25282-2529-JPG_jpg.rf.8d6188752e239531f9ad3e53cf619186.jpg,640,640,Tomato mold leaf,81,133,255,290
Leaf-mold-tomato-25282-2529-JPG_jpg.rf.8d6188752e239531f9ad3e53cf619186.jpg,640,640,Tomato mold leaf,296,127,484,268
Leaf-mold-tomato-25282-2529-JPG_jpg.rf.8d6188752e239531f9ad3e53cf619186.jpg,640,640,Tomato mold leaf,432,142,600,304
Leaf-mold-tomato-25282-2529-JPG_jpg.rf.8d6188752e239531f9ad3e53cf619186.jpg,640,640,Tomato mold leaf,394,51,592,185
Leaf-mold-tomato-25282-2529-JPG_jpg.rf.8d6188752e239531f9ad3e53cf619186.jpg,640,640,Tomato mold leaf,250,0,354,98
Leaf-mold-tomato-25282-2529-JPG_jpg.rf.8d6188752e239531f9ad3e53cf619186.jpg,640,640,Tomato mold leaf,173,436,316,627
leaf_mold_tomato4x1200_jpg.rf.ae5c5bb3308246800df22bab64bfb705.jpg,640,640,Tomato mold leaf,147,0,638,638
leaf_mold_tomato4x1200_jpg.rf.ae5c5bb3308246800df22bab64bfb705.jpg,640,640,Tomato mold leaf,0,7,274,578
Septoria-leaf-spot-on-tomato-FOR-WEB_jpg.rf.4bc7b2e65017e72ea0b84db9bb892441.jpg,640,640,Tomato Septoria leaf spot,351,342,554,631
Septoria-leaf-spot-on-tomato-FOR-WEB_jpg.rf.4bc7b2e65017e72ea0b84db9bb892441.jpg,640,640,Tomato Septoria leaf spot,58,68,390,431
Septoria-leaf-spot-on-tomato-FOR-WEB_jpg.rf.4bc7b2e65017e72ea0b84db9bb892441.jpg,640,640,Tomato Septoria leaf spot,346,66,475,343
gardening-moisture-lateblight-tomato-leaf_jpg.rf.9177289debdb402752a96449fd4b4ca3.jpg,640,640,Tomato leaf yellow virus,46,42,591,629
Septoria-2Bleaf-2Bspot-tomato-JPG_jpg.rf.0016f0fa95f7cfc3b9f5baa8d414a06c.jpg,640,640,Tomato Septoria leaf spot,0,138,326,415
Septoria-2Bleaf-2Bspot-tomato-JPG_jpg.rf.0016f0fa95f7cfc3b9f5baa8d414a06c.jpg,640,640,Tomato Septoria leaf spot,309,154,597,617
leaf_mold_tomato7x1200_jpg.rf.c056a69d7a427bdc7da573b106827b44.jpg,640,640,Tomato mold leaf,0,0,518,561
Leaf-Spot-300x253_jpg.rf.0176847d89abe47b753f1cbea279ef2d.jpg,640,640,Tomato leaf mosaic virus,57,58,320,570
Leaf-Spot-300x253_jpg.rf.0176847d89abe47b753f1cbea279ef2d.jpg,640,640,Tomato leaf mosaic virus,314,237,518,595
earlyblighttomato_jpg.rf.97f9c456f35d572ccfef27506afd10ea.jpg,640,640,Tomato Early blight leaf,0,19,562,602
septoria-leaf-spot-2_jpg.rf.22dfb2276065c2af1e5969ddfd7a38b2.jpg,640,640,Tomato Septoria leaf spot,336,336,525,599
septoria-leaf-spot-2_jpg.rf.22dfb2276065c2af1e5969ddfd7a38b2.jpg,640,640,Tomato Septoria leaf spot,331,5,517,282
septoria-leaf-spot-2_jpg.rf.22dfb2276065c2af1e5969ddfd7a38b2.jpg,640,640,Tomato Septoria leaf spot,3,154,355,417
5315825271570432-600x272_jpeg_jpg.rf.c6d41b8cc70ac6e17eaf6fd0893e3e3e.jpg,640,640,Tomato Septoria leaf spot,273,5,570,637
5315825271570432-600x272_jpeg_jpg.rf.c6d41b8cc70ac6e17eaf6fd0893e3e3e.jpg,640,640,Tomato Septoria leaf spot,10,19,176,273
5315825271570432-600x272_jpeg_jpg.rf.c6d41b8cc70ac6e17eaf6fd0893e3e3e.jpg,640,640,Tomato Septoria leaf spot,2,257,266,637
tomato-leaf-6291945_jpg.rf.99c214e13da822d1eeea3e50eb6cfd03.jpg,640,640,Tomato leaf bacterial spot,247,408,431,620
tomato-leaf-6291945_jpg.rf.99c214e13da822d1eeea3e50eb6cfd03.jpg,640,640,Tomato leaf bacterial spot,406,345,600,426
tomato-leaf-6291945_jpg.rf.99c214e13da822d1eeea3e50eb6cfd03.jpg,640,640,Tomato leaf bacterial spot,137,333,385,416
tomato-leaf-6291945_jpg.rf.99c214e13da822d1eeea3e50eb6cfd03.jpg,640,640,Tomato leaf bacterial spot,379,264,633,344
tomato-leaf-6291945_jpg.rf.99c214e13da822d1eeea3e50eb6cfd03.jpg,640,640,Tomato leaf bacterial spot,89,239,337,338
tomato-leaf-6291945_jpg.rf.99c214e13da822d1eeea3e50eb6cfd03.jpg,640,640,Tomato leaf bacterial spot,382,169,613,260
tomato-leaf-6291945_jpg.rf.99c214e13da822d1eeea3e50eb6cfd03.jpg,640,640,Tomato leaf bacterial spot,84,144,348,231
Fig_-2016_opt_jpg.rf.494ee7ab57d124f2b100f68022b2007f.jpg,640,640,Tomato mold leaf,31,3,562,639
leaf-spot3-big_jpg.rf.eb527e43cc1549f7c0dbe6834c3c2c82.jpg,640,640,Tomato leaf mosaic virus,188,313,328,490
leaf-spot3-big_jpg.rf.eb527e43cc1549f7c0dbe6834c3c2c82.jpg,640,640,Tomato leaf mosaic virus,234,69,337,203
leaf-spot3-big_jpg.rf.eb527e43cc1549f7c0dbe6834c3c2c82.jpg,640,640,Tomato leaf mosaic virus,60,77,228,511
leaf-spot3-big_jpg.rf.eb527e43cc1549f7c0dbe6834c3c2c82.jpg,640,640,Tomato leaf mosaic virus,275,145,580,603
septoria-leafspot-on-tomato-leaf-rp-c_jpg.rf.bea97592ccb1fa2d837085dbce452c4d.jpg,640,640,Tomato Septoria leaf spot,0,0,638,638
Figure-4_jpg.rf.79760668f93e5426b33136735159affd.jpg,640,640,Tomato leaf,315,100,524,205
Figure-4_jpg.rf.79760668f93e5426b33136735159affd.jpg,640,640,Tomato leaf,106,191,263,303
Figure-4_jpg.rf.79760668f93e5426b33136735159affd.jpg,640,640,Tomato leaf,195,256,260,313
Figure-4_jpg.rf.79760668f93e5426b33136735159affd.jpg,640,640,Tomato leaf,473,188,630,291
Figure-4_jpg.rf.79760668f93e5426b33136735159affd.jpg,640,640,Tomato leaf,90,359,168,450
Figure-4_jpg.rf.79760668f93e5426b33136735159affd.jpg,640,640,Tomato leaf,216,324,333,431
Figure-4_jpg.rf.79760668f93e5426b33136735159affd.jpg,640,640,Tomato leaf,481,269,614,406
Figure-4_jpg.rf.79760668f93e5426b33136735159affd.jpg,640,640,Tomato leaf,237,386,354,480
tomato-blight-treatment-blight_jpg.rf.de9003a8b9b2d9f936610190df8cfee2.jpg,640,640,Tomato Septoria leaf spot,0,224,557,608
Leaf-mold-tomato-25282-2529-JPG_jpg.rf.7e7246259dc576d25b0d6934870a205e.jpg,640,640,Tomato mold leaf,312,325,465,513
Leaf-mold-tomato-25282-2529-JPG_jpg.rf.7e7246259dc576d25b0d6934870a205e.jpg,640,640,Tomato mold leaf,88,260,262,497
Leaf-mold-tomato-25282-2529-JPG_jpg.rf.7e7246259dc576d25b0d6934870a205e.jpg,640,640,Tomato mold leaf,306,235,443,361
Leaf-mold-tomato-25282-2529-JPG_jpg.rf.7e7246259dc576d25b0d6934870a205e.jpg,640,640,Tomato mold leaf,78,144,247,295
Leaf-mold-tomato-25282-2529-JPG_jpg.rf.7e7246259dc576d25b0d6934870a205e.jpg,640,640,Tomato mold leaf,292,127,476,261
Leaf-mold-tomato-25282-2529-JPG_jpg.rf.7e7246259dc576d25b0d6934870a205e.jpg,640,640,Tomato mold leaf,430,135,592,292
Leaf-mold-tomato-25282-2529-JPG_jpg.rf.7e7246259dc576d25b0d6934870a205e.jpg,640,640,Tomato mold leaf,386,46,580,172
Leaf-mold-tomato-25282-2529-JPG_jpg.rf.7e7246259dc576d25b0d6934870a205e.jpg,640,640,Tomato mold leaf,238,0,339,97
Leaf-mold-tomato-25282-2529-JPG_jpg.rf.7e7246259dc576d25b0d6934870a205e.jpg,640,640,Tomato mold leaf,188,442,322,628
66e7583ebe11cf0bd06435e4167bd4fd_jpg.rf.58ed81cd927d9714d66db32b60aaff36.jpg,640,640,Tomato Septoria leaf spot,0,60,638,597
Figure-4_jpg.rf.ee1013be6abdee390ebc3e3a350ce88f.jpg,640,640,Tomato leaf bacterial spot,371,243,429,288
Figure-4_jpg.rf.ee1013be6abdee390ebc3e3a350ce88f.jpg,640,640,Tomato leaf bacterial spot,320,390,423,461
Figure-4_jpg.rf.ee1013be6abdee390ebc3e3a350ce88f.jpg,640,640,Tomato leaf bacterial spot,492,320,551,397
Figure-4_jpg.rf.ee1013be6abdee390ebc3e3a350ce88f.jpg,640,640,Tomato leaf bacterial spot,83,147,288,211
Figure-4_jpg.rf.ee1013be6abdee390ebc3e3a350ce88f.jpg,640,640,Tomato leaf bacterial spot,6,256,148,327
Figure-4_jpg.rf.ee1013be6abdee390ebc3e3a350ce88f.jpg,640,640,Tomato leaf bacterial spot,45,333,154,449
Figure-4_jpg.rf.ee1013be6abdee390ebc3e3a350ce88f.jpg,640,640,Tomato leaf bacterial spot,327,320,428,409
Figure-4_jpg.rf.ee1013be6abdee390ebc3e3a350ce88f.jpg,640,640,Tomato leaf bacterial spot,365,180,506,263
tomato-disease-septoria-leaf-spot-d7e1x9_jpg.rf.fc9e2525b7fdbbe12055148a3d4d07a1.jpg,640,640,Tomato Septoria leaf spot,159,153,579,550
38849847120_7ae02bd6c3_b_jpg.rf.eadc074b2e81a6962e592482c887d61a.jpg,640,640,Tomato leaf late blight,99,179,536,639
4853086777_bc41d29801_jpg.rf.d9a7e1d3ed54314408456b18a2ac0a44.jpg,640,640,Tomato Septoria leaf spot,281,109,333,206
4853086777_bc41d29801_jpg.rf.d9a7e1d3ed54314408456b18a2ac0a44.jpg,640,640,Tomato Septoria leaf spot,160,129,255,256
4853086777_bc41d29801_jpg.rf.d9a7e1d3ed54314408456b18a2ac0a44.jpg,640,640,Tomato Septoria leaf spot,103,390,192,582
4853086777_bc41d29801_jpg.rf.d9a7e1d3ed54314408456b18a2ac0a44.jpg,640,640,Tomato Septoria leaf spot,199,416,288,609
4853086777_bc41d29801_jpg.rf.d9a7e1d3ed54314408456b18a2ac0a44.jpg,640,640,Tomato Septoria leaf spot,218,461,365,576
4853086777_bc41d29801_jpg.rf.d9a7e1d3ed54314408456b18a2ac0a44.jpg,640,640,Tomato Septoria leaf spot,192,205,294,480
4853086777_bc41d29801_jpg.rf.d9a7e1d3ed54314408456b18a2ac0a44.jpg,640,640,Tomato Septoria leaf spot,295,186,467,455
4853086777_bc41d29801_jpg.rf.d9a7e1d3ed54314408456b18a2ac0a44.jpg,640,640,Tomato Septoria leaf spot,403,172,551,326
4853086777_bc41d29801_jpg.rf.d9a7e1d3ed54314408456b18a2ac0a44.jpg,640,640,Tomato Septoria leaf spot,461,346,532,531
leaf_mold_tomato5x1200_jpg.rf.b081ad865d73a1e7bc1a1db4bae335b7.jpg,640,640,Tomato mold leaf,66,0,640,494
Figure-4_jpg.rf.65471d8c1a4fce7270ecc4218ee3949f.jpg,640,640,Tomato leaf bacterial spot,374,242,431,288
Figure-4_jpg.rf.65471d8c1a4fce7270ecc4218ee3949f.jpg,640,640,Tomato leaf bacterial spot,319,388,422,462
Figure-4_jpg.rf.65471d8c1a4fce7270ecc4218ee3949f.jpg,640,640,Tomato leaf bacterial spot,490,322,553,399
Figure-4_jpg.rf.65471d8c1a4fce7270ecc4218ee3949f.jpg,640,640,Tomato leaf bacterial spot,86,148,285,209
Figure-4_jpg.rf.65471d8c1a4fce7270ecc4218ee3949f.jpg,640,640,Tomato leaf bacterial spot,6,257,149,329
Figure-4_jpg.rf.65471d8c1a4fce7270ecc4218ee3949f.jpg,640,640,Tomato leaf bacterial spot,48,331,157,446
Figure-4_jpg.rf.65471d8c1a4fce7270ecc4218ee3949f.jpg,640,640,Tomato leaf bacterial spot,329,323,428,409
Figure-4_jpg.rf.65471d8c1a4fce7270ecc4218ee3949f.jpg,640,640,Tomato leaf bacterial spot,366,177,508,260
tomato-disease-septoria-leaf-spot-d7e1xe_jpg.rf.32c621b3abb86c8589677e0a56a97da6.jpg,640,640,Tomato Septoria leaf spot,58,148,262,237
tomato-disease-septoria-leaf-spot-d7e1xe_jpg.rf.32c621b3abb86c8589677e0a56a97da6.jpg,640,640,Tomato Septoria leaf spot,313,102,532,250
tomato-disease-septoria-leaf-spot-d7e1xe_jpg.rf.32c621b3abb86c8589677e0a56a97da6.jpg,640,640,Tomato Septoria leaf spot,358,256,634,353
tomato-disease-septoria-leaf-spot-d7e1xe_jpg.rf.32c621b3abb86c8589677e0a56a97da6.jpg,640,640,Tomato Septoria leaf spot,230,333,428,601
tomato-disease-septoria-leaf-spot-d7e1xe_jpg.rf.32c621b3abb86c8589677e0a56a97da6.jpg,640,640,Tomato Septoria leaf spot,26,256,269,442
leaf_mold_tomato5x1200_jpg.rf.628c5ad9593c13e919f4e13c8dfcb8a2.jpg,640,640,Tomato mold leaf,79,0,639,520
Figure-4_jpg.rf.533c765feff65e1f6d28ff105f610a4b.jpg,640,640,Tomato leaf,51,371,260,478
Figure-4_jpg.rf.533c765feff65e1f6d28ff105f610a4b.jpg,640,640,Tomato leaf,329,389,488,505
Figure-4_jpg.rf.533c765feff65e1f6d28ff105f610a4b.jpg,640,640,Tomato leaf,353,365,418,423
Figure-4_jpg.rf.533c765feff65e1f6d28ff105f610a4b.jpg,640,640,Tomato leaf,0,235,157,341
Figure-4_jpg.rf.533c765feff65e1f6d28ff105f610a4b.jpg,640,640,Tomato leaf,489,286,569,377
Figure-4_jpg.rf.533c765feff65e1f6d28ff105f610a4b.jpg,640,640,Tomato leaf,329,235,446,343
Figure-4_jpg.rf.533c765feff65e1f6d28ff105f610a4b.jpg,640,640,Tomato leaf,58,132,192,270
Figure-4_jpg.rf.533c765feff65e1f6d28ff105f610a4b.jpg,640,640,Tomato leaf,335,183,453,280
tomato-early-blight-1_jpg.rf.08d6be2fdc0832d3ae24eb0baa28ff06.jpg,640,640,Tomato Early blight leaf,63,252,420,599
LateBlightLeaf_jpg.rf.d2c4746a47ff17654cf7cc2a02187bfd.jpg,640,640,Tomato leaf mosaic virus,41,187,384,451
leaf_mold_tomato6x1200_jpg.rf.f1f448460e1e896904fe3e7b13ee0525.jpg,640,640,Tomato mold leaf,505,339,617,533
leaf_mold_tomato6x1200_jpg.rf.f1f448460e1e896904fe3e7b13ee0525.jpg,640,640,Tomato mold leaf,83,120,215,317
leaf_mold_tomato6x1200_jpg.rf.f1f448460e1e896904fe3e7b13ee0525.jpg,640,640,Tomato mold leaf,343,371,520,606
leaf_mold_tomato6x1200_jpg.rf.f1f448460e1e896904fe3e7b13ee0525.jpg,640,640,Tomato mold leaf,360,129,552,414
leaf_mold_tomato6x1200_jpg.rf.f1f448460e1e896904fe3e7b13ee0525.jpg,640,640,Tomato mold leaf,9,205,137,539
leaf_mold_tomato6x1200_jpg.rf.f1f448460e1e896904fe3e7b13ee0525.jpg,640,640,Tomato mold leaf,231,256,377,562
leaf_mold_tomato6x1200_jpg.rf.f1f448460e1e896904fe3e7b13ee0525.jpg,640,640,Tomato mold leaf,276,127,345,356
Fig-2014_opta_jpg.rf.cd655c7ee9e4d77c4315c4675c287fb1.jpg,640,640,Tomato leaf mosaic virus,47,266,419,497
Tomato-Canker-Marginal-Necrosis-Leaf-GH-Guat-50-QUALITY-10e6dzu_jpg.rf.66fc6c6bd1df6f8cdea3dbd8e6c2e629.jpg,640,640,Tomato leaf mosaic virus,6,141,512,582
Tomato-Canker-Marginal-Necrosis-Leaf-GH-Guat-50-QUALITY-10e6dzu_jpg.rf.66fc6c6bd1df6f8cdea3dbd8e6c2e629.jpg,640,640,Tomato leaf mosaic virus,454,13,634,372
4853086777_bc41d29801_jpg.rf.95acc96c46c2feccf6defa82e67fd20c.jpg,640,640,Tomato Septoria leaf spot,315,108,377,204
4853086777_bc41d29801_jpg.rf.95acc96c46c2feccf6defa82e67fd20c.jpg,640,640,Tomato Septoria leaf spot,396,158,493,244
4853086777_bc41d29801_jpg.rf.95acc96c46c2feccf6defa82e67fd20c.jpg,640,640,Tomato Septoria leaf spot,93,154,253,320
4853086777_bc41d29801_jpg.rf.95acc96c46c2feccf6defa82e67fd20c.jpg,640,640,Tomato Septoria leaf spot,166,169,360,453
4853086777_bc41d29801_jpg.rf.95acc96c46c2feccf6defa82e67fd20c.jpg,640,640,Tomato Septoria leaf spot,334,205,461,488
4853086777_bc41d29801_jpg.rf.95acc96c46c2feccf6defa82e67fd20c.jpg,640,640,Tomato Septoria leaf spot,92,326,180,515
4853086777_bc41d29801_jpg.rf.95acc96c46c2feccf6defa82e67fd20c.jpg,640,640,Tomato Septoria leaf spot,425,399,533,601
4853086777_bc41d29801_jpg.rf.95acc96c46c2feccf6defa82e67fd20c.jpg,640,640,Tomato Septoria leaf spot,327,416,435,619
4853086777_bc41d29801_jpg.rf.95acc96c46c2feccf6defa82e67fd20c.jpg,640,640,Tomato Septoria leaf spot,253,452,410,580
main-qimg-d9c2a93f60568485c989670d9bbf703b_jpg.rf.58ca79eec3cdf7ac9cf71f67b3b4ec9e.jpg,640,640,Tomato leaf late blight,31,178,429,557
main-qimg-d9c2a93f60568485c989670d9bbf703b_jpg.rf.58ca79eec3cdf7ac9cf71f67b3b4ec9e.jpg,640,640,Tomato leaf late blight,246,45,514,219
main-qimg-d9c2a93f60568485c989670d9bbf703b_jpg.rf.58ca79eec3cdf7ac9cf71f67b3b4ec9e.jpg,640,640,Tomato leaf late blight,431,216,552,639
leaf_mold_tomato7x1200_jpg.rf.8b3c28d89ea4803038f5475cc5e2e1a1.jpg,640,640,Tomato mold leaf,14,8,634,639
leaf-2Binf-2B800-2B1_jpg.rf.b21ee89af47cd88d981046cf3e7f32b9.jpg,640,640,Tomato mold leaf,185,268,301,384
leaf-2Binf-2B800-2B1_jpg.rf.b21ee89af47cd88d981046cf3e7f32b9.jpg,640,640,Tomato mold leaf,307,192,627,570
Bean-rust-on-leaves_jpg.rf.f9df7fcf8f7a795bab8e3653a12ae1ca.jpg,640,640,Tomato Septoria leaf spot,257,6,605,294
Bean-rust-on-leaves_jpg.rf.f9df7fcf8f7a795bab8e3653a12ae1ca.jpg,640,640,Tomato Septoria leaf spot,45,193,282,513
Bean-rust-on-leaves_jpg.rf.f9df7fcf8f7a795bab8e3653a12ae1ca.jpg,640,640,Tomato Septoria leaf spot,242,232,536,634
leaf_mold_tomato7x1200_jpg.rf.d0a7678509acd38ccae36932dd59932a.jpg,640,640,Tomato mold leaf,12,6,634,634
6134794031202304-600x272_jpeg_jpg.rf.aa32ef4a8c4c0a625913348491730439.jpg,640,640,Tomato Septoria leaf spot,66,12,423,637
6134794031202304-600x272_jpeg_jpg.rf.aa32ef4a8c4c0a625913348491730439.jpg,640,640,Tomato Septoria leaf spot,409,186,594,637
BCH-20medium-20thumbnail-20for-20upload-20-2861-29_jpg.rf.778b2476e02e5bf39d5ef4e500443d45.jpg,640,640,Tomato Septoria leaf spot,0,0,260,474
BCH-20medium-20thumbnail-20for-20upload-20-2861-29_jpg.rf.778b2476e02e5bf39d5ef4e500443d45.jpg,640,640,Tomato Septoria leaf spot,187,202,438,502
BCH-20medium-20thumbnail-20for-20upload-20-2861-29_jpg.rf.778b2476e02e5bf39d5ef4e500443d45.jpg,640,640,Tomato Septoria leaf spot,211,0,469,189
IMG_2254-JPG_jpg.rf.09810364e46768f02f0c9d30053c11d9.jpg,640,640,Tomato Early blight leaf,287,13,573,473
IMG_2254-JPG_jpg.rf.09810364e46768f02f0c9d30053c11d9.jpg,640,640,Tomato Early blight leaf,0,97,265,563
6134794031202304-jpeg_jpg.rf.74edd1e9ff6425638a89dac2ef6981ed.jpg,640,640,Tomato leaf late blight,51,156,412,556
6134794031202304-jpeg_jpg.rf.74edd1e9ff6425638a89dac2ef6981ed.jpg,640,640,Tomato leaf late blight,399,262,570,443
early-blight1_jpg.rf.59affabd3b7a5301f1ff91c72341807f.jpg,640,640,Tomato Early blight leaf,281,13,634,576
early-blight1_jpg.rf.59affabd3b7a5301f1ff91c72341807f.jpg,640,640,Tomato Early blight leaf,6,128,269,557
patarea-bacteriana-frunzelor-pseudomonas-syringae-maculicola-31_5_2_jpg.rf.cc9f1c929e15333f0276a1910df5dd7e.jpg,640,640,Tomato leaf mosaic virus,33,17,639,617
tomato-disease-septoria-leaf-spot-d7e1x9_jpg.rf.06ee700fe30d755aa3182e2a5ecb8a38.jpg,640,640,Tomato Septoria leaf spot,289,493,486,619
tomato-disease-septoria-leaf-spot-d7e1x9_jpg.rf.06ee700fe30d755aa3182e2a5ecb8a38.jpg,640,640,Tomato Septoria leaf spot,130,68,613,531
tomato-disease-septoria-leaf-spot-d7e1x9_jpg.rf.06ee700fe30d755aa3182e2a5ecb8a38.jpg,640,640,Tomato Septoria leaf spot,148,500,294,585
fwa2013313115151_jpg.rf.b298cbafc01f47adc168571588fe9754.jpg,640,640,Tomato leaf bacterial spot,474,505,601,608
fwa2013313115151_jpg.rf.b298cbafc01f47adc168571588fe9754.jpg,640,640,Tomato leaf bacterial spot,395,392,440,494
fwa2013313115151_jpg.rf.b298cbafc01f47adc168571588fe9754.jpg,640,640,Tomato leaf bacterial spot,351,382,406,469
fwa2013313115151_jpg.rf.b298cbafc01f47adc168571588fe9754.jpg,640,640,Tomato leaf bacterial spot,174,128,314,232
fwa2013313115151_jpg.rf.b298cbafc01f47adc168571588fe9754.jpg,640,640,Tomato leaf bacterial spot,205,8,340,106
fwa2013313115151_jpg.rf.b298cbafc01f47adc168571588fe9754.jpg,640,640,Tomato leaf bacterial spot,354,26,494,145
fwa2013313115151_jpg.rf.b298cbafc01f47adc168571588fe9754.jpg,640,640,Tomato leaf bacterial spot,388,192,548,305
fwa2013313115151_jpg.rf.b298cbafc01f47adc168571588fe9754.jpg,640,640,Tomato leaf bacterial spot,248,291,365,392
fwa2013313115151_jpg.rf.b298cbafc01f47adc168571588fe9754.jpg,640,640,Tomato leaf bacterial spot,194,236,320,342
fwa2013313115151_jpg.rf.b298cbafc01f47adc168571588fe9754.jpg,640,640,Tomato leaf bacterial spot,451,365,574,494
fwa2013313115151_jpg.rf.b298cbafc01f47adc168571588fe9754.jpg,640,640,Tomato leaf bacterial spot,2,392,251,608
eblight5_jpg.rf.33fdb4b85c5f68b65bb172b8a5c08967.jpg,640,640,Tomato Early blight leaf,212,167,430,505
late-blight-tomato-leaf_jpg.rf.35f5028d669dda5f459f03aa83bf5166.jpg,640,640,Tomato leaf mosaic virus,209,204,463,496
Original_e-blight_JPG_rend_hgtvcom_966_725_jpeg_jpg.rf.e2ef49273403a711ff94cbca99df5dec.jpg,640,640,Tomato Early blight leaf,66,8,443,629
Septoria-461x346_jpg.rf.be2d9cd9effb47c246b4f32dd114203b.jpg,640,640,Tomato Septoria leaf spot,0,7,638,638
bacterial-speck-tomato-2_jpg.rf.1ebd5e988db2a4518b9afbf9d4ecb747.jpg,640,640,Tomato leaf late blight,36,161,639,576
7-17-Photo3_Septoria-MARY_jpg.rf.232f333a6a31251967a74655768e3cef.jpg,640,640,Tomato Septoria leaf spot,570,408,639,620
7-17-Photo3_Septoria-MARY_jpg.rf.232f333a6a31251967a74655768e3cef.jpg,640,640,Tomato Septoria leaf spot,2,5,131,502
7-17-Photo3_Septoria-MARY_jpg.rf.232f333a6a31251967a74655768e3cef.jpg,640,640,Tomato Septoria leaf spot,169,280,254,557
7-17-Photo3_Septoria-MARY_jpg.rf.232f333a6a31251967a74655768e3cef.jpg,640,640,Tomato Septoria leaf spot,288,10,585,559
TomatoLateBlight-3-Underside-2ebj05b-300x225_jpg.rf.6c9eec56b53849a5c04e5f610c676e14.jpg,640,640,Tomato leaf yellow virus,2,11,623,637
Septoria-2Bleaf-2Bspot_tomato_JPG_jpg.rf.d0bccda586821be42bfb89a73200bbfd.jpg,640,640,Tomato Septoria leaf spot,2,76,160,405
Septoria-2Bleaf-2Bspot_tomato_JPG_jpg.rf.d0bccda586821be42bfb89a73200bbfd.jpg,640,640,Tomato Septoria leaf spot,71,176,320,619
Septoria-2Bleaf-2Bspot_tomato_JPG_jpg.rf.d0bccda586821be42bfb89a73200bbfd.jpg,640,640,Tomato Septoria leaf spot,322,139,639,388
Tomato-Early-Blight-e1513806873934_jpg.rf.1df74dec8ff57b2ea53a6128d5dc8765.jpg,640,640,Tomato Early blight leaf,54,389,389,640
Tomato-Early-Blight-e1513806873934_jpg.rf.1df74dec8ff57b2ea53a6128d5dc8765.jpg,640,640,Tomato Early blight leaf,30,0,534,455
Original_e-blight-JPG-rend-hgtvcom-966-725-jpeg_jpg.rf.aadfe3990503086d1960aafcbeaf888a.jpg,640,640,Tomato Early blight leaf,4,0,504,638
tomato-leaf-6424287_jpg.rf.2beecd21d44d28faa9ad4fbd8524562b.jpg,640,640,Tomato leaf bacterial spot,213,373,490,589
tomato-leaf-6424287_jpg.rf.2beecd21d44d28faa9ad4fbd8524562b.jpg,640,640,Tomato leaf bacterial spot,251,113,508,450
tomato-leaf-6424287_jpg.rf.2beecd21d44d28faa9ad4fbd8524562b.jpg,640,640,Tomato leaf bacterial spot,156,92,324,426
5816740026_d42ef24413_Phytophthora-Infestans_jpg.rf.bc1c1601cb0b76e044916d5aea80d866.jpg,640,640,Tomato leaf mosaic virus,128,39,549,533
Early-blight_jpg.rf.36eb96d825dfb2293f65b48ccae875bf.jpg,640,640,Tomato Early blight leaf,122,83,423,275
Early-blight_jpg.rf.36eb96d825dfb2293f65b48ccae875bf.jpg,640,640,Tomato Early blight leaf,13,352,193,499
septoria-leafspot-on-tomato-leaf-rp-c_jpg.rf.71c6a50b3bb9458baf8eef03f8ae2cb9.jpg,640,640,Tomato Septoria leaf spot,0,12,589,628
Leaf-mold-tomato-25283-2529_JPG_jpg.rf.b7ab0d3ec81e6c25e9df1385c305b6bc.jpg,640,640,Tomato mold leaf,230,460,372,634
Leaf-mold-tomato-25283-2529_JPG_jpg.rf.b7ab0d3ec81e6c25e9df1385c305b6bc.jpg,640,640,Tomato mold leaf,320,467,385,538
Leaf-mold-tomato-25283-2529_JPG_jpg.rf.b7ab0d3ec81e6c25e9df1385c305b6bc.jpg,640,640,Tomato mold leaf,390,479,544,615
Leaf-mold-tomato-25283-2529_JPG_jpg.rf.b7ab0d3ec81e6c25e9df1385c305b6bc.jpg,640,640,Tomato mold leaf,160,435,237,582
Leaf-mold-tomato-25283-2529_JPG_jpg.rf.b7ab0d3ec81e6c25e9df1385c305b6bc.jpg,640,640,Tomato mold leaf,346,249,531,397
Leaf-mold-tomato-25283-2529_JPG_jpg.rf.b7ab0d3ec81e6c25e9df1385c305b6bc.jpg,640,640,Tomato mold leaf,172,320,225,385
Leaf-mold-tomato-25283-2529_JPG_jpg.rf.b7ab0d3ec81e6c25e9df1385c305b6bc.jpg,640,640,Tomato mold leaf,231,250,332,372
Leaf-mold-tomato-25283-2529_JPG_jpg.rf.b7ab0d3ec81e6c25e9df1385c305b6bc.jpg,640,640,Tomato mold leaf,269,261,346,397
Leaf-mold-tomato-25283-2529_JPG_jpg.rf.b7ab0d3ec81e6c25e9df1385c305b6bc.jpg,640,640,Tomato mold leaf,224,218,345,289
Leaf-mold-tomato-25283-2529_JPG_jpg.rf.b7ab0d3ec81e6c25e9df1385c305b6bc.jpg,640,640,Tomato mold leaf,205,19,371,244
earlyblightresize_jpg.rf.9a775280908b1b9582e10fc0cdc691ce.jpg,640,640,Tomato Early blight leaf,55,68,639,507
bed-4-tomatoes-23jun13_jpg.rf.659452a1d5df0c9e8dcfeda68cec9580.jpg,640,640,Tomato Septoria leaf spot,480,359,595,442
bed-4-tomatoes-23jun13_jpg.rf.659452a1d5df0c9e8dcfeda68cec9580.jpg,640,640,Tomato Septoria leaf spot,300,161,352,262
Fig_-2015_opta_jpg.rf.a68e8dfd647794f7baddb601c2c7f0c7.jpg,640,640,Tomato mold leaf,435,0,582,65
Fig_-2015_opta_jpg.rf.a68e8dfd647794f7baddb601c2c7f0c7.jpg,640,640,Tomato mold leaf,288,52,403,153
Fig_-2015_opta_jpg.rf.a68e8dfd647794f7baddb601c2c7f0c7.jpg,640,640,Tomato mold leaf,346,353,448,442
Fig_-2015_opta_jpg.rf.a68e8dfd647794f7baddb601c2c7f0c7.jpg,640,640,Tomato mold leaf,160,249,225,288
Fig_-2015_opta_jpg.rf.a68e8dfd647794f7baddb601c2c7f0c7.jpg,640,640,Tomato mold leaf,255,231,320,275
Fig_-2015_opta_jpg.rf.a68e8dfd647794f7baddb601c2c7f0c7.jpg,640,640,Tomato mold leaf,90,141,262,236
Fig_-2015_opta_jpg.rf.a68e8dfd647794f7baddb601c2c7f0c7.jpg,640,640,Tomato mold leaf,172,45,243,134
Fig_-2015_opta_jpg.rf.a68e8dfd647794f7baddb601c2c7f0c7.jpg,640,640,Tomato mold leaf,333,83,576,448
Fig_-2015_opta_jpg.rf.a68e8dfd647794f7baddb601c2c7f0c7.jpg,640,640,Tomato mold leaf,83,301,308,582
BIGSD_jpg.rf.7d4c37b878938200ff52cec4377f2595.jpg,640,640,Tomato mold leaf,563,160,620,302
BIGSD_jpg.rf.7d4c37b878938200ff52cec4377f2595.jpg,640,640,Tomato mold leaf,499,71,559,142
BIGSD_jpg.rf.7d4c37b878938200ff52cec4377f2595.jpg,640,640,Tomato mold leaf,426,91,488,162
BIGSD_jpg.rf.7d4c37b878938200ff52cec4377f2595.jpg,640,640,Tomato mold leaf,442,174,480,243
BIGSD_jpg.rf.7d4c37b878938200ff52cec4377f2595.jpg,640,640,Tomato mold leaf,505,177,568,245
BIGSD_jpg.rf.7d4c37b878938200ff52cec4377f2595.jpg,640,640,Tomato mold leaf,483,266,526,392
bacterialSpeck03510339f27656b-1scmgh1_jpg.rf.3ebab45700650c0d779303dfc251c263.jpg,640,640,Tomato leaf late blight,50,48,208,260
bacterialSpeck03510339f27656b-1scmgh1_jpg.rf.3ebab45700650c0d779303dfc251c263.jpg,640,640,Tomato leaf late blight,185,14,317,301
bacterialSpeck03510339f27656b-1scmgh1_jpg.rf.3ebab45700650c0d779303dfc251c263.jpg,640,640,Tomato leaf late blight,364,152,430,303
bacterialSpeck03510339f27656b-1scmgh1_jpg.rf.3ebab45700650c0d779303dfc251c263.jpg,640,640,Tomato leaf late blight,449,383,526,439
bacterialSpeck03510339f27656b-1scmgh1_jpg.rf.3ebab45700650c0d779303dfc251c263.jpg,640,640,Tomato leaf late blight,386,323,457,503
bacterialSpeck03510339f27656b-1scmgh1_jpg.rf.3ebab45700650c0d779303dfc251c263.jpg,640,640,Tomato leaf late blight,210,338,373,633
bacterialSpeck03510339f27656b-1scmgh1_jpg.rf.3ebab45700650c0d779303dfc251c263.jpg,640,640,Tomato leaf late blight,106,379,226,593
bacterialSpeck03510339f27656b-1scmgh1_jpg.rf.3ebab45700650c0d779303dfc251c263.jpg,640,640,Tomato leaf late blight,492,6,639,197
Early-Blight-Tomatoes_jpg.rf.d887ce18429f600166bb8bc7628c1e20.jpg,640,640,Tomato Early blight leaf,26,0,606,622
Leaf-spots-on-tomato-leaves-Credits-Hank-Dankers_Q320_jpg.rf.f86c5b851e366a8cfe14181598817573.jpg,640,640,Tomato leaf late blight,166,235,640,453
Leaf-spots-on-tomato-leaves-Credits-Hank-Dankers_Q320_jpg.rf.f86c5b851e366a8cfe14181598817573.jpg,640,640,Tomato leaf late blight,0,273,374,587
Septoria-461x346_jpg.rf.97df7219cc472f5fdbf34b22afa94f4b.jpg,640,640,Tomato Septoria leaf spot,0,0,638,638
Septoria-461x346_jpg.rf.9b23bad0eb6834b8425bd98f0724b2d1.jpg,640,640,Tomato Septoria leaf spot,0,19,631,630
septoria-leaf-spot-on-tomato-1_jpg.rf.d5eb02977701ac8251c100c0ae3a2687.jpg,640,640,Tomato Septoria leaf spot,473,441,621,634
septoria-leaf-spot-on-tomato-1_jpg.rf.d5eb02977701ac8251c100c0ae3a2687.jpg,640,640,Tomato Septoria leaf spot,134,332,198,397
septoria-leaf-spot-on-tomato-1_jpg.rf.d5eb02977701ac8251c100c0ae3a2687.jpg,640,640,Tomato Septoria leaf spot,97,390,186,493
septoria-leaf-spot-on-tomato-1_jpg.rf.d5eb02977701ac8251c100c0ae3a2687.jpg,640,640,Tomato Septoria leaf spot,512,64,634,268
septoria-leaf-spot-on-tomato-1_jpg.rf.d5eb02977701ac8251c100c0ae3a2687.jpg,640,640,Tomato Septoria leaf spot,338,6,474,172
septoria-leaf-spot-on-tomato-1_jpg.rf.d5eb02977701ac8251c100c0ae3a2687.jpg,640,640,Tomato Septoria leaf spot,205,191,326,384
Tomato-Early-Blight-e1513806873934_jpg.rf.4db7ba97e1c0b21c646e50f09efd302f.jpg,640,640,Tomato Early blight leaf,129,430,440,639
Tomato-Early-Blight-e1513806873934_jpg.rf.4db7ba97e1c0b21c646e50f09efd302f.jpg,640,640,Tomato Early blight leaf,26,6,477,443
Tomato-diseases-prevention-treatment_-Early-blight__jpg.rf.4ff77391b40bfa3ace8d08eb491297f9.jpg,640,640,Tomato Early blight leaf,346,277,480,581
Tomato-diseases-prevention-treatment-Early-blight-_jpg.rf.b146b1452596907d0984a79bb78f223c.jpg,640,640,Tomato Early blight leaf,341,56,493,230
LateBlight13_jpg.rf.51a35b191f524527331297dc5fc65531.jpg,640,640,Tomato leaf mosaic virus,221,94,432,429
LateBlight13_jpg.rf.51a35b191f524527331297dc5fc65531.jpg,640,640,Tomato leaf mosaic virus,440,35,638,559
LateBlight13_jpg.rf.51a35b191f524527331297dc5fc65531.jpg,640,640,Tomato leaf mosaic virus,343,99,562,570
LateBlight13_jpg.rf.51a35b191f524527331297dc5fc65531.jpg,640,640,Tomato leaf mosaic virus,102,144,353,639
LateBlight13_jpg.rf.51a35b191f524527331297dc5fc65531.jpg,640,640,Tomato leaf mosaic virus,0,198,217,639
LateBlight13_jpg.rf.8aac5a0022da2ffe66712c2606f73206.jpg,640,640,Tomato leaf mosaic virus,194,206,394,539
LateBlight13_jpg.rf.8aac5a0022da2ffe66712c2606f73206.jpg,640,640,Tomato leaf mosaic virus,0,0,198,520
LateBlight13_jpg.rf.8aac5a0022da2ffe66712c2606f73206.jpg,640,640,Tomato leaf mosaic virus,100,27,303,496
LateBlight13_jpg.rf.8aac5a0022da2ffe66712c2606f73206.jpg,640,640,Tomato leaf mosaic virus,316,35,549,531
LateBlight13_jpg.rf.8aac5a0022da2ffe66712c2606f73206.jpg,640,640,Tomato leaf mosaic virus,457,55,638,526
p1020076cs_jpg.rf.c9b6732cd5852b915af077d5b537d10b.jpg,640,640,Tomato leaf yellow virus,3,54,632,597
Leaf-mold-tomato-25283-2529_JPG_jpg.rf.316a34bcbff1b1b7da89c624169d5f70.jpg,640,640,Tomato mold leaf,231,462,371,631
Leaf-mold-tomato-25283-2529_JPG_jpg.rf.316a34bcbff1b1b7da89c624169d5f70.jpg,640,640,Tomato mold leaf,319,465,383,537
Leaf-mold-tomato-25283-2529_JPG_jpg.rf.316a34bcbff1b1b7da89c624169d5f70.jpg,640,640,Tomato mold leaf,391,478,545,611
Leaf-mold-tomato-25283-2529_JPG_jpg.rf.316a34bcbff1b1b7da89c624169d5f70.jpg,640,640,Tomato mold leaf,157,434,237,580
Leaf-mold-tomato-25283-2529_JPG_jpg.rf.316a34bcbff1b1b7da89c624169d5f70.jpg,640,640,Tomato mold leaf,343,248,534,395
Leaf-mold-tomato-25283-2529_JPG_jpg.rf.316a34bcbff1b1b7da89c624169d5f70.jpg,640,640,Tomato mold leaf,171,320,222,385
Leaf-mold-tomato-25283-2529_JPG_jpg.rf.316a34bcbff1b1b7da89c624169d5f70.jpg,640,640,Tomato mold leaf,228,253,329,370
Leaf-mold-tomato-25283-2529_JPG_jpg.rf.316a34bcbff1b1b7da89c624169d5f70.jpg,640,640,Tomato mold leaf,266,263,346,397
Leaf-mold-tomato-25283-2529_JPG_jpg.rf.316a34bcbff1b1b7da89c624169d5f70.jpg,640,640,Tomato mold leaf,223,219,345,286
Leaf-mold-tomato-25283-2529_JPG_jpg.rf.316a34bcbff1b1b7da89c624169d5f70.jpg,640,640,Tomato mold leaf,202,17,369,241
Leaf-mold-tomato-25282-2529_JPG_jpg.rf.acf12ad7799150aec0a5b6ccea28bdf9.jpg,640,640,Tomato mold leaf,205,544,294,633
Leaf-mold-tomato-25282-2529_JPG_jpg.rf.acf12ad7799150aec0a5b6ccea28bdf9.jpg,640,640,Tomato mold leaf,249,12,326,186
Leaf-mold-tomato-25282-2529_JPG_jpg.rf.acf12ad7799150aec0a5b6ccea28bdf9.jpg,640,640,Tomato mold leaf,115,134,256,346
Leaf-mold-tomato-25282-2529_JPG_jpg.rf.acf12ad7799150aec0a5b6ccea28bdf9.jpg,640,640,Tomato mold leaf,70,333,224,461
Leaf-mold-tomato-25282-2529_JPG_jpg.rf.acf12ad7799150aec0a5b6ccea28bdf9.jpg,640,640,Tomato mold leaf,358,506,538,603
Leaf-mold-tomato-25282-2529_JPG_jpg.rf.acf12ad7799150aec0a5b6ccea28bdf9.jpg,640,640,Tomato mold leaf,422,390,564,525
Leaf-mold-tomato-25282-2529_JPG_jpg.rf.acf12ad7799150aec0a5b6ccea28bdf9.jpg,640,640,Tomato mold leaf,275,403,449,512
Leaf-mold-tomato-25282-2529_JPG_jpg.rf.acf12ad7799150aec0a5b6ccea28bdf9.jpg,640,640,Tomato mold leaf,308,301,435,448
Leaf-mold-tomato-25282-2529_JPG_jpg.rf.acf12ad7799150aec0a5b6ccea28bdf9.jpg,640,640,Tomato mold leaf,339,148,467,320
66e7583ebe11cf0bd06435e4167bd4fd_jpg.rf.903313a58c3eb58c04a31d97417d85fb.jpg,640,640,Tomato Septoria leaf spot,3,71,634,554
6134794031202304-jpeg_jpg.rf.f53f44f89547261f08a49f12816704c3.jpg,640,640,Tomato leaf late blight,31,48,447,492
6134794031202304-jpeg_jpg.rf.f53f44f89547261f08a49f12816704c3.jpg,640,640,Tomato leaf late blight,390,215,584,419
70_jpg.rf.a82c548a4286befd683f4525e1c2af6f.jpg,640,640,Tomato leaf yellow virus,143,6,471,637
70_jpg.rf.34ada8bb0bd7775b87eabc9b9f2b1d8e.jpg,640,640,Tomato leaf mosaic virus,103,0,527,638
bacterialLeafSpot07-2jqdlmz_jpg.rf.1a0b1c52914ee35e5f3309e8fcce5151.jpg,640,640,Tomato leaf mosaic virus,171,109,475,460
MPC105550_jpg_rendition_largest_ss_jpg.rf.a92da9847b3d0aa3594723da2bcdbea5.jpg,640,640,Tomato Early blight leaf,179,128,319,205
MPC105550_jpg_rendition_largest_ss_jpg.rf.a92da9847b3d0aa3594723da2bcdbea5.jpg,640,640,Tomato Early blight leaf,212,224,301,398
MPC105550_jpg_rendition_largest_ss_jpg.rf.a92da9847b3d0aa3594723da2bcdbea5.jpg,640,640,Tomato Early blight leaf,332,147,403,351
tomato-diseases-1-638_jpg.rf.aa3c6761f39dc973250b174c1066c6b1.jpg,640,640,Tomato Septoria leaf spot,314,137,621,421
tomato-diseases-1-638_jpg.rf.aa3c6761f39dc973250b174c1066c6b1.jpg,640,640,Tomato Septoria leaf spot,152,132,197,251
tomato-diseases-1-638_jpg.rf.aa3c6761f39dc973250b174c1066c6b1.jpg,640,640,Tomato Septoria leaf spot,114,320,191,418
tomato-diseases-1-638_jpg.rf.aa3c6761f39dc973250b174c1066c6b1.jpg,640,640,Tomato Septoria leaf spot,168,277,226,388
tomato-diseases-1-638_jpg.rf.aa3c6761f39dc973250b174c1066c6b1.jpg,640,640,Tomato Septoria leaf spot,209,145,286,252
LateBlight13_jpg.rf.3252d0944e5506816667a88eec075883.jpg,640,640,Tomato leaf mosaic virus,247,102,442,433
LateBlight13_jpg.rf.3252d0944e5506816667a88eec075883.jpg,640,640,Tomato leaf mosaic virus,446,117,640,637
LateBlight13_jpg.rf.3252d0944e5506816667a88eec075883.jpg,640,640,Tomato leaf mosaic virus,343,142,539,610
LateBlight13_jpg.rf.3252d0944e5506816667a88eec075883.jpg,640,640,Tomato leaf mosaic virus,96,112,322,606
LateBlight13_jpg.rf.3252d0944e5506816667a88eec075883.jpg,640,640,Tomato leaf mosaic virus,1,122,181,589
Pest2369_jpg.rf.824dc6381b5ab3cc1f78f693f72153fa.jpg,640,640,Tomato Early blight leaf,48,162,454,588
LyraEDISServlet_jpg.rf.e891fedc75d97441b00e3b2dcf8ab8e2.jpg,640,640,Tomato leaf mosaic virus,199,39,423,608
tomato-disease-septoria-leaf-spot-d7e1xm_jpg.rf.3780e6302e8392da4f662873a0bdc28a.jpg,640,640,Tomato Septoria leaf spot,278,86,409,389
tomato-disease-septoria-leaf-spot-d7e1xm_jpg.rf.3780e6302e8392da4f662873a0bdc28a.jpg,640,640,Tomato Septoria leaf spot,434,85,638,428
tomato-disease-septoria-leaf-spot-d7e1xm_jpg.rf.3780e6302e8392da4f662873a0bdc28a.jpg,640,640,Tomato Septoria leaf spot,16,162,141,479
tomato-disease-septoria-leaf-spot-d7e1xm_jpg.rf.3780e6302e8392da4f662873a0bdc28a.jpg,640,640,Tomato Septoria leaf spot,159,119,373,603
tomato-disease-septoria-leaf-spot-d7e1xm_jpg.rf.3780e6302e8392da4f662873a0bdc28a.jpg,640,640,Tomato Septoria leaf spot,351,162,537,619
LateBlightLeaf_jpg.rf.fb55b265c8ee70cc08bb12b744aa9260.jpg,640,640,Tomato leaf mosaic virus,268,240,581,448
Bean-rust-on-leaves_jpg.rf.b5d15ea351ced092a205b62a027185a4.jpg,640,640,Tomato Septoria leaf spot,256,7,609,295
Bean-rust-on-leaves_jpg.rf.b5d15ea351ced092a205b62a027185a4.jpg,640,640,Tomato Septoria leaf spot,45,193,282,513
Bean-rust-on-leaves_jpg.rf.b5d15ea351ced092a205b62a027185a4.jpg,640,640,Tomato Septoria leaf spot,244,231,538,634
lb_leaf_lesions2x1200_jpg.rf.6e315db9efd708c659729288879f44dc.jpg,640,640,Tomato leaf mosaic virus,178,106,507,517
mosaic_virus_tomato_small_jpg.rf.c71b6bf0679edb24ad509864e8415087.jpg,640,640,Tomato leaf,192,205,346,563
tomato-leaf-herbicide-damage_jpg.rf.a46bd5fe24aadba7bc27a7d6a9dac78e.jpg,640,640,Tomato leaf,525,352,633,449
tomato-leaf-herbicide-damage_jpg.rf.a46bd5fe24aadba7bc27a7d6a9dac78e.jpg,640,640,Tomato leaf,193,237,282,358
tomato-leaf-herbicide-damage_jpg.rf.a46bd5fe24aadba7bc27a7d6a9dac78e.jpg,640,640,Tomato leaf,154,486,243,622
tomato-leaf-herbicide-damage_jpg.rf.a46bd5fe24aadba7bc27a7d6a9dac78e.jpg,640,640,Tomato leaf,295,448,410,557
tomato-leaf-herbicide-damage_jpg.rf.a46bd5fe24aadba7bc27a7d6a9dac78e.jpg,640,640,Tomato leaf,422,90,633,333
tomato-leaf-herbicide-damage_jpg.rf.a46bd5fe24aadba7bc27a7d6a9dac78e.jpg,640,640,Tomato leaf,314,224,441,416
tomato-leaf-herbicide-damage_jpg.rf.a46bd5fe24aadba7bc27a7d6a9dac78e.jpg,640,640,Tomato leaf,160,102,314,276
yellowing_JPG_jpg.rf.b6a46b677ad661a02757c3be3ca62463.jpg,640,640,Tomato leaf bacterial spot,25,103,238,263
yellowing_JPG_jpg.rf.b6a46b677ad661a02757c3be3ca62463.jpg,640,640,Tomato leaf bacterial spot,339,96,615,250
yellowing_JPG_jpg.rf.b6a46b677ad661a02757c3be3ca62463.jpg,640,640,Tomato leaf bacterial spot,25,377,307,518
yellowing_JPG_jpg.rf.b6a46b677ad661a02757c3be3ca62463.jpg,640,640,Tomato leaf bacterial spot,326,352,634,526
yellowing_JPG_jpg.rf.b6a46b677ad661a02757c3be3ca62463.jpg,640,640,Tomato leaf bacterial spot,198,38,410,391
early-blight-septoria-ls-fig-3_jpg.rf.8374542c6796cb0d04ec34053ca3f742.jpg,640,640,Tomato Septoria leaf spot,261,269,627,640
early-blight-septoria-ls-fig-3_jpg.rf.8374542c6796cb0d04ec34053ca3f742.jpg,640,640,Tomato Septoria leaf spot,45,0,459,497
lateblight2_jpg.rf.da2139bcbecdc430404fedf212bed6d9.jpg,640,640,Tomato leaf mosaic virus,188,155,447,439
lb_leaf_lesions3x1200_jpg.rf.232695b38efcec18cd2045f6cde421f8.jpg,640,640,Tomato leaf mosaic virus,122,112,549,486
Septoria-leaf-spot-on-tomato-FOR-WEB_jpg.rf.f0b61eae18bec05297541bf051571701.jpg,640,640,Tomato Septoria leaf spot,121,7,294,276
Septoria-leaf-spot-on-tomato-FOR-WEB_jpg.rf.f0b61eae18bec05297541bf051571701.jpg,640,640,Tomato Septoria leaf spot,218,199,582,590
Septoria-leaf-spot-on-tomato-FOR-WEB_jpg.rf.f0b61eae18bec05297541bf051571701.jpg,640,640,Tomato Septoria leaf spot,166,295,269,556
everystockphoto-21099455-l_jpg.rf.6105364d0fc395685dcdf758c56932b7.jpg,640,640,Tomato leaf yellow virus,0,93,638,638
lb_leaf_lesions2x1200_jpg.rf.f3d3e2a3522541eea6dbdda462756be7.jpg,640,640,Tomato leaf yellow virus,13,25,570,627
tomato-disease-septoria-leaf-spot-d7e1xe_jpg.rf.25548b1b7add3c33e47e877cff9e2926.jpg,640,640,Tomato Septoria leaf spot,57,148,263,234
tomato-disease-septoria-leaf-spot-d7e1xe_jpg.rf.25548b1b7add3c33e47e877cff9e2926.jpg,640,640,Tomato Septoria leaf spot,311,102,529,251
tomato-disease-septoria-leaf-spot-d7e1xe_jpg.rf.25548b1b7add3c33e47e877cff9e2926.jpg,640,640,Tomato Septoria leaf spot,359,254,639,354
tomato-disease-septoria-leaf-spot-d7e1xe_jpg.rf.25548b1b7add3c33e47e877cff9e2926.jpg,640,640,Tomato Septoria leaf spot,231,334,431,598
tomato-disease-septoria-leaf-spot-d7e1xe_jpg.rf.25548b1b7add3c33e47e877cff9e2926.jpg,640,640,Tomato Septoria leaf spot,28,254,269,440
mortgage-lifter-yellow-leaves-2_jpg.rf.6945e56ca3857758830fe15576e46fb4.jpg,640,640,Tomato leaf bacterial spot,487,199,565,285
mortgage-lifter-yellow-leaves-2_jpg.rf.6945e56ca3857758830fe15576e46fb4.jpg,640,640,Tomato leaf bacterial spot,122,185,199,270
mortgage-lifter-yellow-leaves-2_jpg.rf.6945e56ca3857758830fe15576e46fb4.jpg,640,640,Tomato leaf bacterial spot,231,272,305,338
mortgage-lifter-yellow-leaves-2_jpg.rf.6945e56ca3857758830fe15576e46fb4.jpg,640,640,Tomato leaf bacterial spot,340,290,434,375
mortgage-lifter-yellow-leaves-2_jpg.rf.6945e56ca3857758830fe15576e46fb4.jpg,640,640,Tomato leaf bacterial spot,403,447,500,498
mortgage-lifter-yellow-leaves-2_jpg.rf.6945e56ca3857758830fe15576e46fb4.jpg,640,640,Tomato leaf bacterial spot,310,536,376,590
mortgage-lifter-yellow-leaves-2_jpg.rf.6945e56ca3857758830fe15576e46fb4.jpg,640,640,Tomato leaf bacterial spot,385,550,452,621
beg_jpg.rf.7c67e55906bf83b4b75de8ef696b931a.jpg,640,640,Tomato leaf mosaic virus,109,29,365,609
mosaic-virus-foliage_jpg.rf.aae35c963282ffbf83dab570dfe8e890.jpg,640,640,Tomato leaf yellow virus,155,376,461,576
mosaic-virus-foliage_jpg.rf.aae35c963282ffbf83dab570dfe8e890.jpg,640,640,Tomato leaf yellow virus,435,280,587,408
mosaic-virus-foliage_jpg.rf.aae35c963282ffbf83dab570dfe8e890.jpg,640,640,Tomato leaf yellow virus,290,238,455,342
mosaic-virus-foliage_jpg.rf.aae35c963282ffbf83dab570dfe8e890.jpg,640,640,Tomato leaf yellow virus,0,68,389,440
mosaic-virus-foliage_jpg.rf.aae35c963282ffbf83dab570dfe8e890.jpg,640,640,Tomato leaf yellow virus,435,31,636,328
septoria-lycopersici-ascomycota-common-fungal-leaf-disease-of-tomato-picture-id128110611_jpg.rf.bf269b233f5b4031e9ce274ea8fbe3ec.jpg,640,640,Tomato Septoria leaf spot,100,88,505,610
tomato-disease-septoria-leaf-spot-d7e1xm_jpg.rf.c05c54a796590b9f62de87e1e3420026.jpg,640,640,Tomato Septoria leaf spot,443,79,631,408
tomato-disease-septoria-leaf-spot-d7e1xm_jpg.rf.c05c54a796590b9f62de87e1e3420026.jpg,640,640,Tomato Septoria leaf spot,28,185,132,494
tomato-disease-septoria-leaf-spot-d7e1xm_jpg.rf.c05c54a796590b9f62de87e1e3420026.jpg,640,640,Tomato Septoria leaf spot,283,91,394,386
tomato-disease-septoria-leaf-spot-d7e1xm_jpg.rf.c05c54a796590b9f62de87e1e3420026.jpg,640,640,Tomato Septoria leaf spot,372,160,528,606
tomato-disease-septoria-leaf-spot-d7e1xm_jpg.rf.c05c54a796590b9f62de87e1e3420026.jpg,640,640,Tomato Septoria leaf spot,179,131,362,602
tomato-diseases-1-638_jpg.rf.e6ff1c2cf9e77485b159a421b1c11958.jpg,640,640,Tomato Septoria leaf spot,313,135,621,422
tomato-diseases-1-638_jpg.rf.e6ff1c2cf9e77485b159a421b1c11958.jpg,640,640,Tomato Septoria leaf spot,154,135,198,250
tomato-diseases-1-638_jpg.rf.e6ff1c2cf9e77485b159a421b1c11958.jpg,640,640,Tomato Septoria leaf spot,116,319,193,416
tomato-diseases-1-638_jpg.rf.e6ff1c2cf9e77485b159a421b1c11958.jpg,640,640,Tomato Septoria leaf spot,167,275,224,391
tomato-diseases-1-638_jpg.rf.e6ff1c2cf9e77485b159a421b1c11958.jpg,640,640,Tomato Septoria leaf spot,211,147,288,250
71c944d61b08f6373a9a38d3c250cb2e_jpg.rf.0c609fc90236e17b00caeaca9f236362.jpg,640,640,Tomato leaf mosaic virus,26,147,577,428
mosaic-virus-foliage_jpg.rf.0f7fb89ccfd59f2e539653eeb1dca053.jpg,640,640,Tomato leaf yellow virus,190,72,490,258
mosaic-virus-foliage_jpg.rf.0f7fb89ccfd59f2e539653eeb1dca053.jpg,640,640,Tomato leaf yellow virus,58,226,204,346
mosaic-virus-foliage_jpg.rf.0f7fb89ccfd59f2e539653eeb1dca053.jpg,640,640,Tomato leaf yellow virus,185,299,348,396
mosaic-virus-foliage_jpg.rf.0f7fb89ccfd59f2e539653eeb1dca053.jpg,640,640,Tomato leaf yellow virus,255,215,639,572
mosaic-virus-foliage_jpg.rf.0f7fb89ccfd59f2e539653eeb1dca053.jpg,640,640,Tomato leaf yellow virus,4,305,191,593
tomatofactsheet_png_png_jpg.rf.88376811ce75f6969d84e732a4372d1e.jpg,640,640,Tomato Septoria leaf spot,2,3,296,288
tomatofactsheet_png_png_jpg.rf.88376811ce75f6969d84e732a4372d1e.jpg,640,640,Tomato Septoria leaf spot,28,371,263,637
tomatofactsheet_png_png_jpg.rf.88376811ce75f6969d84e732a4372d1e.jpg,640,640,Tomato Septoria leaf spot,312,125,608,576
mosaic_virus_tomato_jpg.rf.41b7695332c4fdfa41608af3549bdfc7.jpg,640,640,Tomato leaf,12,128,88,208
mosaic_virus_tomato_jpg.rf.41b7695332c4fdfa41608af3549bdfc7.jpg,640,640,Tomato leaf,443,536,495,607
mosaic_virus_tomato_jpg.rf.41b7695332c4fdfa41608af3549bdfc7.jpg,640,640,Tomato leaf,494,365,568,412
mosaic_virus_tomato_jpg.rf.41b7695332c4fdfa41608af3549bdfc7.jpg,640,640,Tomato leaf,175,422,248,513
mosaic_virus_tomato_jpg.rf.41b7695332c4fdfa41608af3549bdfc7.jpg,640,640,Tomato leaf,392,473,474,542
mosaic_virus_tomato_jpg.rf.41b7695332c4fdfa41608af3549bdfc7.jpg,640,640,Tomato leaf,446,243,509,346
mosaic_virus_tomato_jpg.rf.41b7695332c4fdfa41608af3549bdfc7.jpg,640,640,Tomato leaf,297,372,351,437
mosaic_virus_tomato_jpg.rf.41b7695332c4fdfa41608af3549bdfc7.jpg,640,640,Tomato leaf,225,315,285,383
mosaic_virus_tomato_jpg.rf.41b7695332c4fdfa41608af3549bdfc7.jpg,640,640,Tomato leaf,242,473,280,590
mosaic_virus_tomato_jpg.rf.41b7695332c4fdfa41608af3549bdfc7.jpg,640,640,Tomato leaf,368,368,432,475
mosaic_virus_tomato_jpg.rf.41b7695332c4fdfa41608af3549bdfc7.jpg,640,640,Tomato leaf,398,131,431,262
mosaic_virus_tomato_jpg.rf.41b7695332c4fdfa41608af3549bdfc7.jpg,640,640,Tomato leaf,346,336,397,393
mosaic_virus_tomato_jpg.rf.41b7695332c4fdfa41608af3549bdfc7.jpg,640,640,Tomato leaf,278,221,331,317
tomato-disease-septoria-leaf-spot-d7e1xm_jpg.rf.e3dd3663dbaac3906083e4933a7e2cba.jpg,640,640,Tomato Septoria leaf spot,239,86,361,386
tomato-disease-septoria-leaf-spot-d7e1xm_jpg.rf.e3dd3663dbaac3906083e4933a7e2cba.jpg,640,640,Tomato Septoria leaf spot,3,80,203,417
tomato-disease-septoria-leaf-spot-d7e1xm_jpg.rf.e3dd3663dbaac3906083e4933a7e2cba.jpg,640,640,Tomato Septoria leaf spot,504,172,619,486
tomato-disease-septoria-leaf-spot-d7e1xm_jpg.rf.e3dd3663dbaac3906083e4933a7e2cba.jpg,640,640,Tomato Septoria leaf spot,273,123,472,602
tomato-disease-septoria-leaf-spot-d7e1xm_jpg.rf.e3dd3663dbaac3906083e4933a7e2cba.jpg,640,640,Tomato Septoria leaf spot,109,160,280,611
earlyblighttomato_jpg.rf.194a38e92ca623789685f979752e508f.jpg,640,640,Tomato Early blight leaf,97,62,638,606
early-blight1_jpg.rf.32a5ec1013d51f6dd6c642a65463f91a.jpg,640,640,Tomato Early blight leaf,282,16,636,579
early-blight1_jpg.rf.32a5ec1013d51f6dd6c642a65463f91a.jpg,640,640,Tomato Early blight leaf,5,125,271,556
F-294_jpg.rf.7b64d63a63493029de4a6699b0ea4470.jpg,640,640,Tomato leaf yellow virus,7,134,455,595
tomato-early-blightH_jpg.rf.9277a4be9971c6cd56cd060470adc7fc.jpg,640,640,Tomato Early blight leaf,134,49,494,215
tomato-early-blightH_jpg.rf.9277a4be9971c6cd56cd060470adc7fc.jpg,640,640,Tomato Early blight leaf,291,253,509,515
tomato-early-blightH_jpg.rf.9277a4be9971c6cd56cd060470adc7fc.jpg,640,640,Tomato Early blight leaf,69,225,280,639
lateblightTom_lesion3_jpg.rf.99d8422793460d93ec1b95f91b050b30.jpg,640,640,Tomato leaf yellow virus,500,68,638,334
lateblightTom_lesion3_jpg.rf.99d8422793460d93ec1b95f91b050b30.jpg,640,640,Tomato leaf yellow virus,12,126,454,628
Early-blight_jpg.rf.c77d3fee9c2667d1b919d0cde94a8cbc.jpg,640,640,Tomato Early blight leaf,270,170,415,259
IMG_2348_jpg.rf.49f30678ee1ed6014a776ec8d9244cbb.jpg,640,640,Tomato Septoria leaf spot,298,434,577,555
IMG_2348_jpg.rf.49f30678ee1ed6014a776ec8d9244cbb.jpg,640,640,Tomato Septoria leaf spot,489,349,640,469
IMG_2348_jpg.rf.49f30678ee1ed6014a776ec8d9244cbb.jpg,640,640,Tomato Septoria leaf spot,46,140,280,566
IMG_2348_jpg.rf.49f30678ee1ed6014a776ec8d9244cbb.jpg,640,640,Tomato Septoria leaf spot,417,88,638,311
IMG_2348_jpg.rf.49f30678ee1ed6014a776ec8d9244cbb.jpg,640,640,Tomato Septoria leaf spot,332,532,543,638
Tomato-Early-Blight-e1513806873934_jpg.rf.aac1ac649c58b106a333408fcd4d5aed.jpg,640,640,Tomato Early blight leaf,48,219,471,625
Tomato-Early-Blight-e1513806873934_jpg.rf.aac1ac649c58b106a333408fcd4d5aed.jpg,640,640,Tomato Early blight leaf,122,6,419,203
lateblight8_jpg.rf.d62792688317e963a0e4c8a49e0ac695.jpg,640,640,Tomato leaf mosaic virus,36,155,639,579
BCH-20medium-20thumbnail-20for-20upload-20-2861-29_jpg.rf.abfc38d33021c8decd3fca0ab2f9469b.jpg,640,640,Tomato Septoria leaf spot,393,18,639,522
BCH-20medium-20thumbnail-20for-20upload-20-2861-29_jpg.rf.abfc38d33021c8decd3fca0ab2f9469b.jpg,640,640,Tomato Septoria leaf spot,194,201,448,504
BCH-20medium-20thumbnail-20for-20upload-20-2861-29_jpg.rf.abfc38d33021c8decd3fca0ab2f9469b.jpg,640,640,Tomato Septoria leaf spot,223,0,483,192
tomato-leaf-spot-septoria-lycopersici-on-a-tomato-leaflet-acg9j5_jpg.rf.f3b38b66b03c656474e226fed7475468.jpg,640,640,Tomato Septoria leaf spot,128,9,512,574
636227737977191231-septoria-leaf-spot-VT_jpg.rf.40834c3a466598b1e25a7039d37a8477.jpg,640,640,Tomato Septoria leaf spot,161,140,334,363
636227737977191231-septoria-leaf-spot-VT_jpg.rf.40834c3a466598b1e25a7039d37a8477.jpg,640,640,Tomato Septoria leaf spot,394,142,621,588
636227737977191231-septoria-leaf-spot-VT_jpg.rf.40834c3a466598b1e25a7039d37a8477.jpg,640,640,Tomato Septoria leaf spot,25,216,170,565
636227737977191231-septoria-leaf-spot-VT_jpg.rf.40834c3a466598b1e25a7039d37a8477.jpg,640,640,Tomato Septoria leaf spot,44,469,241,633
mortgage-lifter-yellow-leaves-2_jpg.rf.b9f38df13443115628c1e03a5cab8c90.jpg,640,640,Tomato leaf bacterial spot,73,202,153,289
mortgage-lifter-yellow-leaves-2_jpg.rf.b9f38df13443115628c1e03a5cab8c90.jpg,640,640,Tomato leaf bacterial spot,440,183,517,269
mortgage-lifter-yellow-leaves-2_jpg.rf.b9f38df13443115628c1e03a5cab8c90.jpg,640,640,Tomato leaf bacterial spot,334,271,409,337
mortgage-lifter-yellow-leaves-2_jpg.rf.b9f38df13443115628c1e03a5cab8c90.jpg,640,640,Tomato leaf bacterial spot,205,291,302,377
mortgage-lifter-yellow-leaves-2_jpg.rf.b9f38df13443115628c1e03a5cab8c90.jpg,640,640,Tomato leaf bacterial spot,144,448,241,500
mortgage-lifter-yellow-leaves-2_jpg.rf.b9f38df13443115628c1e03a5cab8c90.jpg,640,640,Tomato leaf bacterial spot,270,535,336,591
mortgage-lifter-yellow-leaves-2_jpg.rf.b9f38df13443115628c1e03a5cab8c90.jpg,640,640,Tomato leaf bacterial spot,192,552,260,623
mortgage-lifter-yellow-leaves-2_jpg.rf.2aa7e16808f6d7fda79ad565ed9c4db8.jpg,640,640,Tomato leaf late blight,166,544,231,608
mortgage-lifter-yellow-leaves-2_jpg.rf.2aa7e16808f6d7fda79ad565ed9c4db8.jpg,640,640,Tomato leaf late blight,135,442,224,480
mortgage-lifter-yellow-leaves-2_jpg.rf.2aa7e16808f6d7fda79ad565ed9c4db8.jpg,640,640,Tomato leaf late blight,249,538,308,582
mortgage-lifter-yellow-leaves-2_jpg.rf.2aa7e16808f6d7fda79ad565ed9c4db8.jpg,640,640,Tomato leaf late blight,339,282,410,340
mortgage-lifter-yellow-leaves-2_jpg.rf.2aa7e16808f6d7fda79ad565ed9c4db8.jpg,640,640,Tomato leaf late blight,212,288,295,365
mortgage-lifter-yellow-leaves-2_jpg.rf.2aa7e16808f6d7fda79ad565ed9c4db8.jpg,640,640,Tomato leaf late blight,89,186,160,263
mortgage-lifter-yellow-leaves-2_jpg.rf.2aa7e16808f6d7fda79ad565ed9c4db8.jpg,640,640,Tomato leaf late blight,454,205,525,282
septoria-leaf-spot-treatment-leaf-spot-septoria-leaf-spot-soil-treatment-septoria-leaf-spot-tomato-organic-treatment_jpg.rf.a1ef58a8aa7362ab16923b5fa3d7835c.jpg,640,640,Tomato Septoria leaf spot,32,28,639,531
everystockphoto-21099455-l_jpg.rf.5d94e18e18c3028cbc935c2708eb8292.jpg,640,640,Tomato leaf yellow virus,0,84,638,638
Fig_-2014_opta_jpg.rf.b6611e3d6cac275208db5d46869733d9.jpg,640,640,Tomato leaf yellow virus,39,85,606,552
Tomato-diseases-prevention-treatment-Early-blight-_jpg.rf.c47ee2e969e407298ffbcd761c8e3365.jpg,640,640,Tomato Early blight leaf,160,412,331,603
Late-blight_jpg.rf.d93b60ccaf7d760e0c119f978bd1744c.jpg,640,640,Tomato leaf mosaic virus,301,288,637,600
Late-blight_jpg.rf.d93b60ccaf7d760e0c119f978bd1744c.jpg,640,640,Tomato leaf mosaic virus,13,200,482,605
39765006175_e2f0da764d_b_jpg.rf.d19cc1a5eee75cafa6b3265187b29589.jpg,640,640,Tomato leaf late blight,70,58,605,518
tomato-leaf-mold-infection-on-a-leaf-top-and-underside-picture-id81781575-s-612x612_jpg.rf.fc9b2af7389ad392e4a368c40fe66394.jpg,640,640,Tomato mold leaf,232,75,626,478
tomato-leaf-mold-infection-on-a-leaf-top-and-underside-picture-id81781575-s-612x612_jpg.rf.fc9b2af7389ad392e4a368c40fe66394.jpg,640,640,Tomato mold leaf,9,129,323,640
66e7583ebe11cf0bd06435e4167bd4fd_jpg.rf.98d928b652854bd185457191a1fb22aa.jpg,640,640,Tomato Septoria leaf spot,0,60,638,597
70_jpg.rf.b3762003418d796a7f09e7863089413f.jpg,640,640,Tomato leaf mosaic virus,107,0,541,638
MPC105550_jpg_rendition_largest_ss_jpg.rf.4942f8273075df9e4e8321a668e8b69a.jpg,640,640,Tomato Early blight leaf,178,131,320,203
MPC105550_jpg_rendition_largest_ss_jpg.rf.4942f8273075df9e4e8321a668e8b69a.jpg,640,640,Tomato Early blight leaf,209,225,303,397
MPC105550_jpg_rendition_largest_ss_jpg.rf.4942f8273075df9e4e8321a668e8b69a.jpg,640,640,Tomato Early blight leaf,331,145,405,349
mosaic-virus-foliage_jpg.rf.b467f15f796eab32b9bc88659533dd63.jpg,640,640,Tomato leaf,188,302,343,388
mosaic-virus-foliage_jpg.rf.b467f15f796eab32b9bc88659533dd63.jpg,640,640,Tomato leaf,65,218,203,331
mosaic-virus-foliage_jpg.rf.b467f15f796eab32b9bc88659533dd63.jpg,640,640,Tomato leaf,7,297,176,572
mosaic-virus-foliage_jpg.rf.b467f15f796eab32b9bc88659533dd63.jpg,640,640,Tomato leaf,263,239,628,570
mosaic-virus-foliage_jpg.rf.b467f15f796eab32b9bc88659533dd63.jpg,640,640,Tomato leaf,208,85,495,251
everystockphoto-21099455-l_jpg.rf.fa2f244c396dc5eb69cac218803a3f8e.jpg,640,640,Tomato leaf yellow virus,0,75,638,638
page_2_jpg.rf.b60adc49e8a54c100ce324b57c6a97d6.jpg,640,640,Tomato leaf yellow virus,317,159,458,379
page_2_jpg.rf.b60adc49e8a54c100ce324b57c6a97d6.jpg,640,640,Tomato leaf yellow virus,456,164,632,404
Septoria-461x346_jpg.rf.e68f80a5b1712b78aba84662d58be69b.jpg,640,640,Tomato Septoria leaf spot,7,66,596,591
pddl-highlights-fig-1-bact-spot_jpg.rf.0b52e1db8d578f55510962a0e180c550.jpg,640,640,Tomato leaf mosaic virus,532,307,633,602
pddl-highlights-fig-1-bact-spot_jpg.rf.0b52e1db8d578f55510962a0e180c550.jpg,640,640,Tomato leaf mosaic virus,7,128,116,275
pddl-highlights-fig-1-bact-spot_jpg.rf.0b52e1db8d578f55510962a0e180c550.jpg,640,640,Tomato leaf mosaic virus,122,115,199,314
pddl-highlights-fig-1-bact-spot_jpg.rf.0b52e1db8d578f55510962a0e180c550.jpg,640,640,Tomato leaf mosaic virus,249,172,397,474
earlyblight_jpg.rf.9a8c226e5e0fb8fc0d3d222b003eafe2.jpg,640,640,Tomato Early blight leaf,272,4,639,619
eblight5_jpg.rf.3ac9f7a9371dd03e7b4cb74b5f89a07f.jpg,640,640,Tomato Early blight leaf,240,136,403,625
gardening-moisture-lateblight-tomato-leaf_jpg.rf.a9a0573d1d62e647bea6f090604aed9c.jpg,640,640,Tomato leaf yellow virus,45,39,589,628
tomato-leaf-close-up_jpg.rf.861e20181a44ae11dd1f9de04e9cb67a.jpg,640,640,Tomato leaf late blight,205,115,359,416
tomato-leaf-close-up_jpg.rf.861e20181a44ae11dd1f9de04e9cb67a.jpg,640,640,Tomato leaf late blight,346,51,531,326
tomato-leaf-close-up_jpg.rf.861e20181a44ae11dd1f9de04e9cb67a.jpg,640,640,Tomato leaf late blight,313,314,621,518
tomato-leaf-close-up_jpg.rf.861e20181a44ae11dd1f9de04e9cb67a.jpg,640,640,Tomato leaf late blight,96,390,256,576
tomato-leaf-close-up_jpg.rf.861e20181a44ae11dd1f9de04e9cb67a.jpg,640,640,Tomato leaf late blight,71,236,192,372
tomato-leaf-close-up_jpg.rf.861e20181a44ae11dd1f9de04e9cb67a.jpg,640,640,Tomato leaf late blight,154,7,281,116
tomato-leaf-close-up_jpg.rf.861e20181a44ae11dd1f9de04e9cb67a.jpg,640,640,Tomato leaf late blight,128,134,243,243
tomato-leaf-close-up_jpg.rf.861e20181a44ae11dd1f9de04e9cb67a.jpg,640,640,Tomato leaf late blight,243,518,429,634
wd0phb4_jpg.rf.2a9cf0828eed3ac69ec54cc42c5670a6.jpg,640,640,Tomato leaf yellow virus,203,31,600,618
tomato-yellow-closeup-2_jpg.rf.07eceb0c21fc358d78ba938fe177753c.jpg,640,640,Tomato leaf bacterial spot,392,123,460,205
tomato-yellow-closeup-2_jpg.rf.07eceb0c21fc358d78ba938fe177753c.jpg,640,640,Tomato leaf bacterial spot,233,110,313,316
tomato-yellow-closeup-2_jpg.rf.07eceb0c21fc358d78ba938fe177753c.jpg,640,640,Tomato leaf bacterial spot,67,208,116,360
tomato-yellow-closeup-2_jpg.rf.07eceb0c21fc358d78ba938fe177753c.jpg,640,640,Tomato leaf bacterial spot,157,446,243,614
tomato-yellow-closeup-2_jpg.rf.07eceb0c21fc358d78ba938fe177753c.jpg,640,640,Tomato leaf bacterial spot,332,200,408,346
tomato-yellow-closeup-2_jpg.rf.07eceb0c21fc358d78ba938fe177753c.jpg,640,640,Tomato leaf bacterial spot,391,207,491,436
tomato-leaf-spot-septoria-lycopersici-leaf-spotting-on-tomato-at9jap_jpg.rf.882c2eda108e6cfb5392aac7e4f83130.jpg,640,640,Tomato Septoria leaf spot,153,122,499,589
Leaf-2Bsymptoms-2BMDA_jpg.rf.1d8c0d79ea7dcc1f1acefe3c3c35896a.jpg,640,640,Tomato leaf mosaic virus,0,26,255,423
Leaf-2Bsymptoms-2BMDA_jpg.rf.1d8c0d79ea7dcc1f1acefe3c3c35896a.jpg,640,640,Tomato leaf mosaic virus,344,91,551,478
Leaf-2Bsymptoms-2BMDA_jpg.rf.1d8c0d79ea7dcc1f1acefe3c3c35896a.jpg,640,640,Tomato leaf mosaic virus,196,366,484,631
pddl-highlights-fig-1-bact-spot_jpg.rf.23fae3d32ac12b113caa5ca7a6b32bdc.jpg,640,640,Tomato leaf late blight,0,143,112,298
pddl-highlights-fig-1-bact-spot_jpg.rf.23fae3d32ac12b113caa5ca7a6b32bdc.jpg,640,640,Tomato leaf late blight,105,123,196,326
pddl-highlights-fig-1-bact-spot_jpg.rf.23fae3d32ac12b113caa5ca7a6b32bdc.jpg,640,640,Tomato leaf late blight,240,165,408,479
pddl-highlights-fig-1-bact-spot_jpg.rf.23fae3d32ac12b113caa5ca7a6b32bdc.jpg,640,640,Tomato leaf late blight,530,282,639,585
39765006175_e2f0da764d_b_jpg.rf.abbf8b63406b1096a37658e8b58dd70a.jpg,640,640,Tomato leaf mosaic virus,74,63,601,514
OLU13_jpg.rf.ba0da3c4390922d317a6ee10aa07d2fb.jpg,640,640,Tomato mold leaf,144,152,513,494
OLU13_jpg.rf.ba0da3c4390922d317a6ee10aa07d2fb.jpg,640,640,Tomato mold leaf,454,9,612,154
late-blight-tomato_jpg.rf.b84882629c6827eb884e0a1989be3afc.jpg,640,640,Tomato leaf mosaic virus,0,74,283,401
late-blight-tomato_jpg.rf.b84882629c6827eb884e0a1989be3afc.jpg,640,640,Tomato leaf mosaic virus,289,1,596,181
Paret-Fig-1-tomato-bacterial-leaf-spot_jpg.rf.1e7dede9ae5528440c3c605a7495c52a.jpg,640,640,Tomato leaf mosaic virus,429,135,634,236
Paret-Fig-1-tomato-bacterial-leaf-spot_jpg.rf.1e7dede9ae5528440c3c605a7495c52a.jpg,640,640,Tomato leaf mosaic virus,301,506,365,603
Paret-Fig-1-tomato-bacterial-leaf-spot_jpg.rf.1e7dede9ae5528440c3c605a7495c52a.jpg,640,640,Tomato leaf mosaic virus,230,409,327,634
Paret-Fig-1-tomato-bacterial-leaf-spot_jpg.rf.1e7dede9ae5528440c3c605a7495c52a.jpg,640,640,Tomato leaf mosaic virus,109,205,212,417
Paret-Fig-1-tomato-bacterial-leaf-spot_jpg.rf.1e7dede9ae5528440c3c605a7495c52a.jpg,640,640,Tomato leaf mosaic virus,493,275,576,480
Paret-Fig-1-tomato-bacterial-leaf-spot_jpg.rf.1e7dede9ae5528440c3c605a7495c52a.jpg,640,640,Tomato leaf mosaic virus,396,270,538,436
Paret-Fig-1-tomato-bacterial-leaf-spot_jpg.rf.1e7dede9ae5528440c3c605a7495c52a.jpg,640,640,Tomato leaf mosaic virus,256,96,449,449
Tomato-early-blight_1_1-12wmver_jpg.rf.1fd5bf790d27d79f9cf90050976c0627.jpg,640,640,Tomato Early blight leaf,64,141,633,627
septoria-lycopersici-ascomycota-common-fungal-leaf-disease-of-tomato-picture-id128110611_jpg.rf.a3e351a722ae298579cafd10e0799719.jpg,640,640,Tomato Septoria leaf spot,83,0,579,582
Ormvn_jpg.rf.6631a4763317edeacdc2eb641eb4b522.jpg,640,640,Tomato mold leaf,147,71,519,480
tomato-leaf-spot-septoria-lycopersici-leaf-spotting-on-tomato-at9jap_jpg.rf.5f6973a2d7a865dbfdca2c0680f2d98c.jpg,640,640,Tomato Septoria leaf spot,105,83,563,623
septoria-on-rudbeckia_jpg.rf.dcd7e7912709406136b19405f730ac9c.jpg,640,640,Tomato Septoria leaf spot,72,0,635,225
septoria-on-rudbeckia_jpg.rf.dcd7e7912709406136b19405f730ac9c.jpg,640,640,Tomato Septoria leaf spot,15,171,639,638
Leaf-2Bsymptoms-2BMDA_jpg.rf.2126c2830c84be067fca4cc4cdaee706.jpg,640,640,Tomato leaf mosaic virus,386,15,629,399
Leaf-2Bsymptoms-2BMDA_jpg.rf.2126c2830c84be067fca4cc4cdaee706.jpg,640,640,Tomato leaf mosaic virus,95,107,284,485
Leaf-2Bsymptoms-2BMDA_jpg.rf.2126c2830c84be067fca4cc4cdaee706.jpg,640,640,Tomato leaf mosaic virus,179,373,453,625
earlyblight_jpg.rf.51ee15824ec7920f0d5da4e098dbe731.jpg,640,640,Tomato Early blight leaf,5,5,336,628
Septoria-leaf-spot-hc_jpg.rf.4ddf174f9488fbd3775a0f6583539ab9.jpg,640,640,Tomato Septoria leaf spot,338,0,480,154
Septoria-leaf-spot-hc_jpg.rf.4ddf174f9488fbd3775a0f6583539ab9.jpg,640,640,Tomato Septoria leaf spot,378,371,455,480
Septoria-leaf-spot-hc_jpg.rf.4ddf174f9488fbd3775a0f6583539ab9.jpg,640,640,Tomato Septoria leaf spot,500,346,589,454
Septoria-leaf-spot-hc_jpg.rf.4ddf174f9488fbd3775a0f6583539ab9.jpg,640,640,Tomato Septoria leaf spot,499,199,570,270
Septoria-leaf-spot-hc_jpg.rf.4ddf174f9488fbd3775a0f6583539ab9.jpg,640,640,Tomato Septoria leaf spot,77,282,269,500
Septoria-leaf-spot-hc_jpg.rf.4ddf174f9488fbd3775a0f6583539ab9.jpg,640,640,Tomato Septoria leaf spot,276,191,430,307
lateblight2_jpg.rf.3e8f0b76afcb357123813ab5d2b875e1.jpg,640,640,Tomato leaf yellow virus,129,90,615,615
6134794031202304-jpeg_jpg.rf.c0636f852d49000730d707b207f874d2.jpg,640,640,Tomato leaf late blight,243,105,580,483
6134794031202304-jpeg_jpg.rf.c0636f852d49000730d707b207f874d2.jpg,640,640,Tomato leaf late blight,81,185,241,357
tomato-early-blightH_jpg.rf.b2a19a788ee86761edc3e6be76249719.jpg,640,640,Tomato Early blight leaf,151,401,531,615
tomato-early-blightH_jpg.rf.b2a19a788ee86761edc3e6be76249719.jpg,640,640,Tomato Early blight leaf,265,101,517,390
tomato-early-blightH_jpg.rf.b2a19a788ee86761edc3e6be76249719.jpg,640,640,Tomato Early blight leaf,27,10,295,450
lateblight8_jpg.rf.5f00dfc6f9ec49280a264945375d63b5.jpg,640,640,Tomato leaf mosaic virus,45,114,628,418
septoria-leaf-spot-2_jpg.rf.5c7ca6f8d9ec001b423b23f963719b84.jpg,640,640,Tomato Septoria leaf spot,332,333,525,601
septoria-leaf-spot-2_jpg.rf.5c7ca6f8d9ec001b423b23f963719b84.jpg,640,640,Tomato Septoria leaf spot,333,6,518,282
septoria-leaf-spot-2_jpg.rf.5c7ca6f8d9ec001b423b23f963719b84.jpg,640,640,Tomato Septoria leaf spot,0,153,358,416
49-20Leafmold-20Bottom_jpg.rf.9b08f9183397cd2a4c8b401e762a590c.jpg,640,640,Tomato mold leaf,8,94,612,580
tomato-fern-leaf-a-symptom-of-tmv-cmv-or-pepmv-virus-on-tomato-plants-h6ey8w_jpg.rf.95d45038754ee0d6e59f8b2569138d18.jpg,640,640,Tomato leaf,148,31,546,277
tomato-fern-leaf-a-symptom-of-tmv-cmv-or-pepmv-virus-on-tomato-plants-h6ey8w_jpg.rf.95d45038754ee0d6e59f8b2569138d18.jpg,640,640,Tomato leaf,192,227,608,596
septoria-on-rudbeckia_jpg.rf.cd279d90b6d91c66f47bf56ddaabc7fa.jpg,640,640,Tomato Septoria leaf spot,45,6,633,371
septoria-on-rudbeckia_jpg.rf.cd279d90b6d91c66f47bf56ddaabc7fa.jpg,640,640,Tomato Septoria leaf spot,25,172,633,634
tomato-disease-septoria-leaf-spot-d7e1x9_jpg.rf.a10d26d3b0f099d42c3a757d0f1c0fb0.jpg,640,640,Tomato Septoria leaf spot,91,56,283,173
tomato-disease-septoria-leaf-spot-d7e1x9_jpg.rf.a10d26d3b0f099d42c3a757d0f1c0fb0.jpg,640,640,Tomato Septoria leaf spot,45,133,509,578
tomato-disease-septoria-leaf-spot-d7e1x9_jpg.rf.a10d26d3b0f099d42c3a757d0f1c0fb0.jpg,640,640,Tomato Septoria leaf spot,278,39,421,116
web1_copy_early-blight-6-_0_jpg.rf.7b88608325b68b818925bcca88013b43.jpg,640,640,Tomato Early blight leaf,199,90,590,576
septoria-lycopersici-ascomycota-common-fungal-leaf-disease-of-tomato-picture-id128110611_jpg.rf.7128f3e6b61511f6d1cfa67a9e4922d0.jpg,640,640,Tomato Septoria leaf spot,61,60,557,638
dscn6689_jpg.rf.7dc80f342a9accbe5e45e830f8855b6b.jpg,640,640,Tomato mold leaf,89,83,557,595
Tomato-late-blight-leaf-Margaret-McGrath-Cornell-Bugwood_jpg.rf.4ea62910b9bc1c9b82836e09cfc926e1.jpg,640,640,Tomato leaf mosaic virus,0,194,548,574
IMG_2686_JPG_jpg.rf.425e3df529ef3d7553d974c5c1e469e1.jpg,640,640,Tomato leaf bacterial spot,288,120,372,383
IMG_2686_JPG_jpg.rf.425e3df529ef3d7553d974c5c1e469e1.jpg,640,640,Tomato leaf bacterial spot,480,237,572,474
IMG_2686_JPG_jpg.rf.425e3df529ef3d7553d974c5c1e469e1.jpg,640,640,Tomato leaf bacterial spot,380,163,498,439
tomato-leaf-spot-septoria-lycopersici-on-a-tomato-leaflet-acg9j5_jpg.rf.be15518467d4a3542b3ab9aa1c0887e0.jpg,640,640,Tomato Septoria leaf spot,123,64,519,635
Early-bligh_t_jpg.rf.a067cdc43e1dba51a7a3be7497af0efe.jpg,640,640,Tomato Early blight leaf,251,371,391,486
Early-bligh_t_jpg.rf.a067cdc43e1dba51a7a3be7497af0efe.jpg,640,640,Tomato leaf bacterial spot,462,219,636,404
Early-bligh_t_jpg.rf.a067cdc43e1dba51a7a3be7497af0efe.jpg,640,640,Tomato leaf bacterial spot,388,46,530,217
Original_e-blight-JPG-rend-hgtvcom-966-725-jpeg_jpg.rf.57c917bf48576ccf111e115dc91ed44b.jpg,640,640,Tomato Early blight leaf,0,0,515,638
Tomato-Early-Blight-e1513806873934_jpg.rf.6f558873dff226d9f7f04ae9dcd8e155.jpg,640,640,Tomato Early blight leaf,45,218,474,627
Tomato-Early-Blight-e1513806873934_jpg.rf.6f558873dff226d9f7f04ae9dcd8e155.jpg,640,640,Tomato Early blight leaf,121,6,416,205
MPC105550-jpg-rendition-largest-ss_jpg.rf.3c6d4d49458a4ef25fa6738b1d1f4c6a.jpg,640,640,Tomato Early blight leaf,183,439,328,519
MPC105550-jpg-rendition-largest-ss_jpg.rf.3c6d4d49458a4ef25fa6738b1d1f4c6a.jpg,640,640,Tomato Early blight leaf,326,288,412,497
MPC105550-jpg-rendition-largest-ss_jpg.rf.3c6d4d49458a4ef25fa6738b1d1f4c6a.jpg,640,640,Tomato Early blight leaf,203,246,306,425
earlyblight_jpg.rf.698ba3f5a0bb2247c6a6e1b3da9f0c86.jpg,640,640,Tomato Early blight leaf,1,2,387,633
39765006175_e2f0da764d_b_jpg.rf.66a77cd46d762dbd9d186f9aa4aa3d43.jpg,640,640,Tomato leaf late blight,19,2,639,567
tomato-leaf-mold-infection-on-a-leaf-top-and-underside-picture-id81781575-s-612x612_jpg.rf.da9afef125384794ff6fc3e70ddaf83b.jpg,640,640,Tomato mold leaf,264,169,607,523
tomato-leaf-mold-infection-on-a-leaf-top-and-underside-picture-id81781575-s-612x612_jpg.rf.da9afef125384794ff6fc3e70ddaf83b.jpg,640,640,Tomato mold leaf,37,12,272,521
late_blight_tomato_leaf1x1200_jpg.rf.99801859c1f45831afd60fb399095d87.jpg,640,640,Tomato leaf mosaic virus,5,98,563,575
Tomato-Early-Blight-Leaf-Examples-Cornell-University_jpg.rf.39988b1b97a855fc2e0e9e79fc6783d0.jpg,640,640,Tomato Early blight leaf,141,76,327,179
Tomato-Early-Blight-Leaf-Examples-Cornell-University_jpg.rf.39988b1b97a855fc2e0e9e79fc6783d0.jpg,640,640,Tomato Early blight leaf,390,121,576,237
Tomato-Early-Blight-Leaf-Examples-Cornell-University_jpg.rf.39988b1b97a855fc2e0e9e79fc6783d0.jpg,640,640,Tomato Early blight leaf,455,31,615,147
Tomato-Early-Blight-Leaf-Examples-Cornell-University_jpg.rf.39988b1b97a855fc2e0e9e79fc6783d0.jpg,640,640,Tomato Early blight leaf,525,179,628,467
Tomato-Early-Blight-Leaf-Examples-Cornell-University_jpg.rf.39988b1b97a855fc2e0e9e79fc6783d0.jpg,640,640,Tomato Early blight leaf,410,282,518,545
Tomato-Early-Blight-Leaf-Examples-Cornell-University_jpg.rf.39988b1b97a855fc2e0e9e79fc6783d0.jpg,640,640,Tomato Early blight leaf,288,191,409,467
Tomato-Early-Blight-Leaf-Examples-Cornell-University_jpg.rf.39988b1b97a855fc2e0e9e79fc6783d0.jpg,640,640,Tomato Early blight leaf,6,13,192,141
Tomato-Early-Blight-Leaf-Examples-Cornell-University_jpg.rf.39988b1b97a855fc2e0e9e79fc6783d0.jpg,640,640,Tomato Early blight leaf,33,141,110,372
Tomato-Early-Blight-Leaf-Examples-Cornell-University_jpg.rf.39988b1b97a855fc2e0e9e79fc6783d0.jpg,640,640,Tomato Early blight leaf,19,377,84,589
Tomato-Early-Blight-Leaf-Examples-Cornell-University_jpg.rf.39988b1b97a855fc2e0e9e79fc6783d0.jpg,640,640,Tomato Early blight leaf,71,378,160,609
Tomato-Early-Blight-Leaf-Examples-Cornell-University_jpg.rf.39988b1b97a855fc2e0e9e79fc6783d0.jpg,640,640,Tomato Early blight leaf,185,256,313,615
Tomato-Early-Blight-Leaf-Examples-Cornell-University_jpg.rf.39988b1b97a855fc2e0e9e79fc6783d0.jpg,640,640,Tomato Early blight leaf,320,551,480,634
Tomato-Early-Blight-Leaf-Examples-Cornell-University_jpg.rf.39988b1b97a855fc2e0e9e79fc6783d0.jpg,640,640,Tomato Early blight leaf,237,179,294,358
Tomato-Early-Blight-Leaf-Examples-Cornell-University_jpg.rf.39988b1b97a855fc2e0e9e79fc6783d0.jpg,640,640,Tomato Early blight leaf,172,186,231,282
Tomato-Early-Blight-Leaf-Examples-Cornell-University_jpg.rf.39988b1b97a855fc2e0e9e79fc6783d0.jpg,640,640,Tomato Early blight leaf,289,7,455,179
Tomato-Early-Blight-Leaf-Examples-Cornell-University_jpg.rf.39988b1b97a855fc2e0e9e79fc6783d0.jpg,640,640,Tomato Early blight leaf,480,486,628,608
Tomato-Early-Blight-Leaf-Examples-Cornell-University_jpg.rf.39988b1b97a855fc2e0e9e79fc6783d0.jpg,640,640,Tomato Early blight leaf,498,448,557,519
Late-blight_jpg.rf.32aa4e7d4ba5f2ce7942e7835cd109d2.jpg,640,640,Tomato leaf mosaic virus,7,292,339,600
Late-blight_jpg.rf.32aa4e7d4ba5f2ce7942e7835cd109d2.jpg,640,640,Tomato leaf mosaic virus,161,201,627,601
Fig_-2015_opta_jpg.rf.6d3068ad241f891efa96289f80dfa735.jpg,640,640,Tomato mold leaf,436,2,587,66
Fig_-2015_opta_jpg.rf.6d3068ad241f891efa96289f80dfa735.jpg,640,640,Tomato mold leaf,288,53,405,153
Fig_-2015_opta_jpg.rf.6d3068ad241f891efa96289f80dfa735.jpg,640,640,Tomato mold leaf,345,351,445,440
Fig_-2015_opta_jpg.rf.6d3068ad241f891efa96289f80dfa735.jpg,640,640,Tomato mold leaf,157,246,221,291
Fig_-2015_opta_jpg.rf.6d3068ad241f891efa96289f80dfa735.jpg,640,640,Tomato mold leaf,254,233,321,276
Fig_-2015_opta_jpg.rf.6d3068ad241f891efa96289f80dfa735.jpg,640,640,Tomato mold leaf,89,140,265,238
Fig_-2015_opta_jpg.rf.6d3068ad241f891efa96289f80dfa735.jpg,640,640,Tomato mold leaf,173,46,242,134
Fig_-2015_opta_jpg.rf.6d3068ad241f891efa96289f80dfa735.jpg,640,640,Tomato mold leaf,332,86,574,446
Fig_-2015_opta_jpg.rf.6d3068ad241f891efa96289f80dfa735.jpg,640,640,Tomato mold leaf,80,299,305,582
Bacterial_spots1300_jpg.rf.964ff531ec217f2d11259d82f574d445.jpg,640,640,Tomato leaf mosaic virus,146,140,539,586
EPP-7625Fig-5-143x300_jpg.rf.afb7208812035642d7376b71222a568c.jpg,640,640,Tomato Septoria leaf spot,345,421,627,557
EPP-7625Fig-5-143x300_jpg.rf.afb7208812035642d7376b71222a568c.jpg,640,640,Tomato Septoria leaf spot,52,20,621,443
tomato-leaf-spot-septoria-lycopersici-leaf-spotting-on-tomato-at9jap_jpg.rf.9fb7fb18106bbed09dd3f56bf88020c7.jpg,640,640,Tomato Septoria leaf spot,133,46,499,523
bigseptoria01_jpg.rf.6c5a6e32fe3eb79b07ed64eeb1cd2fa9.jpg,640,640,Tomato Septoria leaf spot,64,134,621,525
Ormvn_jpg.rf.2055f351e1750382b51e595e6ea02037.jpg,640,640,Tomato mold leaf,74,41,521,518
tomato-leaf-mold-2_jpg.rf.d006c3e6b419e62bc60f5726aa0abb32.jpg,640,640,Tomato mold leaf,96,58,544,582
Tomato-Early-Blight-Leaf-Examples-Cornell-University_jpg.rf.28f13db2fef006fe5244dd11ec9a2e27.jpg,640,640,Tomato Early blight leaf,340,79,543,213
Tomato-Early-Blight-Leaf-Examples-Cornell-University_jpg.rf.28f13db2fef006fe5244dd11ec9a2e27.jpg,640,640,Tomato Early blight leaf,85,83,285,223
Tomato-Early-Blight-Leaf-Examples-Cornell-University_jpg.rf.28f13db2fef006fe5244dd11ec9a2e27.jpg,640,640,Tomato Early blight leaf,416,202,489,306
Tomato-Early-Blight-Leaf-Examples-Cornell-University_jpg.rf.28f13db2fef006fe5244dd11ec9a2e27.jpg,640,640,Tomato Early blight leaf,521,178,637,418
Tomato-Early-Blight-Leaf-Examples-Cornell-University_jpg.rf.28f13db2fef006fe5244dd11ec9a2e27.jpg,640,640,Tomato Early blight leaf,341,182,428,373
Tomato-Early-Blight-Leaf-Examples-Cornell-University_jpg.rf.28f13db2fef006fe5244dd11ec9a2e27.jpg,640,640,Tomato Early blight leaf,0,128,143,431
Tomato-Early-Blight-Leaf-Examples-Cornell-University_jpg.rf.28f13db2fef006fe5244dd11ec9a2e27.jpg,640,640,Tomato Early blight leaf,256,188,327,459
Tomato-Early-Blight-Leaf-Examples-Cornell-University_jpg.rf.28f13db2fef006fe5244dd11ec9a2e27.jpg,640,640,Tomato Early blight leaf,89,248,237,525
Tomato-Early-Blight-Leaf-Examples-Cornell-University_jpg.rf.28f13db2fef006fe5244dd11ec9a2e27.jpg,640,640,Tomato Early blight leaf,275,255,468,637
Tomato-Early-Blight-Leaf-Examples-Cornell-University_jpg.rf.28f13db2fef006fe5244dd11ec9a2e27.jpg,640,640,Tomato Early blight leaf,55,406,122,483
Tomato-Early-Blight-Leaf-Examples-Cornell-University_jpg.rf.28f13db2fef006fe5244dd11ec9a2e27.jpg,640,640,Tomato Early blight leaf,508,416,604,638
Tomato-Early-Blight-Leaf-Examples-Cornell-University_jpg.rf.28f13db2fef006fe5244dd11ec9a2e27.jpg,640,640,Tomato Early blight leaf,444,410,542,639
Tomato-Early-Blight-Leaf-Examples-Cornell-University_jpg.rf.28f13db2fef006fe5244dd11ec9a2e27.jpg,640,640,Tomato Early blight leaf,0,449,131,569
Tomato-Early-Blight-Leaf-Examples-Cornell-University_jpg.rf.28f13db2fef006fe5244dd11ec9a2e27.jpg,640,640,Tomato Early blight leaf,109,518,282,630
Tomato-Early-Blight-Leaf-Examples-Cornell-University_jpg.rf.28f13db2fef006fe5244dd11ec9a2e27.jpg,640,640,Tomato Early blight leaf,476,39,639,202
Tomato-Early-Blight-Leaf-Examples-Cornell-University_jpg.rf.28f13db2fef006fe5244dd11ec9a2e27.jpg,640,640,Tomato Early blight leaf,57,0,240,125
Tomato-Early-Blight-Leaf-Examples-Cornell-University_jpg.rf.28f13db2fef006fe5244dd11ec9a2e27.jpg,640,640,Tomato Early blight leaf,215,0,409,185
mortgage-lifter-yellow-leaves-2_jpg.rf.62c5e8e1e67583635b765764b353efdd.jpg,640,640,Tomato leaf late blight,168,543,231,609
mortgage-lifter-yellow-leaves-2_jpg.rf.62c5e8e1e67583635b765764b353efdd.jpg,640,640,Tomato leaf late blight,132,439,225,482
mortgage-lifter-yellow-leaves-2_jpg.rf.62c5e8e1e67583635b765764b353efdd.jpg,640,640,Tomato leaf late blight,246,536,309,585
mortgage-lifter-yellow-leaves-2_jpg.rf.62c5e8e1e67583635b765764b353efdd.jpg,640,640,Tomato leaf late blight,339,280,408,340
mortgage-lifter-yellow-leaves-2_jpg.rf.62c5e8e1e67583635b765764b353efdd.jpg,640,640,Tomato leaf late blight,209,289,297,366
mortgage-lifter-yellow-leaves-2_jpg.rf.62c5e8e1e67583635b765764b353efdd.jpg,640,640,Tomato leaf late blight,88,183,159,263
mortgage-lifter-yellow-leaves-2_jpg.rf.62c5e8e1e67583635b765764b353efdd.jpg,640,640,Tomato leaf late blight,454,205,523,282
Early-blight_jpg.rf.9450746a84dc9c2647355b023ba84777.jpg,640,640,Tomato Early blight leaf,120,83,422,275
Early-blight_jpg.rf.9450746a84dc9c2647355b023ba84777.jpg,640,640,Tomato Early blight leaf,16,355,190,497
-2320-Bacterial-Spot-and-Speck_jpg.rf.28f2ec0663fc50c1edc4e1b3090c7cbc.jpg,640,640,Tomato leaf late blight,354,293,601,492
Tomato-early-blight_1_1-12wmver_jpg.rf.61ebeecb1399e0f32ef004db0f7c05e0.jpg,640,640,Tomato Early blight leaf,0,0,586,522
tomato-leaf-mold-infection-on-a-leaf-top-and-underside-picture-id81781575-s-612x612_jpg.rf.b49825ac5c13bd26ed5ef0da66b6949d.jpg,640,640,Tomato mold leaf,238,110,638,518
tomato-leaf-mold-infection-on-a-leaf-top-and-underside-picture-id81781575-s-612x612_jpg.rf.b49825ac5c13bd26ed5ef0da66b6949d.jpg,640,640,Tomato mold leaf,0,73,308,616
pddl-highlights-fig-1-bact-spot_jpg.rf.5682718df60fe78e3ba99d02a1e4e674.jpg,640,640,Tomato leaf mosaic virus,532,305,634,599
pddl-highlights-fig-1-bact-spot_jpg.rf.5682718df60fe78e3ba99d02a1e4e674.jpg,640,640,Tomato leaf mosaic virus,8,131,115,277
pddl-highlights-fig-1-bact-spot_jpg.rf.5682718df60fe78e3ba99d02a1e4e674.jpg,640,640,Tomato leaf mosaic virus,119,116,196,313
pddl-highlights-fig-1-bact-spot_jpg.rf.5682718df60fe78e3ba99d02a1e4e674.jpg,640,640,Tomato leaf mosaic virus,251,171,397,474
49-Septoria-leaf-spot_jpg.rf.d149ae66d0eb16f843ecc6387c73f4c9.jpg,640,640,Tomato Septoria leaf spot,220,502,426,639
49-Septoria-leaf-spot_jpg.rf.d149ae66d0eb16f843ecc6387c73f4c9.jpg,640,640,Tomato Septoria leaf spot,398,254,617,628
49-Septoria-leaf-spot_jpg.rf.d149ae66d0eb16f843ecc6387c73f4c9.jpg,640,640,Tomato Septoria leaf spot,26,63,508,537
septorialeafspot_jpg.rf.905cff0c1bcf48193df37db75b44581b.jpg,640,640,Tomato Septoria leaf spot,147,301,256,384
septorialeafspot_jpg.rf.905cff0c1bcf48193df37db75b44581b.jpg,640,640,Tomato Septoria leaf spot,6,378,263,556
septorialeafspot_jpg.rf.905cff0c1bcf48193df37db75b44581b.jpg,640,640,Tomato Septoria leaf spot,345,448,633,622
septorialeafspot_jpg.rf.905cff0c1bcf48193df37db75b44581b.jpg,640,640,Tomato Septoria leaf spot,294,295,518,422
septorialeafspot_jpg.rf.905cff0c1bcf48193df37db75b44581b.jpg,640,640,Tomato Septoria leaf spot,147,19,365,307
Ormvn_jpg.rf.eeb0bdff56b7a8002d700869b968c0c0.jpg,640,640,Tomato mold leaf,146,69,522,482
L_peruv-assort_jpg.rf.afc804d662f0f3a25eeb85b2223b2254.jpg,640,640,Tomato leaf late blight,280,99,348,296
L_peruv-assort_jpg.rf.afc804d662f0f3a25eeb85b2223b2254.jpg,640,640,Tomato leaf late blight,323,305,368,359
L_peruv-assort_jpg.rf.afc804d662f0f3a25eeb85b2223b2254.jpg,640,640,Tomato leaf late blight,330,337,376,391
L_peruv-assort_jpg.rf.afc804d662f0f3a25eeb85b2223b2254.jpg,640,640,Tomato leaf late blight,345,380,382,460
L_peruv-assort_jpg.rf.afc804d662f0f3a25eeb85b2223b2254.jpg,640,640,Tomato leaf late blight,345,474,389,541
L_peruv-assort_jpg.rf.afc804d662f0f3a25eeb85b2223b2254.jpg,640,640,Tomato leaf late blight,268,314,325,398
L_peruv-assort_jpg.rf.afc804d662f0f3a25eeb85b2223b2254.jpg,640,640,Tomato leaf late blight,271,382,320,446
L_peruv-assort_jpg.rf.afc804d662f0f3a25eeb85b2223b2254.jpg,640,640,Tomato leaf late blight,272,420,323,495
L_peruv-assort_jpg.rf.afc804d662f0f3a25eeb85b2223b2254.jpg,640,640,Tomato leaf late blight,275,529,331,600
tomato-leaf_jpg.rf.629c81fc11fc26c5e337afe50746b736.jpg,640,640,Tomato leaf bacterial spot,283,406,492,626
tomato-leaf_jpg.rf.629c81fc11fc26c5e337afe50746b736.jpg,640,640,Tomato leaf bacterial spot,36,17,613,494
IMG_0591_jpg.rf.dc695a96ebeaffa5381f19538518a728.jpg,640,640,Tomato Early blight leaf,0,233,638,638
Tomato-Early-Blight_jpg.rf.18a7fd6c3b3e65bbf1d387fdf7ad7a82.jpg,640,640,Tomato Early blight leaf,134,140,518,634
LateBlightLeaf_jpg.rf.e8a4d9a9ca92647a55f3bf976600c767.jpg,640,640,Tomato leaf mosaic virus,45,189,382,440
DSCN1015_JPG_jpg.rf.2cb0bb74e70e06f28a14eca3584090a6.jpg,640,640,Tomato leaf late blight,365,33,628,270
DSCN1015_JPG_jpg.rf.2cb0bb74e70e06f28a14eca3584090a6.jpg,640,640,Tomato leaf late blight,237,159,397,416
DSCN1015_JPG_jpg.rf.2cb0bb74e70e06f28a14eca3584090a6.jpg,640,640,Tomato leaf late blight,0,19,211,243
Pest2369_jpg.rf.4a519596b1ec4ba8ba0cbea83fc2c0a0.jpg,640,640,Tomato leaf yellow virus,77,13,518,621
6242739939180544_jpeg_jpg.rf.767edbf4798200c89cc8b2f182ee9d77.jpg,640,640,Tomato Septoria leaf spot,6,141,492,442
fpls-08-01602-g001_jpg.rf.59f092efb55af89ad00d03b7540c51bb.jpg,640,640,Tomato leaf late blight,12,25,468,570
fpls-08-01602-g001_jpg.rf.59f092efb55af89ad00d03b7540c51bb.jpg,640,640,Tomato leaf late blight,262,410,627,621
Pest2369_jpg.rf.4bcf09da43aa9b932576db0129e2e761.jpg,640,640,Tomato Early blight leaf,198,186,567,579
Early-blight_jpg.rf.dc3382260e7ba141e7090fff70c7d531.jpg,640,640,Tomato Early blight leaf,239,155,398,270
mosiac-virus3_jpg.rf.7dc0882c3273f3ceef3e4c55fa00c047.jpg,640,640,Tomato leaf yellow virus,331,14,568,248
mosiac-virus3_jpg.rf.7dc0882c3273f3ceef3e4c55fa00c047.jpg,640,640,Tomato leaf yellow virus,85,160,284,315
mosiac-virus3_jpg.rf.7dc0882c3273f3ceef3e4c55fa00c047.jpg,640,640,Tomato leaf yellow virus,372,305,518,562
mosiac-virus3_jpg.rf.7dc0882c3273f3ceef3e4c55fa00c047.jpg,640,640,Tomato leaf yellow virus,185,320,368,638
LateBlight-Leaflet-Large-Spot_9005-ROTATED-sbzntn_jpg.rf.188f92ed694ac083c5852607379add0d.jpg,640,640,Tomato leaf mosaic virus,163,130,572,621
IMG_2348_jpg.rf.857b6caf818588d7d596aba9db744a2a.jpg,640,640,Tomato Septoria leaf spot,274,65,557,200
IMG_2348_jpg.rf.857b6caf818588d7d596aba9db744a2a.jpg,640,640,Tomato Septoria leaf spot,475,140,635,266
IMG_2348_jpg.rf.857b6caf818588d7d596aba9db744a2a.jpg,640,640,Tomato Septoria leaf spot,31,89,287,526
IMG_2348_jpg.rf.857b6caf818588d7d596aba9db744a2a.jpg,640,640,Tomato Septoria leaf spot,426,297,640,532
IMG_2348_jpg.rf.857b6caf818588d7d596aba9db744a2a.jpg,640,640,Tomato Septoria leaf spot,296,0,513,102
page_2_jpg.rf.9909ec68860b19544a211c2959bf215c.jpg,640,640,Tomato leaf,20,155,180,383
page_2_jpg.rf.9909ec68860b19544a211c2959bf215c.jpg,640,640,Tomato leaf,192,160,320,371
earlyblighttomato_jpg.rf.fbbf792bd2771dd3fafce56988a5a322.jpg,640,640,Tomato Early blight leaf,100,63,638,608
MPC105550-jpg-rendition-largest-ss_jpg.rf.a915decbe3fb9860d19337ed704a0da1.jpg,640,640,Tomato Early blight leaf,158,423,305,511
MPC105550-jpg-rendition-largest-ss_jpg.rf.a915decbe3fb9860d19337ed704a0da1.jpg,640,640,Tomato Early blight leaf,309,293,406,505
MPC105550-jpg-rendition-largest-ss_jpg.rf.a915decbe3fb9860d19337ed704a0da1.jpg,640,640,Tomato Early blight leaf,197,233,309,416
Late-blight_jpg.rf.4bbdf8044c19c9a40637cfe4294a1fad.jpg,640,640,Tomato leaf mosaic virus,15,38,341,338
Late-blight_jpg.rf.4bbdf8044c19c9a40637cfe4294a1fad.jpg,640,640,Tomato leaf mosaic virus,167,49,625,436
septoria-on-rudbeckia_jpg.rf.e22182509cfaaf3e97377f6db99841bd.jpg,640,640,Tomato Septoria leaf spot,41,0,619,251
septoria-on-rudbeckia_jpg.rf.e22182509cfaaf3e97377f6db99841bd.jpg,640,640,Tomato Septoria leaf spot,6,139,640,639
patarea-bacteriana-frunzelor-pseudomonas-syringae-maculicola-31_5_2_jpg.rf.7ca9516b365ef92830972024f12862b9.jpg,640,640,Tomato leaf mosaic virus,32,19,634,621
EBTomato_jpg.rf.73f71c2cc2484f21fbf22fb4bafcf6c0.jpg,640,640,Tomato Early blight leaf,122,16,490,639
IMG_0591_jpg.rf.fa463211408a03e195460798c0670f88.jpg,640,640,Tomato Early blight leaf,0,255,638,638
lateblight8_jpg.rf.a37af186ce153eb99b01ce0d0bc599f5.jpg,640,640,Tomato leaf mosaic virus,40,179,638,559
Tomato-leaf-mold_jpg.rf.2326fc793dbe3de0df2cc6d2bbcdf24e.jpg,640,640,Tomato mold leaf,0,378,154,633
Tomato-leaf-mold_jpg.rf.2326fc793dbe3de0df2cc6d2bbcdf24e.jpg,640,640,Tomato mold leaf,129,25,263,218
Tomato-leaf-mold_jpg.rf.2326fc793dbe3de0df2cc6d2bbcdf24e.jpg,640,640,Tomato mold leaf,525,0,632,377
Tomato-leaf-mold_jpg.rf.2326fc793dbe3de0df2cc6d2bbcdf24e.jpg,640,640,Tomato mold leaf,212,243,333,628
Tomato-leaf-mold_jpg.rf.2326fc793dbe3de0df2cc6d2bbcdf24e.jpg,640,640,Tomato mold leaf,276,26,602,449
Tomato-leaf-mold_jpg.rf.2326fc793dbe3de0df2cc6d2bbcdf24e.jpg,640,640,Tomato mold leaf,307,320,531,569
tomato-gray-leaf-spot_jpg.rf.f776a13b9664d591535bb56259bc18c8.jpg,640,640,Tomato mold leaf,10,10,636,636
71c944d61b08f6373a9a38d3c250cb2e_jpg.rf.549070ada82b86261444e5ea1ac6f8d3.jpg,640,640,Tomato leaf mosaic virus,25,146,576,431
SeptoriaLeaf_T3_jpg.rf.f9706262342c4b5c5f1a7673c9e69793.jpg,640,640,Tomato Septoria leaf spot,269,131,500,549
SeptoriaLeaf_T3_jpg.rf.f9706262342c4b5c5f1a7673c9e69793.jpg,640,640,Tomato Septoria leaf spot,537,245,638,447
SeptoriaLeaf_T3_jpg.rf.f9706262342c4b5c5f1a7673c9e69793.jpg,640,640,Tomato Septoria leaf spot,136,56,350,389
SeptoriaLeaf_T3_jpg.rf.f9706262342c4b5c5f1a7673c9e69793.jpg,640,640,Tomato Septoria leaf spot,381,564,487,639
SeptoriaLeaf_T3_jpg.rf.f9706262342c4b5c5f1a7673c9e69793.jpg,640,640,Tomato Septoria leaf spot,342,10,486,155
Fig_-2014_opta_jpg.rf.d691a70dc01719663bb7852960941444.jpg,640,640,Tomato leaf yellow virus,39,83,608,551
dsc_8148cs_jpg.rf.58eb1d95ce93a696f10c785e645dca68.jpg,640,640,Tomato leaf yellow virus,12,38,634,634
GIVXB_jpg.rf.f6254bd00002db1b6672156014d40016.jpg,640,640,Tomato mold leaf,51,448,186,602
GIVXB_jpg.rf.f6254bd00002db1b6672156014d40016.jpg,640,640,Tomato mold leaf,0,154,148,429
GIVXB_jpg.rf.f6254bd00002db1b6672156014d40016.jpg,640,640,Tomato mold leaf,243,288,486,486
GIVXB_jpg.rf.f6254bd00002db1b6672156014d40016.jpg,640,640,Tomato mold leaf,160,172,294,397
GIVXB_jpg.rf.f6254bd00002db1b6672156014d40016.jpg,640,640,Tomato mold leaf,282,70,462,339
Tomato-late-blight-leaf-Margaret-McGrath-Cornell-Bugwood_jpg.rf.53e79cb2f0964a022b3d3dc317afd1d3.jpg,640,640,Tomato leaf mosaic virus,106,85,640,433
Original_e-blight_JPG_rend_hgtvcom_966_725_jpeg_jpg.rf.5ae450368d5afac647ae3b6266c988f3.jpg,640,640,Tomato Early blight leaf,64,6,442,628
Late-blight-tomato-leaf-VikramBisht-MBag_jpg.rf.10eff9955441514bfd076819b7fb560e.jpg,640,640,Tomato leaf mosaic virus,159,176,410,399
Late-blight-tomato-leaf-VikramBisht-MBag_jpg.rf.10eff9955441514bfd076819b7fb560e.jpg,640,640,Tomato leaf mosaic virus,83,1,326,232
Tomato-Early-Blight-Leaf-Examples-Cornell-University_jpg.rf.b011c60c0c7760fe6996279c3844af30.jpg,640,640,Tomato Early blight leaf,295,461,490,579
Tomato-Early-Blight-Leaf-Examples-Cornell-University_jpg.rf.b011c60c0c7760fe6996279c3844af30.jpg,640,640,Tomato Early blight leaf,50,384,242,508
Tomato-Early-Blight-Leaf-Examples-Cornell-University_jpg.rf.b011c60c0c7760fe6996279c3844af30.jpg,640,640,Tomato Early blight leaf,399,367,463,468
Tomato-Early-Blight-Leaf-Examples-Cornell-University_jpg.rf.b011c60c0c7760fe6996279c3844af30.jpg,640,640,Tomato Early blight leaf,516,290,613,527
Tomato-Early-Blight-Leaf-Examples-Cornell-University_jpg.rf.b011c60c0c7760fe6996279c3844af30.jpg,640,640,Tomato Early blight leaf,335,284,407,471
Tomato-Early-Blight-Leaf-Examples-Cornell-University_jpg.rf.b011c60c0c7760fe6996279c3844af30.jpg,640,640,Tomato Early blight leaf,1,146,128,442
Tomato-Early-Blight-Leaf-Examples-Cornell-University_jpg.rf.b011c60c0c7760fe6996279c3844af30.jpg,640,640,Tomato Early blight leaf,270,173,318,445
Tomato-Early-Blight-Leaf-Examples-Cornell-University_jpg.rf.b011c60c0c7760fe6996279c3844af30.jpg,640,640,Tomato Early blight leaf,123,80,248,351
Tomato-Early-Blight-Leaf-Examples-Cornell-University_jpg.rf.b011c60c0c7760fe6996279c3844af30.jpg,640,640,Tomato Early blight leaf,322,26,483,400
Tomato-Early-Blight-Leaf-Examples-Cornell-University_jpg.rf.b011c60c0c7760fe6996279c3844af30.jpg,640,640,Tomato Early blight leaf,97,104,160,178
Tomato-Early-Blight-Leaf-Examples-Cornell-University_jpg.rf.b011c60c0c7760fe6996279c3844af30.jpg,640,640,Tomato Early blight leaf,563,72,640,292
Tomato-Early-Blight-Leaf-Examples-Cornell-University_jpg.rf.b011c60c0c7760fe6996279c3844af30.jpg,640,640,Tomato Early blight leaf,502,46,580,280
Tomato-Early-Blight-Leaf-Examples-Cornell-University_jpg.rf.b011c60c0c7760fe6996279c3844af30.jpg,640,640,Tomato Early blight leaf,30,15,185,121
Tomato-Early-Blight-Leaf-Examples-Cornell-University_jpg.rf.b011c60c0c7760fe6996279c3844af30.jpg,640,640,Tomato Early blight leaf,181,0,349,92
Tomato-Early-Blight-Leaf-Examples-Cornell-University_jpg.rf.b011c60c0c7760fe6996279c3844af30.jpg,640,640,Tomato Early blight leaf,420,509,622,640
Tomato-Early-Blight-Leaf-Examples-Cornell-University_jpg.rf.b011c60c0c7760fe6996279c3844af30.jpg,640,640,Tomato Early blight leaf,0,469,172,596
Tomato-Early-Blight-Leaf-Examples-Cornell-University_jpg.rf.b011c60c0c7760fe6996279c3844af30.jpg,640,640,Tomato Early blight leaf,161,452,341,637
46-Septoria-leaf-spot_jpg.rf.f1afc37ef2ba771b1ea6268fd7f653db.jpg,640,640,Tomato Septoria leaf spot,7,288,295,435
46-Septoria-leaf-spot_jpg.rf.f1afc37ef2ba771b1ea6268fd7f653db.jpg,640,640,Tomato Septoria leaf spot,7,461,276,588
46-Septoria-leaf-spot_jpg.rf.f1afc37ef2ba771b1ea6268fd7f653db.jpg,640,640,Tomato Septoria leaf spot,358,455,634,582
46-Septoria-leaf-spot_jpg.rf.f1afc37ef2ba771b1ea6268fd7f653db.jpg,640,640,Tomato Septoria leaf spot,326,307,628,416
46-Septoria-leaf-spot_jpg.rf.f1afc37ef2ba771b1ea6268fd7f653db.jpg,640,640,Tomato Septoria leaf spot,205,6,423,320
pddl-highlights-fig-1-bact-spot_jpg.rf.217853ba3d79a3361a78a485706f553c.jpg,640,640,Tomato leaf late blight,17,395,148,558
pddl-highlights-fig-1-bact-spot_jpg.rf.217853ba3d79a3361a78a485706f553c.jpg,640,640,Tomato leaf late blight,122,347,229,555
pddl-highlights-fig-1-bact-spot_jpg.rf.217853ba3d79a3361a78a485706f553c.jpg,640,640,Tomato leaf late blight,226,156,420,479
pddl-highlights-fig-1-bact-spot_jpg.rf.217853ba3d79a3361a78a485706f553c.jpg,640,640,Tomato leaf late blight,485,1,634,304
8-Virus-Damaged-foliage-at-top-versus-healthy-non-infected-bottom-foliage_jpg.rf.e82982a9e60afffa8217feae77dc9e76.jpg,640,640,Tomato leaf,352,94,440,158
8-Virus-Damaged-foliage-at-top-versus-healthy-non-infected-bottom-foliage_jpg.rf.e82982a9e60afffa8217feae77dc9e76.jpg,640,640,Tomato leaf,119,83,159,149
8-Virus-Damaged-foliage-at-top-versus-healthy-non-infected-bottom-foliage_jpg.rf.e82982a9e60afffa8217feae77dc9e76.jpg,640,640,Tomato leaf,249,149,293,193
8-Virus-Damaged-foliage-at-top-versus-healthy-non-infected-bottom-foliage_jpg.rf.e82982a9e60afffa8217feae77dc9e76.jpg,640,640,Tomato leaf,82,142,120,186
8-Virus-Damaged-foliage-at-top-versus-healthy-non-infected-bottom-foliage_jpg.rf.e82982a9e60afffa8217feae77dc9e76.jpg,640,640,Tomato leaf,345,175,387,210
8-Virus-Damaged-foliage-at-top-versus-healthy-non-infected-bottom-foliage_jpg.rf.e82982a9e60afffa8217feae77dc9e76.jpg,640,640,Tomato leaf,218,173,261,225
8-Virus-Damaged-foliage-at-top-versus-healthy-non-infected-bottom-foliage_jpg.rf.e82982a9e60afffa8217feae77dc9e76.jpg,640,640,Tomato leaf,251,186,317,249
8-Virus-Damaged-foliage-at-top-versus-healthy-non-infected-bottom-foliage_jpg.rf.e82982a9e60afffa8217feae77dc9e76.jpg,640,640,Tomato leaf,329,206,403,263
8-Virus-Damaged-foliage-at-top-versus-healthy-non-infected-bottom-foliage_jpg.rf.e82982a9e60afffa8217feae77dc9e76.jpg,640,640,Tomato leaf,36,197,82,265
8-Virus-Damaged-foliage-at-top-versus-healthy-non-infected-bottom-foliage_jpg.rf.e82982a9e60afffa8217feae77dc9e76.jpg,640,640,Tomato leaf,54,273,94,318
8-Virus-Damaged-foliage-at-top-versus-healthy-non-infected-bottom-foliage_jpg.rf.e82982a9e60afffa8217feae77dc9e76.jpg,640,640,Tomato leaf,198,265,261,361
8-Virus-Damaged-foliage-at-top-versus-healthy-non-infected-bottom-foliage_jpg.rf.e82982a9e60afffa8217feae77dc9e76.jpg,640,640,Tomato leaf,285,302,334,347
8-Virus-Damaged-foliage-at-top-versus-healthy-non-infected-bottom-foliage_jpg.rf.e82982a9e60afffa8217feae77dc9e76.jpg,640,640,Tomato leaf,39,315,70,351
8-Virus-Damaged-foliage-at-top-versus-healthy-non-infected-bottom-foliage_jpg.rf.e82982a9e60afffa8217feae77dc9e76.jpg,640,640,Tomato leaf,140,318,177,372
8-Virus-Damaged-foliage-at-top-versus-healthy-non-infected-bottom-foliage_jpg.rf.e82982a9e60afffa8217feae77dc9e76.jpg,640,640,Tomato leaf,34,342,85,389
8-Virus-Damaged-foliage-at-top-versus-healthy-non-infected-bottom-foliage_jpg.rf.e82982a9e60afffa8217feae77dc9e76.jpg,640,640,Tomato leaf,261,398,314,472
8-Virus-Damaged-foliage-at-top-versus-healthy-non-infected-bottom-foliage_jpg.rf.e82982a9e60afffa8217feae77dc9e76.jpg,640,640,Tomato leaf,160,413,248,496
8-Virus-Damaged-foliage-at-top-versus-healthy-non-infected-bottom-foliage_jpg.rf.e82982a9e60afffa8217feae77dc9e76.jpg,640,640,Tomato leaf,20,429,145,526
4b0bfd_df5a85f728c74cecbe908a24feadab02_jpg.rf.eb3baf1aec0b96269382a4d26f2fea1a.jpg,640,640,Tomato leaf,365,365,628,583
4b0bfd_df5a85f728c74cecbe908a24feadab02_jpg.rf.eb3baf1aec0b96269382a4d26f2fea1a.jpg,640,640,Tomato leaf,12,307,225,525
4b0bfd_df5a85f728c74cecbe908a24feadab02_jpg.rf.eb3baf1aec0b96269382a4d26f2fea1a.jpg,640,640,Tomato leaf,148,12,480,320
LateBlt_FromRusinek_jpg.rf.32c3d8981596460b2fc9a046c42c59c8.jpg,640,640,Tomato leaf yellow virus,492,409,634,634
LateBlt_FromRusinek_jpg.rf.32c3d8981596460b2fc9a046c42c59c8.jpg,640,640,Tomato leaf yellow virus,199,6,430,326
LateBlt_FromRusinek_jpg.rf.32c3d8981596460b2fc9a046c42c59c8.jpg,640,640,Tomato leaf yellow virus,224,147,519,531
Septoria-461x346_jpg.rf.d7ec3a77f09bbd3ea7335dec16f623f3.jpg,640,640,Tomato Septoria leaf spot,7,64,596,588
Early-bligh_t_jpg.rf.0f8f40c9703740daa4089823304e7737.jpg,640,640,Tomato Early blight leaf,247,374,384,483
Early-bligh_t_jpg.rf.0f8f40c9703740daa4089823304e7737.jpg,640,640,Tomato leaf bacterial spot,465,233,633,413
Early-bligh_t_jpg.rf.0f8f40c9703740daa4089823304e7737.jpg,640,640,Tomato leaf bacterial spot,402,56,536,222
tomato-early-blightH_jpg.rf.61310e2f69bba1ef8dc2b6e34d9423dc.jpg,640,640,Tomato Early blight leaf,160,402,538,611
tomato-early-blightH_jpg.rf.61310e2f69bba1ef8dc2b6e34d9423dc.jpg,640,640,Tomato Early blight leaf,109,123,357,409
tomato-early-blightH_jpg.rf.61310e2f69bba1ef8dc2b6e34d9423dc.jpg,640,640,Tomato Early blight leaf,321,0,582,411
tomato-gray-leaf-spot_jpg.rf.093029515b8761ecc51299bba426d057.jpg,640,640,Tomato mold leaf,6,6,634,634
early-blight-or-target-spot-alternaria-solani-lesions-on-a-tomato-BH3TH0_jpg.rf.237ed53e89d7d6f6e14d2803cae8942e.jpg,640,640,Tomato Early blight leaf,73,2,576,593
everystockphoto-21099455-l_jpg.rf.ee3bb0cd9a04f1a4d1cdba5b7bc7c7ca.jpg,640,640,Tomato leaf,20,137,620,614
LateBlight-Tomato-JJ-2009-17nxg4q_jpg.rf.53c5eec968f206dfb85087d1a40e9a8c.jpg,640,640,Tomato leaf mosaic virus,193,0,528,492
fpls-08-01602-g001_jpg.rf.1347fd17f8eee1145f22e0db548fe752.jpg,640,640,Tomato leaf late blight,11,25,465,566
fpls-08-01602-g001_jpg.rf.1347fd17f8eee1145f22e0db548fe752.jpg,640,640,Tomato leaf late blight,262,411,629,620
tomato-late-blight-foliar-lesions_Scot-Nelson_CC-BY-SA-2-0_jpg.rf.f6aba18c18ac07aae4344084583edeec.jpg,640,640,Tomato leaf mosaic virus,128,123,528,606
late_blight_tomato_leaf1x1200_jpg.rf.3410ce6a379020cf481a60b666d4e243.jpg,640,640,Tomato leaf yellow virus,19,12,633,634
mosiac-virus3_jpg.rf.37cdb9055867b9e112db98ce7908f889.jpg,640,640,Tomato leaf yellow virus,25,350,296,618
mosiac-virus3_jpg.rf.37cdb9055867b9e112db98ce7908f889.jpg,640,640,Tomato leaf yellow virus,330,332,548,517
mosiac-virus3_jpg.rf.37cdb9055867b9e112db98ce7908f889.jpg,640,640,Tomato leaf yellow virus,124,50,310,324
mosiac-virus3_jpg.rf.37cdb9055867b9e112db98ce7908f889.jpg,640,640,Tomato leaf yellow virus,275,0,507,342
septoria-leaf-spota_jpg.rf.d13b00ce3cf9ab831964986efb95f8af.jpg,640,640,Tomato Septoria leaf spot,85,256,529,639
p1011399_jpg.rf.d90e577fbb171fc5ae18ced2796761b7.jpg,640,640,Tomato leaf late blight,234,366,321,509
p1011399_jpg.rf.d90e577fbb171fc5ae18ced2796761b7.jpg,640,640,Tomato leaf late blight,165,451,362,638
p1011399_jpg.rf.d90e577fbb171fc5ae18ced2796761b7.jpg,640,640,Tomato leaf late blight,77,288,231,388
p1011399_jpg.rf.d90e577fbb171fc5ae18ced2796761b7.jpg,640,640,Tomato leaf late blight,86,149,262,283
p1011399_jpg.rf.d90e577fbb171fc5ae18ced2796761b7.jpg,640,640,Tomato leaf late blight,433,237,570,337
p1011399_jpg.rf.d90e577fbb171fc5ae18ced2796761b7.jpg,640,640,Tomato leaf late blight,339,365,513,456
p1011399_jpg.rf.d90e577fbb171fc5ae18ced2796761b7.jpg,640,640,Tomato leaf late blight,468,417,575,541
p1011399_jpg.rf.d90e577fbb171fc5ae18ced2796761b7.jpg,640,640,Tomato leaf late blight,533,370,639,436
7585001780_4b89e826b7_jpg.rf.1504b5b780b0004869a557ed35b1f032.jpg,640,640,Tomato leaf bacterial spot,45,12,172,243
7585001780_4b89e826b7_jpg.rf.1504b5b780b0004869a557ed35b1f032.jpg,640,640,Tomato leaf bacterial spot,19,384,141,602
7585001780_4b89e826b7_jpg.rf.1504b5b780b0004869a557ed35b1f032.jpg,640,640,Tomato leaf bacterial spot,166,391,397,634
7585001780_4b89e826b7_jpg.rf.1504b5b780b0004869a557ed35b1f032.jpg,640,640,Tomato leaf bacterial spot,326,320,500,545
7585001780_4b89e826b7_jpg.rf.1504b5b780b0004869a557ed35b1f032.jpg,640,640,Tomato leaf bacterial spot,166,7,391,276
7585001780_4b89e826b7_jpg.rf.1504b5b780b0004869a557ed35b1f032.jpg,640,640,Tomato leaf bacterial spot,320,33,486,282
7585001780_4b89e826b7_jpg.rf.1504b5b780b0004869a557ed35b1f032.jpg,640,640,Tomato leaf bacterial spot,428,178,627,391
septoria-leaf-spota_jpg.rf.5710c753543cfd5a6e82a51e188c4ace.jpg,640,640,Tomato Septoria leaf spot,154,295,531,633
Pest2369_jpg.rf.b73faff8e5b321d2efde92a4fb67d2b3.jpg,640,640,Tomato leaf yellow virus,74,13,520,622
LateBlight-Tomato-JJ-2009-17nxg4q_jpg.rf.a61ce4da04b89781fe5a7896a165bbf2.jpg,640,640,Tomato leaf yellow virus,137,25,629,636
mosiac-virus3_jpg.rf.c799c1b37b76bbed38526a31e6e3cb3c.jpg,640,640,Tomato leaf,125,303,257,552
mosiac-virus3_jpg.rf.c799c1b37b76bbed38526a31e6e3cb3c.jpg,640,640,Tomato leaf,59,34,308,288
mosiac-virus3_jpg.rf.c799c1b37b76bbed38526a31e6e3cb3c.jpg,640,640,Tomato leaf,365,173,556,319
mosiac-virus3_jpg.rf.c799c1b37b76bbed38526a31e6e3cb3c.jpg,640,640,Tomato leaf,254,326,418,639
IMG_0591_jpg.rf.5408e43a2abe59cdb6f0d51ca20fdbe8.jpg,640,640,Tomato Early blight leaf,0,187,612,621
my-plant-has-brown-spots-leaf-spot-and-canker-on-dogwood_jpg.rf.7d45792ce256780ee835f12560717d14.jpg,640,640,Tomato leaf mosaic virus,282,40,588,311
my-plant-has-brown-spots-leaf-spot-and-canker-on-dogwood_jpg.rf.7d45792ce256780ee835f12560717d14.jpg,640,640,Tomato leaf mosaic virus,19,97,499,420
tomato-late-blight-foliar-lesions_Scot-Nelson_CC-BY-SA-2_0_jpg.rf.d578b34ad70c8f6a5b0c1630195d47e9.jpg,640,640,Tomato leaf yellow virus,141,147,487,582
LateBlight-Tomato-JJ-2009-17nxg4q_jpg.rf.1fd69f57bf8315a4dc4e93d40d4c29e6.jpg,640,640,Tomato leaf mosaic virus,96,0,441,498
dscn3168_jpg.rf.36437fdda8dbcc5f92c8ddcbafed8f3f.jpg,640,640,Tomato Early blight leaf,225,425,285,580
dscn3168_jpg.rf.36437fdda8dbcc5f92c8ddcbafed8f3f.jpg,640,640,Tomato Early blight leaf,303,411,380,580
dscn3168_jpg.rf.36437fdda8dbcc5f92c8ddcbafed8f3f.jpg,640,640,Tomato Early blight leaf,314,289,345,383
dscn3168_jpg.rf.36437fdda8dbcc5f92c8ddcbafed8f3f.jpg,640,640,Tomato Early blight leaf,362,185,426,276
dscn3168_jpg.rf.36437fdda8dbcc5f92c8ddcbafed8f3f.jpg,640,640,Tomato Early blight leaf,515,455,600,623
dscn3168_jpg.rf.36437fdda8dbcc5f92c8ddcbafed8f3f.jpg,640,640,Tomato Early blight leaf,468,335,512,434
dscn3168_jpg.rf.36437fdda8dbcc5f92c8ddcbafed8f3f.jpg,640,640,Tomato Early blight leaf,60,163,122,389
dscn3168_jpg.rf.36437fdda8dbcc5f92c8ddcbafed8f3f.jpg,640,640,Tomato Early blight leaf,101,2,174,191
dscn3168_jpg.rf.36437fdda8dbcc5f92c8ddcbafed8f3f.jpg,640,640,Tomato Early blight leaf,129,182,165,256
dscn3168_jpg.rf.36437fdda8dbcc5f92c8ddcbafed8f3f.jpg,640,640,Tomato leaf late blight,229,223,277,311
dscn3168_jpg.rf.36437fdda8dbcc5f92c8ddcbafed8f3f.jpg,640,640,Tomato leaf late blight,437,119,468,262
dscn3168_jpg.rf.36437fdda8dbcc5f92c8ddcbafed8f3f.jpg,640,640,Tomato leaf late blight,599,349,639,460
dscn3168_jpg.rf.36437fdda8dbcc5f92c8ddcbafed8f3f.jpg,640,640,Tomato Early blight leaf,193,91,239,234
dscn3168_jpg.rf.36437fdda8dbcc5f92c8ddcbafed8f3f.jpg,640,640,Tomato leaf late blight,306,185,359,274
dscn3168_jpg.rf.36437fdda8dbcc5f92c8ddcbafed8f3f.jpg,640,640,Tomato leaf late blight,499,140,543,206
dscn3168_jpg.rf.36437fdda8dbcc5f92c8ddcbafed8f3f.jpg,640,640,Tomato leaf late blight,494,83,540,137
dscn3168_jpg.rf.36437fdda8dbcc5f92c8ddcbafed8f3f.jpg,640,640,Tomato leaf late blight,5,429,65,543
dscn3168_jpg.rf.36437fdda8dbcc5f92c8ddcbafed8f3f.jpg,640,640,Tomato Early blight leaf,263,11,322,89
dscn3168_jpg.rf.36437fdda8dbcc5f92c8ddcbafed8f3f.jpg,640,640,Tomato leaf late blight,578,102,620,228
tomato-late-blight-conn-2015-137c_jpg.rf.bc379e025d9542ff2925ecf5dfc3560e.jpg,640,640,Tomato leaf mosaic virus,73,146,582,460
P1020365_jpg.rf.b480bfdd40a200ae6d3328ede5113afe.jpg,640,640,Tomato mold leaf,326,199,385,263
P1020365_jpg.rf.b480bfdd40a200ae6d3328ede5113afe.jpg,640,640,Tomato mold leaf,52,0,256,166
P1020365_jpg.rf.b480bfdd40a200ae6d3328ede5113afe.jpg,640,640,Tomato mold leaf,45,186,288,448
P1020365_jpg.rf.b480bfdd40a200ae6d3328ede5113afe.jpg,640,640,Tomato mold leaf,224,351,442,627
P1020365_jpg.rf.b480bfdd40a200ae6d3328ede5113afe.jpg,640,640,Tomato mold leaf,409,26,634,443
P1020365_jpg.rf.b480bfdd40a200ae6d3328ede5113afe.jpg,640,640,Tomato mold leaf,365,250,519,339
Tomato-leaf-spot2_jpg.rf.c9735df9b9a59c7732346c0bb14b32b7.jpg,640,640,Tomato Septoria leaf spot,68,25,517,608
Tomato-leaf-spot2_jpg.rf.c9735df9b9a59c7732346c0bb14b32b7.jpg,640,640,Tomato Septoria leaf spot,443,106,640,440
Bacterial-spot-on-tomato-leaves_jpg.rf.263f8cfb3c8e7e122004d6fda800954a.jpg,640,640,Tomato leaf late blight,260,372,466,610
Bacterial-spot-on-tomato-leaves_jpg.rf.263f8cfb3c8e7e122004d6fda800954a.jpg,640,640,Tomato leaf late blight,469,382,640,511
Bacterial-spot-on-tomato-leaves_jpg.rf.263f8cfb3c8e7e122004d6fda800954a.jpg,640,640,Tomato leaf late blight,8,205,311,453
Bacterial-spot-on-tomato-leaves_jpg.rf.263f8cfb3c8e7e122004d6fda800954a.jpg,640,640,Tomato leaf late blight,281,157,475,372
IMG_2684-JPG_jpg.rf.68ea68035333ddf2c68843ca99377bba.jpg,640,640,Tomato leaf,238,62,355,156
IMG_2684-JPG_jpg.rf.68ea68035333ddf2c68843ca99377bba.jpg,640,640,Tomato leaf,190,114,295,228
IMG_2684-JPG_jpg.rf.68ea68035333ddf2c68843ca99377bba.jpg,640,640,Tomato leaf,317,305,426,403
IMG_2684-JPG_jpg.rf.68ea68035333ddf2c68843ca99377bba.jpg,640,640,Tomato leaf,433,407,610,522
IMG_2684-JPG_jpg.rf.68ea68035333ddf2c68843ca99377bba.jpg,640,640,Tomato leaf,310,407,455,587
tomato-leaves-260nw-670831669_jpg.rf.1c1ab3783f2bb218adade6fdc6752e7c.jpg,640,640,Tomato leaf,256,6,333,154
tomato-leaves-260nw-670831669_jpg.rf.1c1ab3783f2bb218adade6fdc6752e7c.jpg,640,640,Tomato leaf,442,230,500,384
tomato-leaves-260nw-670831669_jpg.rf.1c1ab3783f2bb218adade6fdc6752e7c.jpg,640,640,Tomato leaf,243,294,397,589
tomato-leaves-260nw-670831669_jpg.rf.1c1ab3783f2bb218adade6fdc6752e7c.jpg,640,640,Tomato leaf,268,199,327,263
tomato-leaves-260nw-670831669_jpg.rf.1c1ab3783f2bb218adade6fdc6752e7c.jpg,640,640,Tomato leaf,218,154,289,294
tomato-leaves-260nw-670831669_jpg.rf.1c1ab3783f2bb218adade6fdc6752e7c.jpg,640,640,Tomato leaf,45,147,166,519
tomato-yellow-leaf-curl-virus-symptoms-on-tomato-leaves-on-plants-AXKWFY_jpg.rf.98390e375ee643cc56ce0ecc6bbad6c4.jpg,640,640,Tomato leaf bacterial spot,345,346,390,429
tomato-yellow-leaf-curl-virus-symptoms-on-tomato-leaves-on-plants-AXKWFY_jpg.rf.98390e375ee643cc56ce0ecc6bbad6c4.jpg,640,640,Tomato leaf bacterial spot,359,313,423,345
tomato-yellow-leaf-curl-virus-symptoms-on-tomato-leaves-on-plants-AXKWFY_jpg.rf.98390e375ee643cc56ce0ecc6bbad6c4.jpg,640,640,Tomato leaf bacterial spot,319,326,378,371
septoria-tomato-leaf_jpg.rf.9f7bc772d8d03532c65d75c873a02e18.jpg,640,640,Tomato Septoria leaf spot,26,70,603,544
dscn1652cropped_jpg.rf.a5300c13c1323f437d99b1e860135988.jpg,640,640,Tomato leaf bacterial spot,212,86,246,123
dscn1652cropped_jpg.rf.a5300c13c1323f437d99b1e860135988.jpg,640,640,Tomato leaf bacterial spot,216,217,242,257
dscn1652cropped_jpg.rf.a5300c13c1323f437d99b1e860135988.jpg,640,640,Tomato leaf bacterial spot,325,108,349,145
dscn1652cropped_jpg.rf.a5300c13c1323f437d99b1e860135988.jpg,640,640,Tomato leaf bacterial spot,334,191,363,235
dscn1652cropped_jpg.rf.a5300c13c1323f437d99b1e860135988.jpg,640,640,Tomato leaf bacterial spot,385,140,414,175
dscn1652cropped_jpg.rf.a5300c13c1323f437d99b1e860135988.jpg,640,640,Tomato leaf bacterial spot,411,120,435,142
dscn1652cropped_jpg.rf.a5300c13c1323f437d99b1e860135988.jpg,640,640,Tomato leaf bacterial spot,136,238,185,280
dscn1652cropped_jpg.rf.a5300c13c1323f437d99b1e860135988.jpg,640,640,Tomato leaf bacterial spot,86,208,148,268
dscn1652cropped_jpg.rf.a5300c13c1323f437d99b1e860135988.jpg,640,640,Tomato leaf bacterial spot,162,151,208,186
dscn1652cropped_jpg.rf.a5300c13c1323f437d99b1e860135988.jpg,640,640,Tomato leaf bacterial spot,242,199,268,256
dscn1652cropped_jpg.rf.a5300c13c1323f437d99b1e860135988.jpg,640,640,Tomato leaf bacterial spot,57,494,111,589
dscn1652cropped_jpg.rf.a5300c13c1323f437d99b1e860135988.jpg,640,640,Tomato leaf bacterial spot,36,449,73,508
dscn1652cropped_jpg.rf.a5300c13c1323f437d99b1e860135988.jpg,640,640,Tomato leaf bacterial spot,402,401,468,517
dscn1652cropped_jpg.rf.a5300c13c1323f437d99b1e860135988.jpg,640,640,Tomato leaf bacterial spot,343,315,411,411
dscn1652cropped_jpg.rf.a5300c13c1323f437d99b1e860135988.jpg,640,640,Tomato leaf bacterial spot,408,209,442,240
dscn1652cropped_jpg.rf.a5300c13c1323f437d99b1e860135988.jpg,640,640,Tomato leaf bacterial spot,245,134,291,172
dscn1652cropped_jpg.rf.a5300c13c1323f437d99b1e860135988.jpg,640,640,Tomato leaf bacterial spot,209,166,234,199
Fig-2014_opta_jpg.rf.5ed3440920daa27c66ae78d5c1c7a5b8.jpg,640,640,Tomato leaf mosaic virus,205,122,587,369
IMG_2436w_jpg.rf.b4aa9c0b1cec44f728bcef02b5082eb7.jpg,640,640,Tomato Early blight leaf,144,33,538,456
tomato-plant-is-infected-with-septoria-leaf-spot-1_jpg.rf.0cc309de440a8f595385a4dcc6fbf4e5.jpg,640,640,Tomato Septoria leaf spot,422,4,619,224
tomato-plant-is-infected-with-septoria-leaf-spot-1_jpg.rf.0cc309de440a8f595385a4dcc6fbf4e5.jpg,640,640,Tomato Septoria leaf spot,109,175,363,623
tomato-plant-is-infected-with-septoria-leaf-spot-1_jpg.rf.0cc309de440a8f595385a4dcc6fbf4e5.jpg,640,640,Tomato Septoria leaf spot,318,305,504,625
tomato-plant-is-infected-with-septoria-leaf-spot-1_jpg.rf.0cc309de440a8f595385a4dcc6fbf4e5.jpg,640,640,Tomato Septoria leaf spot,96,4,330,131
05-069f1_jpg.rf.33727f6fe0684e85b1220ab946730bc0.jpg,640,640,Tomato leaf mosaic virus,83,45,512,525
Paret-Fig-1-tomato-bacterial-leaf-spot_jpg.rf.3dae0b86b583adabba78c1efba0ef001.jpg,640,640,Tomato leaf late blight,0,376,208,496
Paret-Fig-1-tomato-bacterial-leaf-spot_jpg.rf.3dae0b86b583adabba78c1efba0ef001.jpg,640,640,Tomato leaf late blight,171,184,398,551
Paret-Fig-1-tomato-bacterial-leaf-spot_jpg.rf.3dae0b86b583adabba78c1efba0ef001.jpg,640,640,Tomato leaf late blight,420,236,543,456
Paret-Fig-1-tomato-bacterial-leaf-spot_jpg.rf.3dae0b86b583adabba78c1efba0ef001.jpg,640,640,Tomato leaf late blight,96,189,256,366
Paret-Fig-1-tomato-bacterial-leaf-spot_jpg.rf.3dae0b86b583adabba78c1efba0ef001.jpg,640,640,Tomato leaf late blight,66,140,166,348
Paret-Fig-1-tomato-bacterial-leaf-spot_jpg.rf.3dae0b86b583adabba78c1efba0ef001.jpg,640,640,Tomato leaf late blight,320,6,438,243
Paret-Fig-1-tomato-bacterial-leaf-spot_jpg.rf.3dae0b86b583adabba78c1efba0ef001.jpg,640,640,Tomato leaf late blight,296,39,362,139
Early-bligh_t_jpg.rf.2bdea5ca965e7138d8db61a11a1b8223.jpg,640,640,Tomato Early blight leaf,121,45,416,288
Early-bligh_t_jpg.rf.2bdea5ca965e7138d8db61a11a1b8223.jpg,640,640,Tomato leaf late blight,442,403,550,551
Early-bligh_t_jpg.rf.2bdea5ca965e7138d8db61a11a1b8223.jpg,640,640,Tomato leaf late blight,473,193,615,359
FS547-4-big_jpg.rf.b23241350a53a6594290fec679383940.jpg,640,640,Tomato Septoria leaf spot,46,0,600,591
tomato-late-blight-conn-2015-139rcs_jpg.rf.109764f3850a3794c7f19e90852884fa.jpg,640,640,Tomato leaf yellow virus,6,12,634,474
Pest2369_jpg.rf.c7ac345aead4f0c78af8ef41b08cab56.jpg,640,640,Tomato Early blight leaf,185,52,596,483
5086-early_jpg.rf.3b9305d07d246c8713bfae9db88f1234.jpg,640,640,Tomato Early blight leaf,7,63,408,612
MPC105550-jpg-rendition-largest-ss_jpg.rf.f21172a2dbf5c72647e0bfff8f5df392.jpg,640,640,Tomato Early blight leaf,174,436,315,512
MPC105550-jpg-rendition-largest-ss_jpg.rf.f21172a2dbf5c72647e0bfff8f5df392.jpg,640,640,Tomato Early blight leaf,325,293,403,499
MPC105550-jpg-rendition-largest-ss_jpg.rf.f21172a2dbf5c72647e0bfff8f5df392.jpg,640,640,Tomato Early blight leaf,206,243,303,419
Early_Blight_of_Tomato1687_jpg.rf.c7928a39c225dfbaef17d98972a68b95.jpg,640,640,Tomato Early blight leaf,0,40,575,639
IMG_2684-JPG_jpg.rf.75f3ad2eb08288310c629a49e2e72573.jpg,640,640,Tomato leaf,221,58,347,164
IMG_2684-JPG_jpg.rf.75f3ad2eb08288310c629a49e2e72573.jpg,640,640,Tomato leaf,296,93,413,218
IMG_2684-JPG_jpg.rf.75f3ad2eb08288310c629a49e2e72573.jpg,640,640,Tomato leaf,220,312,340,423
IMG_2684-JPG_jpg.rf.75f3ad2eb08288310c629a49e2e72573.jpg,640,640,Tomato leaf,72,446,260,583
IMG_2684-JPG_jpg.rf.75f3ad2eb08288310c629a49e2e72573.jpg,640,640,Tomato leaf,226,410,391,605
late_blight_potato_leaf_500_jpg.rf.15d5205f2cfb4d14ddf77f51edaf929b.jpg,640,640,Tomato leaf mosaic virus,152,203,463,465
septoria-leaf-spota_jpg.rf.acc75035888d7194711eb8868c8d37f5.jpg,640,640,Tomato Septoria leaf spot,50,250,490,639
Tomato-late-blight-leaf-Margaret-McGrath-Cornell-Bugwood_jpg.rf.31e728cd622b4c4ffe24c90c44ed68f2.jpg,640,640,Tomato leaf yellow virus,5,40,639,591
tomatoblight_jpg.rf.84a4b07c9b022c50784d8689f0106a77.jpg,640,640,Tomato Early blight leaf,48,10,508,639
Tomato-leaf-spot2_jpg.rf.644816fcf16b9946409a5c3e7d0cd5f8.jpg,640,640,Tomato Septoria leaf spot,371,225,638,545
Tomato-leaf-spot2_jpg.rf.644816fcf16b9946409a5c3e7d0cd5f8.jpg,640,640,Tomato Septoria leaf spot,74,49,632,626
tomato-late-blight-foliar-lesions_Scot-Nelson_CC-BY-SA-2-0_jpg.rf.861ac1adcf34d34c22157df89515d8ee.jpg,640,640,Tomato leaf mosaic virus,159,52,516,506
LateBlt_FromRusinek_jpg.rf.080c36b8a0324aedc56e0bf3cb8e1130.jpg,640,640,Tomato leaf yellow virus,243,334,505,638
LateBlt_FromRusinek_jpg.rf.080c36b8a0324aedc56e0bf3cb8e1130.jpg,640,640,Tomato leaf mosaic virus,127,207,359,481
LateBlt_FromRusinek_jpg.rf.080c36b8a0324aedc56e0bf3cb8e1130.jpg,640,640,Tomato leaf mosaic virus,0,43,135,303
septoria-leaf-spot-in-tomatoes_jpg.rf.e24b0086f3c37e4581f97374ce8cd957.jpg,640,640,Tomato Septoria leaf spot,11,311,638,545
8-20mistakes-204_jpg.rf.fbbf104d82234e8927fe6438d5e666fe.jpg,640,640,Tomato Early blight leaf,374,185,546,599
8-20mistakes-204_jpg.rf.fbbf104d82234e8927fe6438d5e666fe.jpg,640,640,Tomato Early blight leaf,86,131,226,525
8-20mistakes-204_jpg.rf.fbbf104d82234e8927fe6438d5e666fe.jpg,640,640,Tomato Early blight leaf,211,302,400,639
Early_Blight_of_Tomato1687_jpg.rf.94e5540634b12530d8be84f3f892e406.jpg,640,640,Tomato Early blight leaf,0,0,615,604
dscn3175_jpg.rf.1a375fcea72d1db35c8dd8e8f511a7fb.jpg,640,640,Tomato Early blight leaf,281,128,397,525
dscn3175_jpg.rf.1a375fcea72d1db35c8dd8e8f511a7fb.jpg,640,640,Tomato Early blight leaf,160,102,211,333
dscn3175_jpg.rf.1a375fcea72d1db35c8dd8e8f511a7fb.jpg,640,640,Tomato Early blight leaf,172,0,243,148
dscn3175_jpg.rf.1a375fcea72d1db35c8dd8e8f511a7fb.jpg,640,640,Tomato Early blight leaf,45,352,148,634
dscn3175_jpg.rf.1a375fcea72d1db35c8dd8e8f511a7fb.jpg,640,640,Tomato Early blight leaf,480,192,634,583
dscn3175_jpg.rf.1a375fcea72d1db35c8dd8e8f511a7fb.jpg,640,640,Tomato Early blight leaf,442,6,596,142
Tomato-Early-Blight-Leaves-Cornell-University_jpg.rf.2f53460cc15dae728bfb2d6fcca394eb.jpg,640,640,Tomato Early blight leaf,233,83,639,640
Tomato-Early-Blight-Leaves-Cornell-University_jpg.rf.2f53460cc15dae728bfb2d6fcca394eb.jpg,640,640,Tomato Early blight leaf,194,112,381,360
Tomato-Early-Blight-Leaves-Cornell-University_jpg.rf.2f53460cc15dae728bfb2d6fcca394eb.jpg,640,640,Tomato Early blight leaf,0,16,298,359
late_blight1_jpg.rf.7c2ba64f2a0af634c49a5fc7f8f38a1e.jpg,640,640,Tomato leaf yellow virus,13,38,590,615
51196-004-61703A1B_jpg.rf.b98d1054e63d9fc0ea0fab32168c2241.jpg,640,640,Tomato leaf,423,388,585,597
51196-004-61703A1B_jpg.rf.b98d1054e63d9fc0ea0fab32168c2241.jpg,640,640,Tomato leaf,348,128,494,189
51196-004-61703A1B_jpg.rf.b98d1054e63d9fc0ea0fab32168c2241.jpg,640,640,Tomato leaf,270,49,359,142
51196-004-61703A1B_jpg.rf.b98d1054e63d9fc0ea0fab32168c2241.jpg,640,640,Tomato leaf,356,192,527,414
51196-004-61703A1B_jpg.rf.b98d1054e63d9fc0ea0fab32168c2241.jpg,640,640,Tomato leaf,243,262,383,556
51196-004-61703A1B_jpg.rf.b98d1054e63d9fc0ea0fab32168c2241.jpg,640,640,Tomato leaf,103,140,315,275
septoria-lycopersici-ascomycota-common-fungal-leaf-disease-of-tomato-picture-id128110611_jpg.rf.1a82215ed7920ee017d066593ecf5ea6.jpg,640,640,Tomato Septoria leaf spot,12,67,568,596
IMG_0591_jpg.rf.53ee029a46fd3c7ec311c71646d04f2f.jpg,640,640,Tomato Early blight leaf,0,244,638,638
LyraEDISServlet_jpg.rf.fcd1f1c3386cb77bbabbf2e879b12efe.jpg,640,640,Tomato leaf mosaic virus,200,36,420,605
earlyblight_jpg.rf.865cbf07d9454c1577eb2f592944d1cc.jpg,640,640,Tomato Early blight leaf,6,6,332,628
20140818-tomato-sauce-vicky-wasik-1_jpg.rf.4e691caf9814566cbb9dfb80872c8c51.jpg,640,640,Tomato leaf late blight,90,294,276,589
20140818-tomato-sauce-vicky-wasik-1_jpg.rf.4e691caf9814566cbb9dfb80872c8c51.jpg,640,640,Tomato leaf late blight,102,147,321,268
tomato-leaf-spot-septoria-lycopersici-leaf-spotting-on-tomato-at9jap_jpg.rf.2679c7a245845d791f3a8923df9b1c13.jpg,640,640,Tomato Septoria leaf spot,151,120,502,589
early-tomato-blight_jpg.rf.bad2242d0aac4b6df1b334b31a0c58d1.jpg,640,640,Tomato Early blight leaf,291,13,635,559
early-blight-septoria-ls-fig-3_jpg.rf.76bb3ac5c0bb78cac58851ce26dded44.jpg,640,640,Tomato Septoria leaf spot,333,1,595,384
early-blight-septoria-ls-fig-3_jpg.rf.76bb3ac5c0bb78cac58851ce26dded44.jpg,640,640,Tomato Septoria leaf spot,83,154,379,634
septoria-tomato-leaf_jpg.rf.8d966dab6f0836e1809a1a254ac4e036.jpg,640,640,Tomato Septoria leaf spot,23,68,603,546
early-blight-of-tomato-tomato-1_jpg.rf.561b37ab2afaedb5fb9fe9807d7388f4.jpg,640,640,Tomato Early blight leaf,117,22,638,416
Early_blight_on_tomato_leaves_7871930010-Fairfax_jpg.rf.ed8e2382d65981cd2e0a4ef65eee1946.jpg,640,640,Tomato Early blight leaf,373,44,639,498
Early_blight_on_tomato_leaves_7871930010-Fairfax_jpg.rf.ed8e2382d65981cd2e0a4ef65eee1946.jpg,640,640,Tomato Early blight leaf,0,125,382,494
ebleafb_jpg.rf.468d6d52e1c0b4fac68c92440557c3b4.jpg,640,640,Tomato Early blight leaf,11,166,602,629
FS547-6-big_jpg.rf.20aa2921e804ec8307a08bee2214ceff.jpg,640,640,Tomato leaf yellow virus,13,12,633,626
flies_jpg.rf.2e9b5a784612d41168123f91bd8de7dd.jpg,640,640,Tomato leaf late blight,0,13,638,401
FS547-4-big_jpg.rf.2f00da2d1a29bd2cf6b2a9d3e5b08a13.jpg,640,640,Tomato Septoria leaf spot,17,35,600,639
tomato-late-blight-conn-2015-139rcs_jpg.rf.9ce11dd5bb07b78c9fd635c53817b533.jpg,640,640,Tomato leaf mosaic virus,297,90,606,333
tomato-late-blight-conn-2015-139rcs_jpg.rf.9ce11dd5bb07b78c9fd635c53817b533.jpg,640,640,Tomato leaf mosaic virus,239,330,463,493
tomato-late-blight-leaf-61-3x32_jpg.rf.e9a9f582400352336efcf1a06cac6f4e.jpg,640,640,Tomato leaf yellow virus,12,13,634,519
Tomato-Early-Blight-Leaves-Cornell-University_jpg.rf.3b3e3a40af947fdd3175d567fb452b76.jpg,640,640,Tomato Early blight leaf,15,0,389,515
Tomato-Early-Blight-Leaves-Cornell-University_jpg.rf.3b3e3a40af947fdd3175d567fb452b76.jpg,640,640,Tomato Early blight leaf,255,292,416,525
Tomato-Early-Blight-Leaves-Cornell-University_jpg.rf.3b3e3a40af947fdd3175d567fb452b76.jpg,640,640,Tomato Early blight leaf,331,329,608,640
Tomato-Early-Blight-Leaves-Cornell-University_jpg.rf.9c9bef6f5b85c33f53754efdf7e1718d.jpg,640,640,Tomato Early blight leaf,5,112,388,636
Tomato-Early-Blight-Leaves-Cornell-University_jpg.rf.9c9bef6f5b85c33f53754efdf7e1718d.jpg,640,640,Tomato Early blight leaf,261,115,425,351
Tomato-Early-Blight-Leaves-Cornell-University_jpg.rf.9c9bef6f5b85c33f53754efdf7e1718d.jpg,640,640,Tomato Early blight leaf,342,11,623,328
Tomato-late-blight-leaf-Margaret-McGrath-Cornell-Bugwood_jpg.rf.e243c5bb48618872aa47d78c609438e7.jpg,640,640,Tomato leaf mosaic virus,113,187,639,550
tomato-late-blight-leaf-61-3x32_jpg.rf.0eb6d7164a081811eb91a697aac7d95a.jpg,640,640,Tomato leaf yellow virus,13,13,636,516
LateBlt09_05_jpg.rf.b8ab551ac1a9c2299d71f265fe6f47a6.jpg,640,640,Tomato leaf yellow virus,195,3,328,226
LateBlt09_05_jpg.rf.b8ab551ac1a9c2299d71f265fe6f47a6.jpg,640,640,Tomato leaf yellow virus,166,111,268,438
LateBlt09_05_jpg.rf.b8ab551ac1a9c2299d71f265fe6f47a6.jpg,640,640,Tomato leaf yellow virus,303,303,625,594
IMG_2348_jpg.rf.8d197268a5fe03bb79ab60088db96576.jpg,640,640,Tomato leaf mosaic virus,326,0,531,103
IMG_2348_jpg.rf.8d197268a5fe03bb79ab60088db96576.jpg,640,640,Tomato leaf mosaic virus,301,77,570,192
IMG_2348_jpg.rf.8d197268a5fe03bb79ab60088db96576.jpg,640,640,Tomato leaf mosaic virus,486,166,634,282
IMG_2348_jpg.rf.8d197268a5fe03bb79ab60088db96576.jpg,640,640,Tomato leaf mosaic virus,409,250,634,538
IMG_2348_jpg.rf.8d197268a5fe03bb79ab60088db96576.jpg,640,640,Tomato leaf mosaic virus,38,51,461,602
IMG_2684-JPG_jpg.rf.ddca5224cb7390902cc5f46711808cf2.jpg,640,640,Tomato leaf,243,58,363,157
IMG_2684-JPG_jpg.rf.ddca5224cb7390902cc5f46711808cf2.jpg,640,640,Tomato leaf,313,100,422,218
IMG_2684-JPG_jpg.rf.ddca5224cb7390902cc5f46711808cf2.jpg,640,640,Tomato leaf,219,311,333,415
IMG_2684-JPG_jpg.rf.ddca5224cb7390902cc5f46711808cf2.jpg,640,640,Tomato leaf,60,440,240,563
IMG_2684-JPG_jpg.rf.ddca5224cb7390902cc5f46711808cf2.jpg,640,640,Tomato leaf,216,413,369,599
Late-blight-tomato-leaf-VikramBisht-MBag_jpg.rf.c348d3c1028e9ae246373c29b3e5119c.jpg,640,640,Tomato leaf mosaic virus,176,257,405,455
Late-blight-tomato-leaf-VikramBisht-MBag_jpg.rf.c348d3c1028e9ae246373c29b3e5119c.jpg,640,640,Tomato leaf mosaic virus,123,434,345,638
Ormvn_jpg.rf.3fef5d5c02d4ab9df9514e72db803182.jpg,640,640,Tomato mold leaf,85,29,549,520
p1020083cs_jpg.rf.5ea2fc536de13992cd37a5e24f905c2a.jpg,640,640,Tomato Early blight leaf,7,222,356,639
p1020083cs_jpg.rf.5ea2fc536de13992cd37a5e24f905c2a.jpg,640,640,Tomato Early blight leaf,225,8,543,382
tomato-leaves-17427786_jpg.rf.ae122868a3cce34ffaa009d5bedd2a24.jpg,640,640,Tomato leaf bacterial spot,27,52,185,255
tomato-leaves-17427786_jpg.rf.ae122868a3cce34ffaa009d5bedd2a24.jpg,640,640,Tomato leaf bacterial spot,209,36,398,193
tomato-leaves-17427786_jpg.rf.ae122868a3cce34ffaa009d5bedd2a24.jpg,640,640,Tomato leaf bacterial spot,120,168,360,354
tomato-leaves-17427786_jpg.rf.ae122868a3cce34ffaa009d5bedd2a24.jpg,640,640,Tomato leaf bacterial spot,431,180,604,434
tomato-leaves-17427786_jpg.rf.ae122868a3cce34ffaa009d5bedd2a24.jpg,640,640,Tomato leaf bacterial spot,49,396,263,607
tomato-leaves-17427786_jpg.rf.ae122868a3cce34ffaa009d5bedd2a24.jpg,640,640,Tomato leaf bacterial spot,226,377,417,555
tomato-leaves-17427786_jpg.rf.ae122868a3cce34ffaa009d5bedd2a24.jpg,640,640,Tomato leaf bacterial spot,363,0,578,152
tomato-leaves-17427786_jpg.rf.4883d15a7097c31fb587d036d405b21c.jpg,640,640,Tomato leaf late blight,147,172,365,314
tomato-leaves-17427786_jpg.rf.4883d15a7097c31fb587d036d405b21c.jpg,640,640,Tomato leaf late blight,212,390,372,538
tomato-leaves-17427786_jpg.rf.4883d15a7097c31fb587d036d405b21c.jpg,640,640,Tomato leaf late blight,32,371,212,545
tomato-leaves-17427786_jpg.rf.4883d15a7097c31fb587d036d405b21c.jpg,640,640,Tomato leaf late blight,90,19,212,199
tomato-leaves-17427786_jpg.rf.4883d15a7097c31fb587d036d405b21c.jpg,640,640,Tomato leaf late blight,270,58,436,179
tomato-leaves-17427786_jpg.rf.4883d15a7097c31fb587d036d405b21c.jpg,640,640,Tomato leaf late blight,435,25,620,173
tomato-leaves-17427786_jpg.rf.4883d15a7097c31fb587d036d405b21c.jpg,640,640,Tomato leaf late blight,455,237,576,468
tomato-leaves-17427786_jpg.rf.bbd9ae44df2dbb131e1a15fb0947dc84.jpg,640,640,Tomato leaf bacterial spot,455,386,613,589
tomato-leaves-17427786_jpg.rf.bbd9ae44df2dbb131e1a15fb0947dc84.jpg,640,640,Tomato leaf bacterial spot,243,448,432,605
tomato-leaves-17427786_jpg.rf.bbd9ae44df2dbb131e1a15fb0947dc84.jpg,640,640,Tomato leaf bacterial spot,280,286,520,472
tomato-leaves-17427786_jpg.rf.bbd9ae44df2dbb131e1a15fb0947dc84.jpg,640,640,Tomato leaf bacterial spot,36,206,209,460
tomato-leaves-17427786_jpg.rf.bbd9ae44df2dbb131e1a15fb0947dc84.jpg,640,640,Tomato leaf bacterial spot,378,34,592,245
tomato-leaves-17427786_jpg.rf.bbd9ae44df2dbb131e1a15fb0947dc84.jpg,640,640,Tomato leaf bacterial spot,223,86,414,263
tomato-leaves-17427786_jpg.rf.bbd9ae44df2dbb131e1a15fb0947dc84.jpg,640,640,Tomato leaf bacterial spot,61,489,277,640
tomato-leaf_jpg.rf.53899dea35155c5c0f366458421ad2fe.jpg,640,640,Tomato leaf bacterial spot,139,24,339,235
tomato-leaf_jpg.rf.53899dea35155c5c0f366458421ad2fe.jpg,640,640,Tomato leaf bacterial spot,40,161,600,608
51196-004-61703A1B_jpg.rf.27f49338f14d2357cee71f8d8b6e8e93.jpg,640,640,Tomato leaf,423,391,583,595
51196-004-61703A1B_jpg.rf.27f49338f14d2357cee71f8d8b6e8e93.jpg,640,640,Tomato leaf,345,128,493,192
51196-004-61703A1B_jpg.rf.27f49338f14d2357cee71f8d8b6e8e93.jpg,640,640,Tomato leaf,270,52,359,141
51196-004-61703A1B_jpg.rf.27f49338f14d2357cee71f8d8b6e8e93.jpg,640,640,Tomato leaf,352,192,526,416
51196-004-61703A1B_jpg.rf.27f49338f14d2357cee71f8d8b6e8e93.jpg,640,640,Tomato leaf,244,262,384,556
51196-004-61703A1B_jpg.rf.27f49338f14d2357cee71f8d8b6e8e93.jpg,640,640,Tomato leaf,101,141,314,275
tomato-leaf_jpg.rf.b16a7c206c691296520532b8e3adee09.jpg,640,640,Tomato leaf late blight,121,57,294,237
tomato-leaf_jpg.rf.b16a7c206c691296520532b8e3adee09.jpg,640,640,Tomato leaf late blight,58,199,609,583
4b0bfd_df5a85f728c74cecbe908a24feadab02_jpg.rf.254638017e2596f898abc9da3e68e121.jpg,640,640,Tomato leaf,363,368,625,580
4b0bfd_df5a85f728c74cecbe908a24feadab02_jpg.rf.254638017e2596f898abc9da3e68e121.jpg,640,640,Tomato leaf,11,305,226,522
4b0bfd_df5a85f728c74cecbe908a24feadab02_jpg.rf.254638017e2596f898abc9da3e68e121.jpg,640,640,Tomato leaf,145,14,477,317
8-20mistakes-204_jpg.rf.25f4dd4cbd49b069c839210870e8fcd4.jpg,640,640,Tomato Early blight leaf,371,187,545,596
8-20mistakes-204_jpg.rf.25f4dd4cbd49b069c839210870e8fcd4.jpg,640,640,Tomato Early blight leaf,83,128,225,525
8-20mistakes-204_jpg.rf.25f4dd4cbd49b069c839210870e8fcd4.jpg,640,640,Tomato Early blight leaf,211,300,397,634
IMG_0591_jpg.rf.8468b77d6a6a0ae6389cfb2977e2af68.jpg,640,640,Tomato Early blight leaf,0,185,614,620
HighTunnel_TLM6_jpg.rf.7af3288970509743acfd28db0c57b97c.jpg,640,640,Tomato mold leaf,190,99,456,639
MPC105550_jpg_rendition_largest_550_jpg.rf.378eb0834989969a4135fa75f27a2c09.jpg,640,640,Tomato Septoria leaf spot,101,141,237,256
MPC105550_jpg_rendition_largest_550_jpg.rf.378eb0834989969a4135fa75f27a2c09.jpg,640,640,Tomato Septoria leaf spot,153,172,262,326
MPC105550_jpg_rendition_largest_550_jpg.rf.378eb0834989969a4135fa75f27a2c09.jpg,640,640,Tomato Septoria leaf spot,192,231,301,397
early_blight1-150x150_jpg.rf.9d618830c7ab33b567c6f72fee4fac2f.jpg,640,640,Tomato Early blight leaf,6,26,634,609
BlackLeafMold2_jpg.rf.59d56cf765e6045d70e70cdb17e13767.jpg,640,640,Tomato mold leaf,413,477,502,637
BlackLeafMold2_jpg.rf.59d56cf765e6045d70e70cdb17e13767.jpg,640,640,Tomato mold leaf,357,200,508,335
BlackLeafMold2_jpg.rf.59d56cf765e6045d70e70cdb17e13767.jpg,640,640,Tomato mold leaf,35,129,211,257
BlackLeafMold2_jpg.rf.59d56cf765e6045d70e70cdb17e13767.jpg,640,640,Tomato mold leaf,218,11,314,203
BlackLeafMold2_jpg.rf.59d56cf765e6045d70e70cdb17e13767.jpg,640,640,Tomato mold leaf,274,231,409,423
BlackLeafMold2_jpg.rf.59d56cf765e6045d70e70cdb17e13767.jpg,640,640,Tomato mold leaf,129,373,334,590
ill-tomato-of-tomato-mosaic-virus-DBE17N_jpg.rf.6ff655b8673d79f3782f1c9fb0fea7a1.jpg,640,640,Tomato leaf,71,314,166,474
ill-tomato-of-tomato-mosaic-virus-DBE17N_jpg.rf.6ff655b8673d79f3782f1c9fb0fea7a1.jpg,640,640,Tomato leaf,448,454,512,589
ill-tomato-of-tomato-mosaic-virus-DBE17N_jpg.rf.6ff655b8673d79f3782f1c9fb0fea7a1.jpg,640,640,Tomato leaf,499,320,564,442
ill-tomato-of-tomato-mosaic-virus-DBE17N_jpg.rf.6ff655b8673d79f3782f1c9fb0fea7a1.jpg,640,640,Tomato leaf,166,70,243,212
ill-tomato-of-tomato-mosaic-virus-DBE17N_jpg.rf.6ff655b8673d79f3782f1c9fb0fea7a1.jpg,640,640,Tomato leaf,25,166,238,288
ill-tomato-of-tomato-mosaic-virus-DBE17N_jpg.rf.6ff655b8673d79f3782f1c9fb0fea7a1.jpg,640,640,Tomato leaf,211,224,346,448
Septoria-Leaf-Spot_jpg.rf.cd03f8219a883d05a9ab2b7d126fd8cc.jpg,640,640,Tomato Septoria leaf spot,91,393,328,549
Septoria-Leaf-Spot_jpg.rf.cd03f8219a883d05a9ab2b7d126fd8cc.jpg,640,640,Tomato Septoria leaf spot,340,121,492,384
Septoria-Leaf-Spot_jpg.rf.cd03f8219a883d05a9ab2b7d126fd8cc.jpg,640,640,Tomato Septoria leaf spot,129,21,397,398
Septoria-Tomato_jpg.rf.1acfe616b73f160471b567a84bb479e5.jpg,640,640,Tomato Septoria leaf spot,349,353,640,639
Septoria-Tomato_jpg.rf.1acfe616b73f160471b567a84bb479e5.jpg,640,640,Tomato Septoria leaf spot,166,369,342,523
Septoria-Tomato_jpg.rf.1acfe616b73f160471b567a84bb479e5.jpg,640,640,Tomato Septoria leaf spot,33,102,316,456
Septoria-Tomato_jpg.rf.1acfe616b73f160471b567a84bb479e5.jpg,640,640,Tomato Septoria leaf spot,299,164,396,279
Septoria-Tomato_jpg.rf.1acfe616b73f160471b567a84bb479e5.jpg,640,640,Tomato Septoria leaf spot,360,0,609,323
fpls-08-01602-g001_jpg.rf.a2db3c3717052245f5b26646b473e160.jpg,640,640,Tomato leaf bacterial spot,0,59,495,638
fpls-08-01602-g001_jpg.rf.a2db3c3717052245f5b26646b473e160.jpg,640,640,Tomato leaf bacterial spot,229,0,617,237
-2320-Bacterial-Spot-and-Speck_jpg.rf.33a5823c069cd0256ba8e8cb5ce10a34.jpg,640,640,Tomato leaf late blight,330,110,599,339
2013-08-20-06_jpg.rf.0420bee4079ab07758eda2db5ef4abd8.jpg,640,640,Tomato leaf bacterial spot,53,359,258,522
2013-08-20-06_jpg.rf.0420bee4079ab07758eda2db5ef4abd8.jpg,640,640,Tomato leaf bacterial spot,361,200,505,495
2013-08-20-06_jpg.rf.0420bee4079ab07758eda2db5ef4abd8.jpg,640,640,Tomato leaf bacterial spot,10,72,293,316
LateBlight-Leaflet-Large-Spot_9005-ROTATED-sbzntn_jpg.rf.106e563de4a25202b3a462195fe85706.jpg,640,640,Tomato leaf mosaic virus,42,109,493,631
tomato_virus_04_zoom_jpg.rf.a194fe915cffc60c2ab8f6e10200c549.jpg,640,640,Tomato leaf,320,442,486,583
tomato_virus_04_zoom_jpg.rf.a194fe915cffc60c2ab8f6e10200c549.jpg,640,640,Tomato leaf,45,13,231,282
tomato_virus_04_zoom_jpg.rf.a194fe915cffc60c2ab8f6e10200c549.jpg,640,640,Tomato leaf,269,211,576,403
photo-1_jpg.rf.b88f6e5bdf9e1a188eeafcd496e71136.jpg,640,640,Tomato leaf late blight,136,106,530,482
6078710516023296-600x272_jpeg_jpg.rf.849b12f4ee8b6c2fbc8648437913b52c.jpg,640,640,Tomato Septoria leaf spot,77,5,638,637
Early-bligh_t_jpg.rf.1ebdfc423c8cc53a923cf371ca23ff8d.jpg,640,640,Tomato Early blight leaf,258,375,394,482
Early-bligh_t_jpg.rf.1ebdfc423c8cc53a923cf371ca23ff8d.jpg,640,640,Tomato leaf bacterial spot,9,239,174,416
Early-bligh_t_jpg.rf.1ebdfc423c8cc53a923cf371ca23ff8d.jpg,640,640,Tomato leaf bacterial spot,101,59,234,224
pddl-highlights-fig-1-bact-spot_jpg.rf.54fb7acdbbe3c74bd2acdee0033c4c6d.jpg,640,640,Tomato leaf late blight,514,375,631,527
pddl-highlights-fig-1-bact-spot_jpg.rf.54fb7acdbbe3c74bd2acdee0033c4c6d.jpg,640,640,Tomato leaf late blight,433,335,521,536
pddl-highlights-fig-1-bact-spot_jpg.rf.54fb7acdbbe3c74bd2acdee0033c4c6d.jpg,640,640,Tomato leaf late blight,235,163,398,474
pddl-highlights-fig-1-bact-spot_jpg.rf.54fb7acdbbe3c74bd2acdee0033c4c6d.jpg,640,640,Tomato leaf late blight,5,26,123,326
late_blight_potato_leaf_500_jpg.rf.3d532b9a108b61bdff02db50135a131e.jpg,640,640,Tomato leaf mosaic virus,138,185,475,479
earlyblight21__jpg.rf.a28d3c2c29bed7a0e8bb0ef9d543ba5e.jpg,640,640,Tomato Early blight leaf,128,122,423,563
Early-blight_jpg.rf.307e03062f07117cb0ada3f8afb5f006.jpg,640,640,Tomato Early blight leaf,278,165,432,271
lateblightTom_lesion3_jpg.rf.e24a213fc1e412a442240e7608f3f3f1.jpg,640,640,Tomato leaf mosaic virus,438,1,635,292
lateblightTom_lesion3_jpg.rf.e24a213fc1e412a442240e7608f3f3f1.jpg,640,640,Tomato leaf mosaic virus,0,100,520,638
lateblightTom_lesion3_jpg.rf.e24a213fc1e412a442240e7608f3f3f1.jpg,640,640,Tomato leaf mosaic virus,0,44,112,198
glyphosate_jpg.rf.a6da4617ab33c7760f36e34468e11356.jpg,640,640,Tomato leaf bacterial spot,436,165,550,271
glyphosate_jpg.rf.a6da4617ab33c7760f36e34468e11356.jpg,640,640,Tomato leaf bacterial spot,559,162,633,305
glyphosate_jpg.rf.a6da4617ab33c7760f36e34468e11356.jpg,640,640,Tomato leaf bacterial spot,271,135,342,228
glyphosate_jpg.rf.a6da4617ab33c7760f36e34468e11356.jpg,640,640,Tomato leaf bacterial spot,119,79,206,170
glyphosate_jpg.rf.a6da4617ab33c7760f36e34468e11356.jpg,640,640,Tomato leaf bacterial spot,25,328,109,449
glyphosate_jpg.rf.a6da4617ab33c7760f36e34468e11356.jpg,640,640,Tomato leaf bacterial spot,121,320,194,417
Tomato-late-blight-leaf-Margaret-McGrath-Cornell-Bugwood_jpg.rf.f88031d9ac5f34f1d4160d0f13e1a0a6.jpg,640,640,Tomato leaf yellow virus,6,39,634,590
septoria-tomato_jpg.rf.43890968c5de46c6d254c8cf5af5ddc7.jpg,640,640,Tomato Septoria leaf spot,66,22,242,599
septoria-tomato_jpg.rf.43890968c5de46c6d254c8cf5af5ddc7.jpg,640,640,Tomato Septoria leaf spot,266,2,639,566
FS547-2-big_jpg.rf.06425359e4406d95a984064548ba058c.jpg,640,640,Tomato Early blight leaf,6,13,622,602
lateblightTom_lesion3_jpg.rf.804867419a69c0b52800cc0b3cae8256.jpg,640,640,Tomato leaf mosaic virus,0,312,145,579
lateblightTom_lesion3_jpg.rf.804867419a69c0b52800cc0b3cae8256.jpg,640,640,Tomato leaf mosaic virus,181,7,632,518
lateblightTom_lesion3_jpg.rf.804867419a69c0b52800cc0b3cae8256.jpg,640,640,Tomato leaf mosaic virus,495,499,582,636
IMG_2254-JPG_jpg.rf.e786f2868db534191e44cf7d577d14fa.jpg,640,640,Tomato Early blight leaf,285,165,578,626
IMG_2254-JPG_jpg.rf.e786f2868db534191e44cf7d577d14fa.jpg,640,640,Tomato Early blight leaf,0,80,268,548
late_blight_tomato_leaf1x1200_jpg.rf.9c7f513bd5a21b6cb128b70045beb699.jpg,640,640,Tomato leaf yellow virus,18,11,637,628
illustration-thematique-urbino-fig5_plante-20tylcv_jpg.rf.21bac4d2749158628e23e34dad0e86df.jpg,640,640,Tomato leaf bacterial spot,390,112,436,148
illustration-thematique-urbino-fig5_plante-20tylcv_jpg.rf.21bac4d2749158628e23e34dad0e86df.jpg,640,640,Tomato leaf bacterial spot,360,60,394,132
illustration-thematique-urbino-fig5_plante-20tylcv_jpg.rf.21bac4d2749158628e23e34dad0e86df.jpg,640,640,Tomato leaf bacterial spot,249,558,285,611
illustration-thematique-urbino-fig5_plante-20tylcv_jpg.rf.21bac4d2749158628e23e34dad0e86df.jpg,640,640,Tomato leaf bacterial spot,254,499,292,536
illustration-thematique-urbino-fig5_plante-20tylcv_jpg.rf.21bac4d2749158628e23e34dad0e86df.jpg,640,640,Tomato leaf bacterial spot,253,543,290,569
illustration-thematique-urbino-fig5_plante-20tylcv_jpg.rf.21bac4d2749158628e23e34dad0e86df.jpg,640,640,Tomato leaf bacterial spot,569,320,634,392
illustration-thematique-urbino-fig5_plante-20tylcv_jpg.rf.21bac4d2749158628e23e34dad0e86df.jpg,640,640,Tomato leaf bacterial spot,546,379,619,443
illustration-thematique-urbino-fig5_plante-20tylcv_jpg.rf.21bac4d2749158628e23e34dad0e86df.jpg,640,640,Tomato leaf bacterial spot,265,333,306,393
illustration-thematique-urbino-fig5_plante-20tylcv_jpg.rf.21bac4d2749158628e23e34dad0e86df.jpg,640,640,Tomato leaf bacterial spot,232,245,280,305
illustration-thematique-urbino-fig5_plante-20tylcv_jpg.rf.21bac4d2749158628e23e34dad0e86df.jpg,640,640,Tomato leaf bacterial spot,208,202,243,273
illustration-thematique-urbino-fig5_plante-20tylcv_jpg.rf.21bac4d2749158628e23e34dad0e86df.jpg,640,640,Tomato leaf bacterial spot,205,157,239,192
illustration-thematique-urbino-fig5_plante-20tylcv_jpg.rf.21bac4d2749158628e23e34dad0e86df.jpg,640,640,Tomato leaf bacterial spot,325,274,379,325
illustration-thematique-urbino-fig5_plante-20tylcv_jpg.rf.21bac4d2749158628e23e34dad0e86df.jpg,640,640,Tomato leaf bacterial spot,343,362,409,440
illustration-thematique-urbino-fig5_plante-20tylcv_jpg.rf.21bac4d2749158628e23e34dad0e86df.jpg,640,640,Tomato leaf bacterial spot,294,405,340,485
LateBlt09_06_jpg.rf.488e1ff0e3a520378277e115a6ff1fa4.jpg,640,640,Tomato leaf yellow virus,176,117,419,637
tomato_early_blightH_jpg.rf.be269ef100882b61f21a2e5db13e0fe7.jpg,640,640,Tomato leaf yellow virus,266,255,511,517
tomato_early_blightH_jpg.rf.be269ef100882b61f21a2e5db13e0fe7.jpg,640,640,Tomato leaf yellow virus,136,50,496,216
tomato_early_blightH_jpg.rf.be269ef100882b61f21a2e5db13e0fe7.jpg,640,640,Tomato leaf yellow virus,65,200,316,632
FS547-4-big_jpg.rf.7224032b74e57cf36728d7f62cdf92ba.jpg,640,640,Tomato Septoria leaf spot,21,0,612,606
FS547-2-big_jpg.rf.e2e9e690367978042e7cd260b264da54.jpg,640,640,Tomato Early blight leaf,5,13,619,599
5114949114265600-600x272_jpeg_jpg.rf.0b88eaa584cc77289f6217e43d98ffa7.jpg,640,640,Tomato leaf mosaic virus,358,6,634,352
5114949114265600-600x272_jpeg_jpg.rf.0b88eaa584cc77289f6217e43d98ffa7.jpg,640,640,Tomato leaf mosaic virus,6,45,288,519
6336392950972416_jpeg_jpg.rf.c78fae5987f12dd1f5ab0580ed4e1b54.jpg,640,640,Tomato Septoria leaf spot,109,0,256,109
6336392950972416_jpeg_jpg.rf.c78fae5987f12dd1f5ab0580ed4e1b54.jpg,640,640,Tomato Septoria leaf spot,6,71,154,391
6336392950972416_jpeg_jpg.rf.c78fae5987f12dd1f5ab0580ed4e1b54.jpg,640,640,Tomato Septoria leaf spot,422,352,493,416
6336392950972416_jpeg_jpg.rf.c78fae5987f12dd1f5ab0580ed4e1b54.jpg,640,640,Tomato Septoria leaf spot,320,179,403,339
6336392950972416_jpeg_jpg.rf.c78fae5987f12dd1f5ab0580ed4e1b54.jpg,640,640,Tomato Septoria leaf spot,307,409,428,583
6336392950972416_jpeg_jpg.rf.c78fae5987f12dd1f5ab0580ed4e1b54.jpg,640,640,Tomato Septoria leaf spot,237,333,358,532
6336392950972416_jpeg_jpg.rf.c78fae5987f12dd1f5ab0580ed4e1b54.jpg,640,640,Tomato Septoria leaf spot,166,109,302,455
earlyblight21_jpg.rf.41d1ffee3b4c28c1880abc545604cf99.jpg,640,640,Tomato Early blight leaf,2,52,633,617
2013-08-20-04_jpg.rf.04dce29a963d1dbe974552d6d3ff5b4d.jpg,640,640,Tomato leaf late blight,232,43,283,219
2013-08-20-04_jpg.rf.04dce29a963d1dbe974552d6d3ff5b4d.jpg,640,640,Tomato leaf late blight,180,199,255,253
2013-08-20-04_jpg.rf.04dce29a963d1dbe974552d6d3ff5b4d.jpg,640,640,Tomato leaf late blight,252,162,345,233
2013-08-20-04_jpg.rf.04dce29a963d1dbe974552d6d3ff5b4d.jpg,640,640,Tomato leaf late blight,257,305,301,440
2013-08-20-04_jpg.rf.04dce29a963d1dbe974552d6d3ff5b4d.jpg,640,640,Tomato leaf late blight,311,353,392,522
2013-08-20-04_jpg.rf.04dce29a963d1dbe974552d6d3ff5b4d.jpg,640,640,Tomato leaf late blight,398,369,454,529
2013-08-20-04_jpg.rf.04dce29a963d1dbe974552d6d3ff5b4d.jpg,640,640,Tomato leaf late blight,446,289,542,385
2013-08-20-04_jpg.rf.04dce29a963d1dbe974552d6d3ff5b4d.jpg,640,640,Tomato leaf late blight,466,376,566,499
2013-08-20-04_jpg.rf.04dce29a963d1dbe974552d6d3ff5b4d.jpg,640,640,Tomato leaf late blight,357,175,463,331
P1020365_jpg.rf.35e553978ea8e961c4fcc3ac6924e65f.jpg,640,640,Tomato mold leaf,326,202,385,262
P1020365_jpg.rf.35e553978ea8e961c4fcc3ac6924e65f.jpg,640,640,Tomato mold leaf,49,2,257,163
P1020365_jpg.rf.35e553978ea8e961c4fcc3ac6924e65f.jpg,640,640,Tomato mold leaf,46,185,289,451
P1020365_jpg.rf.35e553978ea8e961c4fcc3ac6924e65f.jpg,640,640,Tomato mold leaf,222,354,439,628
P1020365_jpg.rf.35e553978ea8e961c4fcc3ac6924e65f.jpg,640,640,Tomato mold leaf,411,28,638,443
P1020365_jpg.rf.35e553978ea8e961c4fcc3ac6924e65f.jpg,640,640,Tomato mold leaf,362,246,520,337
Septoria-Leaf-Spot_jpg.rf.041a7eed3eb56a3a44b4c9d86bf4f5f2.jpg,640,640,Tomato Septoria leaf spot,77,160,294,266
Septoria-Leaf-Spot_jpg.rf.041a7eed3eb56a3a44b4c9d86bf4f5f2.jpg,640,640,Tomato Septoria leaf spot,357,226,480,488
Septoria-Leaf-Spot_jpg.rf.041a7eed3eb56a3a44b4c9d86bf4f5f2.jpg,640,640,Tomato Septoria leaf spot,197,273,388,613
Paret-Fig-1-tomato-bacterial-leaf-spot_jpg.rf.1614317ae71fc0219743b5291cc8e732.jpg,640,640,Tomato leaf late blight,383,425,606,571
Paret-Fig-1-tomato-bacterial-leaf-spot_jpg.rf.1614317ae71fc0219743b5291cc8e732.jpg,640,640,Tomato leaf late blight,202,183,473,569
Paret-Fig-1-tomato-bacterial-leaf-spot_jpg.rf.1614317ae71fc0219743b5291cc8e732.jpg,640,640,Tomato leaf late blight,84,179,233,410
Paret-Fig-1-tomato-bacterial-leaf-spot_jpg.rf.1614317ae71fc0219743b5291cc8e732.jpg,640,640,Tomato leaf late blight,380,228,558,420
Paret-Fig-1-tomato-bacterial-leaf-spot_jpg.rf.1614317ae71fc0219743b5291cc8e732.jpg,640,640,Tomato leaf late blight,476,203,602,419
Paret-Fig-1-tomato-bacterial-leaf-spot_jpg.rf.1614317ae71fc0219743b5291cc8e732.jpg,640,640,Tomato leaf late blight,249,0,398,238
Paret-Fig-1-tomato-bacterial-leaf-spot_jpg.rf.1614317ae71fc0219743b5291cc8e732.jpg,640,640,Tomato leaf late blight,344,45,422,150
IMG_0020_jpg.rf.3dcf8760727d31b2f05b2760da03d409.jpg,640,640,Tomato leaf mosaic virus,257,13,486,272
Septoria-leaf-spot_jpg.rf.260be73fe25159c0c9fa6ef305f9b752.jpg,640,640,Tomato Septoria leaf spot,0,0,589,545
Early_Blight_of_Tomato1687_jpg.rf.6e7ad391cd1fcbf89753997f3037d246.jpg,640,640,Tomato Early blight leaf,96,6,633,531
Tomato2_jpg.rf.cdfa820b8e50459d40ee058f0496c921.jpg,640,640,Tomato leaf bacterial spot,130,228,233,303
Tomato2_jpg.rf.cdfa820b8e50459d40ee058f0496c921.jpg,640,640,Tomato leaf bacterial spot,2,398,128,491
Tomato2_jpg.rf.cdfa820b8e50459d40ee058f0496c921.jpg,640,640,Tomato leaf bacterial spot,370,545,479,636
Tomato2_jpg.rf.cdfa820b8e50459d40ee058f0496c921.jpg,640,640,Tomato leaf bacterial spot,311,523,389,606
Tomato2_jpg.rf.cdfa820b8e50459d40ee058f0496c921.jpg,640,640,Tomato leaf bacterial spot,236,488,322,565
Tomato2_jpg.rf.cdfa820b8e50459d40ee058f0496c921.jpg,640,640,Tomato leaf bacterial spot,255,288,357,365
Tomato2_jpg.rf.cdfa820b8e50459d40ee058f0496c921.jpg,640,640,Tomato leaf bacterial spot,454,275,558,334
Tomato2_jpg.rf.cdfa820b8e50459d40ee058f0496c921.jpg,640,640,Tomato leaf bacterial spot,154,68,258,186
Tomato2_jpg.rf.cdfa820b8e50459d40ee058f0496c921.jpg,640,640,Tomato leaf bacterial spot,117,279,283,419
Tomato2_jpg.rf.cdfa820b8e50459d40ee058f0496c921.jpg,640,640,Tomato leaf bacterial spot,377,417,472,538
tomato-leaves-260nw-670831669_jpg.rf.388360649fb0b4c52ff9049be72e8648.jpg,640,640,Tomato leaf,255,6,331,151
tomato-leaves-260nw-670831669_jpg.rf.388360649fb0b4c52ff9049be72e8648.jpg,640,640,Tomato leaf,440,229,500,382
tomato-leaves-260nw-670831669_jpg.rf.388360649fb0b4c52ff9049be72e8648.jpg,640,640,Tomato leaf,243,297,399,589
tomato-leaves-260nw-670831669_jpg.rf.388360649fb0b4c52ff9049be72e8648.jpg,640,640,Tomato leaf,266,202,323,263
tomato-leaves-260nw-670831669_jpg.rf.388360649fb0b4c52ff9049be72e8648.jpg,640,640,Tomato leaf,216,151,287,297
tomato-leaves-260nw-670831669_jpg.rf.388360649fb0b4c52ff9049be72e8648.jpg,640,640,Tomato leaf,43,150,168,519
tomato-late-blight-foliar-lesions_Scot-Nelson_CC-BY-SA-2-0_jpg.rf.ed42d27fc6b325b84b36a1cc3ad7a1cb.jpg,640,640,Tomato leaf mosaic virus,115,48,487,512
8226402877_9abf151b5b_b_jpg.rf.037c8a6e28e53b9472e35097a5c2ce40.jpg,640,640,Tomato leaf,216,422,336,519
8226402877_9abf151b5b_b_jpg.rf.037c8a6e28e53b9472e35097a5c2ce40.jpg,640,640,Tomato leaf,457,399,585,590
8226402877_9abf151b5b_b_jpg.rf.037c8a6e28e53b9472e35097a5c2ce40.jpg,640,640,Tomato leaf,122,215,316,420
8226402877_9abf151b5b_b_jpg.rf.037c8a6e28e53b9472e35097a5c2ce40.jpg,640,640,Tomato leaf,363,234,485,420
8226402877_9abf151b5b_b_jpg.rf.037c8a6e28e53b9472e35097a5c2ce40.jpg,640,640,Tomato leaf,319,43,430,208
20130609_151253_zpsc7d93f62_jpg.rf.23d8613f6a56a38502809c6580f2d7e3.jpg,640,640,Tomato leaf late blight,86,325,242,496
20130609_151253_zpsc7d93f62_jpg.rf.23d8613f6a56a38502809c6580f2d7e3.jpg,640,640,Tomato leaf late blight,314,372,375,485
20130609_151253_zpsc7d93f62_jpg.rf.23d8613f6a56a38502809c6580f2d7e3.jpg,640,640,Tomato leaf late blight,462,212,565,280
main-qimg-d9c2a93f60568485c989670d9bbf703b_jpg.rf.92960561f5498303858d30ab2f1a13fb.jpg,640,640,Tomato leaf late blight,33,179,430,556
main-qimg-d9c2a93f60568485c989670d9bbf703b_jpg.rf.92960561f5498303858d30ab2f1a13fb.jpg,640,640,Tomato leaf late blight,243,45,512,219
main-qimg-d9c2a93f60568485c989670d9bbf703b_jpg.rf.92960561f5498303858d30ab2f1a13fb.jpg,640,640,Tomato leaf late blight,429,217,557,634
Leaf-2Bspot-2B1000_jpg.rf.327c2e6a7dff219f1e5ba2de3e657abf.jpg,640,640,Tomato Septoria leaf spot,90,7,613,570
early_blight_spots_l_jpg.rf.2ae4c60128b1ec1adcc3614f7d8036b4.jpg,640,640,Tomato Early blight leaf,0,18,638,543
septoria-tomato_jpg.rf.ca6538703ba7a6ba60ba49c15ef3555c.jpg,640,640,Tomato Septoria leaf spot,72,42,237,616
septoria-tomato_jpg.rf.ca6538703ba7a6ba60ba49c15ef3555c.jpg,640,640,Tomato Septoria leaf spot,273,82,639,639
fungus-univ-of-minnesoeta_jpg.rf.92829372e89a73d697a8583f593e7950.jpg,640,640,Tomato mold leaf,76,6,339,172
fungus-univ-of-minnesoeta_jpg.rf.92829372e89a73d697a8583f593e7950.jpg,640,640,Tomato mold leaf,96,397,301,545
fungus-univ-of-minnesoeta_jpg.rf.92829372e89a73d697a8583f593e7950.jpg,640,640,Tomato mold leaf,384,224,621,538
fungus-univ-of-minnesoeta_jpg.rf.92829372e89a73d697a8583f593e7950.jpg,640,640,Tomato mold leaf,103,173,520,449
Paret-Fig-1-tomato-bacterial-leaf-spot_jpg.rf.97f2f95d485a38256e92242cafd27180.jpg,640,640,Tomato leaf late blight,0,154,202,288
Paret-Fig-1-tomato-bacterial-leaf-spot_jpg.rf.97f2f95d485a38256e92242cafd27180.jpg,640,640,Tomato leaf late blight,158,86,407,463
Paret-Fig-1-tomato-bacterial-leaf-spot_jpg.rf.97f2f95d485a38256e92242cafd27180.jpg,640,640,Tomato leaf late blight,411,170,548,396
Paret-Fig-1-tomato-bacterial-leaf-spot_jpg.rf.97f2f95d485a38256e92242cafd27180.jpg,640,640,Tomato leaf late blight,95,280,266,465
Paret-Fig-1-tomato-bacterial-leaf-spot_jpg.rf.97f2f95d485a38256e92242cafd27180.jpg,640,640,Tomato leaf late blight,64,305,178,517
Paret-Fig-1-tomato-bacterial-leaf-spot_jpg.rf.97f2f95d485a38256e92242cafd27180.jpg,640,640,Tomato leaf late blight,326,390,459,632
Paret-Fig-1-tomato-bacterial-leaf-spot_jpg.rf.97f2f95d485a38256e92242cafd27180.jpg,640,640,Tomato leaf late blight,308,498,381,600
5146_jpg.rf.3b8333c4a65fc6de009449e9d42613fd.jpg,640,640,Tomato leaf bacterial spot,372,498,633,634
5146_jpg.rf.3b8333c4a65fc6de009449e9d42613fd.jpg,640,640,Tomato leaf bacterial spot,128,454,340,563
5146_jpg.rf.3b8333c4a65fc6de009449e9d42613fd.jpg,640,640,Tomato leaf bacterial spot,26,339,289,499
5146_jpg.rf.3b8333c4a65fc6de009449e9d42613fd.jpg,640,640,Tomato leaf bacterial spot,205,90,442,262
5146_jpg.rf.3b8333c4a65fc6de009449e9d42613fd.jpg,640,640,Tomato leaf bacterial spot,371,249,608,397
bac_spot_tomato_leaf_l_jpg.rf.f0600ba254320f7295083e3102c1ebd9.jpg,640,640,Tomato leaf mosaic virus,3,94,565,463
p1020076cs_jpg.rf.98e28d16112727091d309d2d161ed14f.jpg,640,640,Tomato leaf yellow virus,0,51,634,595
Septoria-leaf-spot-hc_jpg.rf.b39b3faa9f3a55bcaac67babf7655e82.jpg,640,640,Tomato Septoria leaf spot,337,1,483,154
Septoria-leaf-spot-hc_jpg.rf.b39b3faa9f3a55bcaac67babf7655e82.jpg,640,640,Tomato Septoria leaf spot,378,369,454,477
Septoria-leaf-spot-hc_jpg.rf.b39b3faa9f3a55bcaac67babf7655e82.jpg,640,640,Tomato Septoria leaf spot,499,345,588,454
Septoria-leaf-spot-hc_jpg.rf.b39b3faa9f3a55bcaac67babf7655e82.jpg,640,640,Tomato Septoria leaf spot,497,195,571,268
Septoria-leaf-spot-hc_jpg.rf.b39b3faa9f3a55bcaac67babf7655e82.jpg,640,640,Tomato Septoria leaf spot,76,282,267,500
Septoria-leaf-spot-hc_jpg.rf.b39b3faa9f3a55bcaac67babf7655e82.jpg,640,640,Tomato Septoria leaf spot,276,194,430,308
Bacterial_spots563_jpg.rf.3edfb7af0fe79bf2d9b0832278ec6bf8.jpg,640,640,Tomato leaf mosaic virus,121,33,634,590
49-Septoria-leaf-spot_jpg.rf.9446236cf0d1ab4f3e3655a1f8e1f05b.jpg,640,640,Tomato Septoria leaf spot,3,46,526,562
49-Septoria-leaf-spot_jpg.rf.9446236cf0d1ab4f3e3655a1f8e1f05b.jpg,640,640,Tomato Septoria leaf spot,390,226,639,619
49-Septoria-leaf-spot_jpg.rf.9446236cf0d1ab4f3e3655a1f8e1f05b.jpg,640,640,Tomato Septoria leaf spot,234,490,452,639
Septoria-leaf-spot_jpg.rf.25d712b63639db07da1475448c2122ef.jpg,640,640,Tomato Septoria leaf spot,0,0,574,505
IMG_3011_jpg.rf.ab877830ef3d0e295e19ce86e8e0fdd4.jpg,640,640,Tomato leaf late blight,360,300,455,478
IMG_3011_jpg.rf.ab877830ef3d0e295e19ce86e8e0fdd4.jpg,640,640,Tomato leaf late blight,17,292,157,406
IMG_3011_jpg.rf.ab877830ef3d0e295e19ce86e8e0fdd4.jpg,640,640,Tomato leaf late blight,155,351,228,514
IMG_3011_jpg.rf.ab877830ef3d0e295e19ce86e8e0fdd4.jpg,640,640,Tomato leaf late blight,103,186,194,312
IMG_3011_jpg.rf.ab877830ef3d0e295e19ce86e8e0fdd4.jpg,640,640,Tomato leaf late blight,151,151,245,243
IMG_3011_jpg.rf.ab877830ef3d0e295e19ce86e8e0fdd4.jpg,640,640,Tomato leaf late blight,268,263,351,315
IMG_3011_jpg.rf.ab877830ef3d0e295e19ce86e8e0fdd4.jpg,640,640,Tomato leaf late blight,349,242,463,300
IMG_3011_jpg.rf.ab877830ef3d0e295e19ce86e8e0fdd4.jpg,640,640,Tomato leaf late blight,452,159,494,310
IMG_3011_jpg.rf.ab877830ef3d0e295e19ce86e8e0fdd4.jpg,640,640,Tomato leaf late blight,489,285,629,388
IMG_3011_jpg.rf.ab877830ef3d0e295e19ce86e8e0fdd4.jpg,640,640,Tomato leaf late blight,320,528,415,589
IMG_3011_jpg.rf.ab877830ef3d0e295e19ce86e8e0fdd4.jpg,640,640,Tomato leaf late blight,259,525,323,585
IMG_3011_jpg.rf.ab877830ef3d0e295e19ce86e8e0fdd4.jpg,640,640,Tomato leaf late blight,316,569,359,628
IMG_3011_jpg.rf.ab877830ef3d0e295e19ce86e8e0fdd4.jpg,640,640,Tomato leaf late blight,346,57,402,177
IMG_3011_jpg.rf.ab877830ef3d0e295e19ce86e8e0fdd4.jpg,640,640,Tomato leaf late blight,246,22,339,131
IMG_3011_jpg.rf.ab877830ef3d0e295e19ce86e8e0fdd4.jpg,640,640,Tomato leaf late blight,351,168,412,205
IMG_3011_jpg.rf.ab877830ef3d0e295e19ce86e8e0fdd4.jpg,640,640,Tomato leaf late blight,310,108,353,185
IMG_3011_jpg.rf.ab877830ef3d0e295e19ce86e8e0fdd4.jpg,640,640,Tomato leaf late blight,274,126,341,189
IMG_3011_jpg.rf.ab877830ef3d0e295e19ce86e8e0fdd4.jpg,640,640,Tomato leaf late blight,211,356,265,453
symptoms_of_late_blight_0_jpg.rf.4aa30ee241b961135a5173c3ab3190ab.jpg,640,640,Tomato leaf yellow virus,166,244,468,384
symptoms_of_late_blight_0_jpg.rf.4aa30ee241b961135a5173c3ab3190ab.jpg,640,640,Tomato leaf yellow virus,365,109,550,243
image5_300x300-2523-JPG-1472755422_jpg.rf.e1d515660d53cc49fdd064b2a69bb28d.jpg,640,640,Tomato leaf late blight,280,0,532,248
image5_300x300-2523-JPG-1472755422_jpg.rf.e1d515660d53cc49fdd064b2a69bb28d.jpg,640,640,Tomato leaf late blight,54,0,285,245
image5_300x300-2523-JPG-1472755422_jpg.rf.e1d515660d53cc49fdd064b2a69bb28d.jpg,640,640,Tomato leaf late blight,183,143,640,586
image5_300x300-2523-JPG-1472755422_jpg.rf.e1d515660d53cc49fdd064b2a69bb28d.jpg,640,640,Tomato leaf late blight,101,252,315,506
image5_300x300-2523-JPG-1472755422_jpg.rf.e1d515660d53cc49fdd064b2a69bb28d.jpg,640,640,Tomato leaf late blight,85,454,539,638
lateblightTom_lesion_jpg.rf.e812e53cfd07a89e992d6038a156aada.jpg,640,640,Tomato leaf mosaic virus,221,23,533,409
GIVXB_jpg.rf.51ddcca848a11c6e7f9666f2c10bdb06.jpg,640,640,Tomato mold leaf,49,448,183,600
GIVXB_jpg.rf.51ddcca848a11c6e7f9666f2c10bdb06.jpg,640,640,Tomato mold leaf,2,152,148,428
GIVXB_jpg.rf.51ddcca848a11c6e7f9666f2c10bdb06.jpg,640,640,Tomato mold leaf,240,286,486,485
GIVXB_jpg.rf.51ddcca848a11c6e7f9666f2c10bdb06.jpg,640,640,Tomato mold leaf,157,171,297,398
GIVXB_jpg.rf.51ddcca848a11c6e7f9666f2c10bdb06.jpg,640,640,Tomato mold leaf,282,71,462,338
tomato-leaves-9025906_jpg.rf.0755de38a7c5da66458ce620372a2370.jpg,640,640,Tomato leaf bacterial spot,326,0,492,252
tomato-leaves-9025906_jpg.rf.0755de38a7c5da66458ce620372a2370.jpg,640,640,Tomato leaf bacterial spot,250,45,381,311
tomato-leaves-9025906_jpg.rf.0755de38a7c5da66458ce620372a2370.jpg,640,640,Tomato leaf bacterial spot,69,228,313,457
tomato-leaves-9025906_jpg.rf.0755de38a7c5da66458ce620372a2370.jpg,640,640,Tomato leaf bacterial spot,262,285,440,553
tomato-leaves-9025906_jpg.rf.0755de38a7c5da66458ce620372a2370.jpg,640,640,Tomato leaf bacterial spot,415,243,580,545
OLU13_jpg.rf.391b84a446befe98c11bccb8605df5c2.jpg,640,640,Tomato mold leaf,102,122,520,519
OLU13_jpg.rf.391b84a446befe98c11bccb8605df5c2.jpg,640,640,Tomato mold leaf,106,0,286,111
IMG_2687_JPG_jpg.rf.893f1d5e0f01063315f427f6d6d4e1f1.jpg,640,640,Tomato leaf bacterial spot,320,493,403,596
IMG_2687_JPG_jpg.rf.893f1d5e0f01063315f427f6d6d4e1f1.jpg,640,640,Tomato leaf bacterial spot,45,96,154,301
IMG_2687_JPG_jpg.rf.893f1d5e0f01063315f427f6d6d4e1f1.jpg,640,640,Tomato leaf bacterial spot,428,77,570,441
IMG_2687_JPG_jpg.rf.893f1d5e0f01063315f427f6d6d4e1f1.jpg,640,640,Tomato leaf bacterial spot,256,153,435,455
Septoria-Tomato_jpg.rf.7cd6b0fb60ef62002fc2f089c8993a17.jpg,640,640,Tomato Septoria leaf spot,13,372,350,639
Septoria-Tomato_jpg.rf.7cd6b0fb60ef62002fc2f089c8993a17.jpg,640,640,Tomato Septoria leaf spot,318,343,509,514
Septoria-Tomato_jpg.rf.7cd6b0fb60ef62002fc2f089c8993a17.jpg,640,640,Tomato Septoria leaf spot,294,55,614,437
Septoria-Tomato_jpg.rf.7cd6b0fb60ef62002fc2f089c8993a17.jpg,640,640,Tomato Septoria leaf spot,217,168,326,292
Septoria-Tomato_jpg.rf.7cd6b0fb60ef62002fc2f089c8993a17.jpg,640,640,Tomato Septoria leaf spot,0,15,266,376
BIGSD_jpg.rf.92a14c0300c9d550352faa5ea4012f4b.jpg,640,640,Tomato mold leaf,563,161,622,301
BIGSD_jpg.rf.92a14c0300c9d550352faa5ea4012f4b.jpg,640,640,Tomato mold leaf,498,70,557,141
BIGSD_jpg.rf.92a14c0300c9d550352faa5ea4012f4b.jpg,640,640,Tomato mold leaf,428,89,487,160
BIGSD_jpg.rf.92a14c0300c9d550352faa5ea4012f4b.jpg,640,640,Tomato mold leaf,442,172,480,243
BIGSD_jpg.rf.92a14c0300c9d550352faa5ea4012f4b.jpg,640,640,Tomato mold leaf,505,179,570,244
BIGSD_jpg.rf.92a14c0300c9d550352faa5ea4012f4b.jpg,640,640,Tomato mold leaf,486,268,525,390
gn201410308259997ar-jpg_jpg.rf.896ada7bc4752b1de4e1200877bea483.jpg,640,640,Tomato Early blight leaf,126,120,502,366
gn201410308259997ar-jpg_jpg.rf.896ada7bc4752b1de4e1200877bea483.jpg,640,640,Tomato leaf late blight,385,363,537,459
gn201410308259997ar-jpg_jpg.rf.896ada7bc4752b1de4e1200877bea483.jpg,640,640,Tomato leaf late blight,251,463,382,529
gn201410308259997ar-jpg_jpg.rf.896ada7bc4752b1de4e1200877bea483.jpg,640,640,Tomato leaf late blight,308,543,389,634
20140818-tomato-sauce-vicky-wasik-1_jpg.rf.70d27d336451c9858e6de7388961b4c5.jpg,640,640,Tomato leaf late blight,91,294,278,589
20140818-tomato-sauce-vicky-wasik-1_jpg.rf.70d27d336451c9858e6de7388961b4c5.jpg,640,640,Tomato leaf late blight,101,146,317,268
p1020084s_jpg.rf.b24d228d154da390643beffa1cf0a735.jpg,640,640,Tomato Early blight leaf,230,70,416,262
p1020084s_jpg.rf.b24d228d154da390643beffa1cf0a735.jpg,640,640,Tomato Early blight leaf,268,263,384,500
p1020084s_jpg.rf.b24d228d154da390643beffa1cf0a735.jpg,640,640,Tomato Early blight leaf,101,359,237,519
p1020084s_jpg.rf.b24d228d154da390643beffa1cf0a735.jpg,640,640,Tomato Early blight leaf,410,416,621,615
p1020084s_jpg.rf.b24d228d154da390643beffa1cf0a735.jpg,640,640,Tomato Early blight leaf,454,313,634,461
p1020084s_jpg.rf.b24d228d154da390643beffa1cf0a735.jpg,640,640,Tomato Early blight leaf,417,141,525,321
tomato-leaves-17427786_jpg.rf.69cc016168601ddd380702fbc681c42f.jpg,640,640,Tomato leaf late blight,149,174,363,315
tomato-leaves-17427786_jpg.rf.69cc016168601ddd380702fbc681c42f.jpg,640,640,Tomato leaf late blight,209,390,369,536
tomato-leaves-17427786_jpg.rf.69cc016168601ddd380702fbc681c42f.jpg,640,640,Tomato leaf late blight,31,372,208,546
tomato-leaves-17427786_jpg.rf.69cc016168601ddd380702fbc681c42f.jpg,640,640,Tomato leaf late blight,89,20,209,200
tomato-leaves-17427786_jpg.rf.69cc016168601ddd380702fbc681c42f.jpg,640,640,Tomato leaf late blight,268,55,434,177
tomato-leaves-17427786_jpg.rf.69cc016168601ddd380702fbc681c42f.jpg,640,640,Tomato leaf late blight,434,23,618,174
tomato-leaves-17427786_jpg.rf.69cc016168601ddd380702fbc681c42f.jpg,640,640,Tomato leaf late blight,455,237,577,468
tomato-mosaic-virus-disease-on-260nw-625499777_jpg.rf.60a154c8ba874f532ed3ff7d436c6a06.jpg,640,640,Tomato leaf yellow virus,352,424,512,639
tomato-mosaic-virus-disease-on-260nw-625499777_jpg.rf.60a154c8ba874f532ed3ff7d436c6a06.jpg,640,640,Tomato leaf yellow virus,22,324,406,571
tomato-mosaic-virus-disease-on-260nw-625499777_jpg.rf.60a154c8ba874f532ed3ff7d436c6a06.jpg,640,640,Tomato leaf yellow virus,343,399,412,488
tomato-mosaic-virus-disease-on-260nw-625499777_jpg.rf.60a154c8ba874f532ed3ff7d436c6a06.jpg,640,640,Tomato leaf yellow virus,365,280,445,397
tomato-mosaic-virus-disease-on-260nw-625499777_jpg.rf.60a154c8ba874f532ed3ff7d436c6a06.jpg,640,640,Tomato leaf yellow virus,11,126,264,377
tomato-mosaic-virus-disease-on-260nw-625499777_jpg.rf.60a154c8ba874f532ed3ff7d436c6a06.jpg,640,640,Tomato leaf yellow virus,238,144,404,368
tomato-mosaic-virus-disease-on-260nw-625499777_jpg.rf.60a154c8ba874f532ed3ff7d436c6a06.jpg,640,640,Tomato leaf yellow virus,436,183,570,372
tomato-mosaic-virus-disease-on-260nw-625499777_jpg.rf.60a154c8ba874f532ed3ff7d436c6a06.jpg,640,640,Tomato leaf yellow virus,460,82,622,236
leaf_mold_tomato4x1200_jpg.rf.a4772375039c30b3b8d7b624ff504cd7.jpg,640,640,Tomato mold leaf,388,91,639,638
leaf_mold_tomato4x1200_jpg.rf.a4772375039c30b3b8d7b624ff504cd7.jpg,640,640,Tomato mold leaf,0,16,482,639
Early_Blight_of_Tomato177_jpg.rf.bcdc654346e118b32d274f381d15b8d0.jpg,640,640,Tomato Early blight leaf,7,0,640,640
FS547-6-big_jpg.rf.83653bb221f1db317948f144b68cb823.jpg,640,640,Tomato leaf yellow virus,12,12,634,628
20130609_151253_zpsc7d93f62_jpg.rf.dba134d92d0ed592eb011f045bc9f961.jpg,640,640,Tomato leaf late blight,83,326,243,492
20130609_151253_zpsc7d93f62_jpg.rf.dba134d92d0ed592eb011f045bc9f961.jpg,640,640,Tomato leaf late blight,313,371,378,486
20130609_151253_zpsc7d93f62_jpg.rf.dba134d92d0ed592eb011f045bc9f961.jpg,640,640,Tomato leaf late blight,462,211,563,282
sept4disease-019_jpg.rf.c6403a3b1b55e6e439217e5146926332.jpg,640,640,Tomato Septoria leaf spot,38,76,634,621
early-tomato-blight_jpg.rf.06ab62192f6a6bd9129b46bf9fbfeb40.jpg,640,640,Tomato Early blight leaf,288,12,634,557
photo-1_jpg.rf.bb44eb2358c62541cfd7588badc8bce6.jpg,640,640,Tomato leaf late blight,115,142,543,553
IMG_2684_JPG_jpg.rf.f7c61211defe3c97e5e07301132ecf64.jpg,640,640,Tomato leaf bacterial spot,320,314,423,403
IMG_2684_JPG_jpg.rf.f7c61211defe3c97e5e07301132ecf64.jpg,640,640,Tomato leaf bacterial spot,430,429,596,532
IMG_2684_JPG_jpg.rf.f7c61211defe3c97e5e07301132ecf64.jpg,640,640,Tomato leaf bacterial spot,0,275,128,422
IMG_2684_JPG_jpg.rf.f7c61211defe3c97e5e07301132ecf64.jpg,640,640,Tomato leaf bacterial spot,205,115,302,218
IMG_2684_JPG_jpg.rf.f7c61211defe3c97e5e07301132ecf64.jpg,640,640,Tomato leaf bacterial spot,257,64,366,153
IMG_2684_JPG_jpg.rf.f7c61211defe3c97e5e07301132ecf64.jpg,640,640,Tomato leaf bacterial spot,308,416,435,590
earlyblight21__jpg.rf.d45cb5d25fd2d409b193fe55b95635b1.jpg,640,640,Tomato leaf mosaic virus,228,70,468,455
p1020083cs_jpg.rf.3827210158d0cab8773210714a6224e8.jpg,640,640,Tomato Early blight leaf,6,224,359,633
p1020083cs_jpg.rf.3827210158d0cab8773210714a6224e8.jpg,640,640,Tomato Early blight leaf,224,7,544,384
late_blight_tomato_leaf5x12001_jpg.rf.7e6ae3ef178edb4830d4d9a882b83cc8.jpg,640,640,Tomato leaf mosaic virus,141,89,554,633
earlyblight21_jpg.rf.abbead1e3cca45badd47f956b6290bd5.jpg,640,640,Tomato Early blight leaf,0,0,638,623
lateblightTom_lesion_jpg.rf.2d0f0122279a4cf80d2620e2edce566b.jpg,640,640,Tomato leaf yellow virus,233,280,473,606
5315825271570432-600x272-jpeg_jpg.rf.5ba61b36319a57c7a8d01d3f4453aa19.jpg,640,640,Tomato Septoria leaf spot,256,426,447,640
5315825271570432-600x272-jpeg_jpg.rf.5ba61b36319a57c7a8d01d3f4453aa19.jpg,640,640,Tomato Septoria leaf spot,416,392,622,639
5315825271570432-600x272-jpeg_jpg.rf.5ba61b36319a57c7a8d01d3f4453aa19.jpg,640,640,Tomato Septoria leaf spot,61,0,390,638
5315825271570432-600x272-jpeg_jpg.rf.5ba61b36319a57c7a8d01d3f4453aa19.jpg,640,640,Tomato Septoria leaf spot,420,23,634,406
tomato-leaves-9025906_jpg.rf.cb089834c555575bd8ed2eb3d0219d57.jpg,640,640,Tomato leaf bacterial spot,396,16,509,267
tomato-leaves-9025906_jpg.rf.cb089834c555575bd8ed2eb3d0219d57.jpg,640,640,Tomato leaf bacterial spot,310,52,385,309
tomato-leaves-9025906_jpg.rf.cb089834c555575bd8ed2eb3d0219d57.jpg,640,640,Tomato leaf bacterial spot,85,219,293,407
tomato-leaves-9025906_jpg.rf.cb089834c555575bd8ed2eb3d0219d57.jpg,640,640,Tomato leaf bacterial spot,264,301,391,547
tomato-leaves-9025906_jpg.rf.cb089834c555575bd8ed2eb3d0219d57.jpg,640,640,Tomato leaf bacterial spot,425,289,528,574
halleck_tomato_earlyblight__inline-half_jpg.rf.8f10c2de0602e94f4692eaf069d8327a.jpg,640,640,Tomato Early blight leaf,91,37,463,558
septoria-leaf-spota_jpg.rf.9b7ba77cb28fc17df3c0df489a7d368d.jpg,640,640,Tomato Septoria leaf spot,105,0,531,374
Septoria-Leaf-Spot_jpg.rf.33d63a842c545b495c98ab3b2058a2c6.jpg,640,640,Tomato Septoria leaf spot,76,160,295,269
Septoria-Leaf-Spot_jpg.rf.33d63a842c545b495c98ab3b2058a2c6.jpg,640,640,Tomato Septoria leaf spot,358,225,480,486
Septoria-Leaf-Spot_jpg.rf.33d63a842c545b495c98ab3b2058a2c6.jpg,640,640,Tomato Septoria leaf spot,198,275,391,615
Septoria-leaf-spot_jpg.rf.90f4d91a3b80229f388736ccbc88ac2b.jpg,640,640,Tomato Septoria leaf spot,81,1,638,472
Early_Blight_of_Tomato1687_jpg.rf.1ae5dfc97a85eeac134a4fcb5ea4ea1a.jpg,640,640,Tomato Early blight leaf,99,6,639,529
earlyblightresize_jpg.rf.981c06fa7c74e641d3cbd47f65e338cd.jpg,640,640,Tomato Early blight leaf,77,115,634,563
symptoms_of_late_blight_0_jpg.rf.96c4e5c7dba04cbf7b2d2172a9a4ed88.jpg,640,640,Tomato leaf mosaic virus,73,113,270,270
symptoms_of_late_blight_0_jpg.rf.96c4e5c7dba04cbf7b2d2172a9a4ed88.jpg,640,640,Tomato leaf mosaic virus,195,245,480,407
2013-08-20-04_jpg.rf.893a0ca30c76c82d00a8d2deb48bda63.jpg,640,640,Tomato leaf bacterial spot,370,383,452,565
2013-08-20-04_jpg.rf.893a0ca30c76c82d00a8d2deb48bda63.jpg,640,640,Tomato leaf bacterial spot,313,395,416,481
2013-08-20-04_jpg.rf.893a0ca30c76c82d00a8d2deb48bda63.jpg,640,640,Tomato leaf bacterial spot,396,363,479,429
2013-08-20-04_jpg.rf.893a0ca30c76c82d00a8d2deb48bda63.jpg,640,640,Tomato leaf bacterial spot,179,316,310,487
2013-08-20-04_jpg.rf.893a0ca30c76c82d00a8d2deb48bda63.jpg,640,640,Tomato leaf bacterial spot,91,279,202,390
2013-08-20-04_jpg.rf.893a0ca30c76c82d00a8d2deb48bda63.jpg,640,640,Tomato leaf bacterial spot,318,193,385,333
2013-08-20-04_jpg.rf.893a0ca30c76c82d00a8d2deb48bda63.jpg,640,640,Tomato leaf bacterial spot,214,121,325,301
2013-08-20-04_jpg.rf.893a0ca30c76c82d00a8d2deb48bda63.jpg,640,640,Tomato leaf bacterial spot,45,169,167,309
2013-08-20-04_jpg.rf.893a0ca30c76c82d00a8d2deb48bda63.jpg,640,640,Tomato leaf bacterial spot,152,129,234,296
2013-08-20-04_jpg.rf.893a0ca30c76c82d00a8d2deb48bda63.jpg,640,640,Tomato leaf bacterial spot,535,479,595,568
2013-08-20-04_jpg.rf.893a0ca30c76c82d00a8d2deb48bda63.jpg,640,640,Tomato leaf bacterial spot,438,480,538,591
2013-08-20-04_jpg.rf.893a0ca30c76c82d00a8d2deb48bda63.jpg,640,640,Tomato leaf bacterial spot,569,432,640,563
Tomato-Early-Blight-Leaves-Cornell-University_jpg.rf.30f8f337d500b09dc0fbe32724daa2ad.jpg,640,640,Tomato Early blight leaf,34,328,298,632
Tomato-Early-Blight-Leaves-Cornell-University_jpg.rf.30f8f337d500b09dc0fbe32724daa2ad.jpg,640,640,Tomato Early blight leaf,226,296,379,522
Tomato-Early-Blight-Leaves-Cornell-University_jpg.rf.30f8f337d500b09dc0fbe32724daa2ad.jpg,640,640,Tomato Early blight leaf,240,8,618,517
2010-jul-5-jul-9-03_jpg.rf.103214298bb5e7eb92bf0873abcf9620.jpg,640,640,Tomato Septoria leaf spot,277,32,606,266
2010-jul-5-jul-9-03_jpg.rf.103214298bb5e7eb92bf0873abcf9620.jpg,640,640,Tomato Septoria leaf spot,147,0,356,285
2010-jul-5-jul-9-03_jpg.rf.103214298bb5e7eb92bf0873abcf9620.jpg,640,640,Tomato Septoria leaf spot,0,295,312,619
tomato-yellow-leaf-curl-disease-260nw-1072448252_jpg.rf.b702ebec03ee2700a8bc29cb7025a465.jpg,640,640,Tomato leaf bacterial spot,463,259,514,376
tomato-yellow-leaf-curl-disease-260nw-1072448252_jpg.rf.b702ebec03ee2700a8bc29cb7025a465.jpg,640,640,Tomato leaf bacterial spot,232,171,323,254
tomato-yellow-leaf-curl-disease-260nw-1072448252_jpg.rf.b702ebec03ee2700a8bc29cb7025a465.jpg,640,640,Tomato leaf bacterial spot,188,216,280,270
tomato-yellow-leaf-curl-disease-260nw-1072448252_jpg.rf.b702ebec03ee2700a8bc29cb7025a465.jpg,640,640,Tomato leaf bacterial spot,189,368,257,439
tomato-yellow-leaf-curl-disease-260nw-1072448252_jpg.rf.b702ebec03ee2700a8bc29cb7025a465.jpg,640,640,Tomato leaf bacterial spot,128,343,214,439
tomato-yellow-leaf-curl-disease-260nw-1072448252_jpg.rf.b702ebec03ee2700a8bc29cb7025a465.jpg,640,640,Tomato leaf bacterial spot,225,277,317,375
tomato-leaves-9025906_jpg.rf.8770b7fce8ade1c6d3c7e6272e27dc29.jpg,640,640,Tomato leaf bacterial spot,363,0,503,258
tomato-leaves-9025906_jpg.rf.8770b7fce8ade1c6d3c7e6272e27dc29.jpg,640,640,Tomato leaf bacterial spot,282,46,383,309
tomato-leaves-9025906_jpg.rf.8770b7fce8ade1c6d3c7e6272e27dc29.jpg,640,640,Tomato leaf bacterial spot,75,222,303,431
tomato-leaves-9025906_jpg.rf.8770b7fce8ade1c6d3c7e6272e27dc29.jpg,640,640,Tomato leaf bacterial spot,262,293,415,552
tomato-leaves-9025906_jpg.rf.8770b7fce8ade1c6d3c7e6272e27dc29.jpg,640,640,Tomato leaf bacterial spot,421,268,554,562
tomato-leaves-9025906_jpg.rf.96a813c2e264c4dc49a2407239c203fb.jpg,640,640,Tomato leaf late blight,86,220,294,408
tomato-leaves-9025906_jpg.rf.96a813c2e264c4dc49a2407239c203fb.jpg,640,640,Tomato leaf late blight,311,52,385,308
tomato-leaves-9025906_jpg.rf.96a813c2e264c4dc49a2407239c203fb.jpg,640,640,Tomato leaf late blight,397,17,509,266
tomato-leaves-9025906_jpg.rf.96a813c2e264c4dc49a2407239c203fb.jpg,640,640,Tomato leaf late blight,426,289,528,574
tomato-leaves-9025906_jpg.rf.96a813c2e264c4dc49a2407239c203fb.jpg,640,640,Tomato leaf late blight,265,302,391,548
late_blight_tomato_leaf5x12001-650x305_jpg.rf.16c7900909fab2f32347e3ae380ff903.jpg,640,640,Tomato leaf mosaic virus,183,0,526,638
8226402877_9abf151b5b_b_jpg.rf.dde323776ffa2e6b5cfd9b2bc9a432d0.jpg,640,640,Tomato leaf,263,428,382,524
8226402877_9abf151b5b_b_jpg.rf.dde323776ffa2e6b5cfd9b2bc9a432d0.jpg,640,640,Tomato leaf,501,334,627,521
8226402877_9abf151b5b_b_jpg.rf.dde323776ffa2e6b5cfd9b2bc9a432d0.jpg,640,640,Tomato leaf,127,246,319,449
8226402877_9abf151b5b_b_jpg.rf.dde323776ffa2e6b5cfd9b2bc9a432d0.jpg,640,640,Tomato leaf,362,204,481,388
8226402877_9abf151b5b_b_jpg.rf.dde323776ffa2e6b5cfd9b2bc9a432d0.jpg,640,640,Tomato leaf,262,36,369,199
8226402609_62d16884a7_b_jpg.rf.00961438a4d3c146a42739467142353e.jpg,640,640,Tomato leaf bacterial spot,294,376,391,462
8226402609_62d16884a7_b_jpg.rf.00961438a4d3c146a42739467142353e.jpg,640,640,Tomato leaf bacterial spot,360,328,388,383
8226402609_62d16884a7_b_jpg.rf.00961438a4d3c146a42739467142353e.jpg,640,640,Tomato leaf bacterial spot,73,580,96,635
8226402609_62d16884a7_b_jpg.rf.00961438a4d3c146a42739467142353e.jpg,640,640,Tomato leaf bacterial spot,79,500,106,560
8226402609_62d16884a7_b_jpg.rf.00961438a4d3c146a42739467142353e.jpg,640,640,Tomato leaf bacterial spot,103,520,128,562
8226402609_62d16884a7_b_jpg.rf.00961438a4d3c146a42739467142353e.jpg,640,640,Tomato leaf bacterial spot,242,286,279,323
8226402609_62d16884a7_b_jpg.rf.00961438a4d3c146a42739467142353e.jpg,640,640,Tomato leaf bacterial spot,234,339,277,406
8226402609_62d16884a7_b_jpg.rf.00961438a4d3c146a42739467142353e.jpg,640,640,Tomato leaf bacterial spot,406,390,460,439
8226402609_62d16884a7_b_jpg.rf.00961438a4d3c146a42739467142353e.jpg,640,640,Tomato leaf bacterial spot,543,303,639,372
8226402609_62d16884a7_b_jpg.rf.00961438a4d3c146a42739467142353e.jpg,640,640,Tomato leaf bacterial spot,508,329,543,389
8226402609_62d16884a7_b_jpg.rf.00961438a4d3c146a42739467142353e.jpg,640,640,Tomato leaf bacterial spot,381,185,414,262
8226402609_62d16884a7_b_jpg.rf.00961438a4d3c146a42739467142353e.jpg,640,640,Tomato leaf bacterial spot,400,302,445,382
8226402609_62d16884a7_b_jpg.rf.00961438a4d3c146a42739467142353e.jpg,640,640,Tomato leaf bacterial spot,448,329,479,388
8226402609_62d16884a7_b_jpg.rf.00961438a4d3c146a42739467142353e.jpg,640,640,Tomato leaf bacterial spot,143,409,174,463
8226402609_62d16884a7_b_jpg.rf.00961438a4d3c146a42739467142353e.jpg,640,640,Tomato leaf bacterial spot,175,411,220,488
8226402609_62d16884a7_b_jpg.rf.00961438a4d3c146a42739467142353e.jpg,640,640,Tomato leaf bacterial spot,114,451,138,509
8226402609_62d16884a7_b_jpg.rf.00961438a4d3c146a42739467142353e.jpg,640,640,Tomato leaf bacterial spot,148,512,174,571
8226402609_62d16884a7_b_jpg.rf.00961438a4d3c146a42739467142353e.jpg,640,640,Tomato leaf bacterial spot,138,295,180,337
8226402609_62d16884a7_b_jpg.rf.00961438a4d3c146a42739467142353e.jpg,640,640,Tomato leaf bacterial spot,333,206,376,312
8226402609_62d16884a7_b_jpg.rf.00961438a4d3c146a42739467142353e.jpg,640,640,Tomato leaf bacterial spot,468,194,500,297
8226402609_62d16884a7_b_jpg.rf.00961438a4d3c146a42739467142353e.jpg,640,640,Tomato leaf bacterial spot,300,474,389,538
8226402609_62d16884a7_b_jpg.rf.00961438a4d3c146a42739467142353e.jpg,640,640,Tomato leaf bacterial spot,398,530,471,616
8226402609_62d16884a7_b_jpg.rf.00961438a4d3c146a42739467142353e.jpg,640,640,Tomato leaf bacterial spot,278,412,311,468
8226402609_62d16884a7_b_jpg.rf.00961438a4d3c146a42739467142353e.jpg,640,640,Tomato leaf bacterial spot,231,403,274,462
8226402609_62d16884a7_b_jpg.rf.00961438a4d3c146a42739467142353e.jpg,640,640,Tomato leaf bacterial spot,123,362,163,420
8226402609_62d16884a7_b_jpg.rf.00961438a4d3c146a42739467142353e.jpg,640,640,Tomato leaf bacterial spot,140,216,183,282
8226402609_62d16884a7_b_jpg.rf.00961438a4d3c146a42739467142353e.jpg,640,640,Tomato leaf bacterial spot,160,166,208,249
8226402609_62d16884a7_b_jpg.rf.00961438a4d3c146a42739467142353e.jpg,640,640,Tomato leaf bacterial spot,15,282,91,409
8226402609_62d16884a7_b_jpg.rf.00961438a4d3c146a42739467142353e.jpg,640,640,Tomato leaf bacterial spot,0,432,66,546
8226402609_62d16884a7_b_jpg.rf.00961438a4d3c146a42739467142353e.jpg,640,640,Tomato leaf bacterial spot,171,554,277,634
8226402609_62d16884a7_b_jpg.rf.00961438a4d3c146a42739467142353e.jpg,640,640,Tomato leaf bacterial spot,205,469,300,569
8226402609_62d16884a7_b_jpg.rf.00961438a4d3c146a42739467142353e.jpg,640,640,Tomato leaf bacterial spot,243,468,288,537
OLU13_jpg.rf.b1ca3b14e2f22915c19bc0b02cba1cb6.jpg,640,640,Tomato mold leaf,39,0,205,109
OLU13_jpg.rf.b1ca3b14e2f22915c19bc0b02cba1cb6.jpg,640,640,Tomato mold leaf,212,0,372,148
OLU13_jpg.rf.b1ca3b14e2f22915c19bc0b02cba1cb6.jpg,640,640,Tomato mold leaf,371,518,480,634
OLU13_jpg.rf.b1ca3b14e2f22915c19bc0b02cba1cb6.jpg,640,640,Tomato mold leaf,141,166,487,480
my-plant-has-brown-spots-leaf-spot-and-canker-on-dogwood_jpg.rf.d19f149b0d86f606988fbd7b6bf3c247.jpg,640,640,Tomato leaf mosaic virus,282,39,589,308
my-plant-has-brown-spots-leaf-spot-and-canker-on-dogwood_jpg.rf.d19f149b0d86f606988fbd7b6bf3c247.jpg,640,640,Tomato leaf mosaic virus,19,96,499,422
Septoria_Leaf_Spot_of_Tomato187_jpg.rf.c4b89ed542c1c1ca4affc22ac97c0273.jpg,640,640,Tomato Septoria leaf spot,2,42,629,631
Septoria_Leaf_Spot_of_Tomato187_jpg.rf.c4b89ed542c1c1ca4affc22ac97c0273.jpg,640,640,Tomato Septoria leaf spot,441,13,637,199
septoria-lycopersici-ascomycota-common-fungal-leaf-disease-of-tomato-picture-id128110611_jpg.rf.dbc58a7d89183a3040f2bff8ae055525.jpg,640,640,Tomato Septoria leaf spot,13,63,570,595
Septoria-Tomato_jpg.rf.2800cf0dd6ad4a7be9ad4580ebbf8852.jpg,640,640,Tomato Septoria leaf spot,0,2,300,282
Septoria-Tomato_jpg.rf.2800cf0dd6ad4a7be9ad4580ebbf8852.jpg,640,640,Tomato Septoria leaf spot,31,314,263,638
Septoria-Tomato_jpg.rf.2800cf0dd6ad4a7be9ad4580ebbf8852.jpg,640,640,Tomato Septoria leaf spot,242,362,333,473
Septoria-Tomato_jpg.rf.2800cf0dd6ad4a7be9ad4580ebbf8852.jpg,640,640,Tomato Septoria leaf spot,309,200,597,562
Septoria-Tomato_jpg.rf.2800cf0dd6ad4a7be9ad4580ebbf8852.jpg,640,640,Tomato Septoria leaf spot,309,125,477,269
Early_blight_on_tomato_leaves_-7871930010-_jpg.rf.ee31d3f23b0b6fddcb35c2855886856e.jpg,640,640,Tomato Early blight leaf,19,183,386,499
Early_blight_on_tomato_leaves_-7871930010-_jpg.rf.ee31d3f23b0b6fddcb35c2855886856e.jpg,640,640,Tomato Early blight leaf,384,230,640,515
early-blight-of-tomato-tomato-1_jpg.rf.7cc1328ae8d9622e3be6041a4e6b2d72.jpg,640,640,Tomato Early blight leaf,0,108,462,395
Early_Blight_of_Tomato177_jpg.rf.9415733eb04f237b5b7b1c2f3e2f2e7c.jpg,640,640,Tomato Early blight leaf,0,0,638,637
FS547-4-big_jpg.rf.a9af945f2dcbc18eb87674ab0c0f9231.jpg,640,640,Tomato leaf mosaic virus,83,25,551,558
20140818-tomato-sauce-vicky-wasik-1_jpg.rf.18d55d8bd3361b7aa20e4b2c8f8929e8.jpg,640,640,Tomato leaf bacterial spot,74,149,308,306
20140818-tomato-sauce-vicky-wasik-1_jpg.rf.18d55d8bd3361b7aa20e4b2c8f8929e8.jpg,640,640,Tomato leaf bacterial spot,479,202,636,426
20140818-tomato-sauce-vicky-wasik-1_jpg.rf.18d55d8bd3361b7aa20e4b2c8f8929e8.jpg,640,640,Tomato leaf bacterial spot,88,302,325,626
2195890_jpg.rf.7769654edf4f13aa0806ff97349bde33.jpg,640,640,Tomato mold leaf,140,0,306,178
2195890_jpg.rf.7769654edf4f13aa0806ff97349bde33.jpg,640,640,Tomato mold leaf,295,160,384,320
2195890_jpg.rf.7769654edf4f13aa0806ff97349bde33.jpg,640,640,Tomato mold leaf,231,410,435,621
2195890_jpg.rf.7769654edf4f13aa0806ff97349bde33.jpg,640,640,Tomato mold leaf,518,333,634,449
2195890_jpg.rf.7769654edf4f13aa0806ff97349bde33.jpg,640,640,Tomato mold leaf,492,473,634,621
2195890_jpg.rf.7769654edf4f13aa0806ff97349bde33.jpg,640,640,Tomato mold leaf,403,261,486,397
2195890_jpg.rf.7769654edf4f13aa0806ff97349bde33.jpg,640,640,Tomato mold leaf,0,128,166,302
2195890_jpg.rf.7769654edf4f13aa0806ff97349bde33.jpg,640,640,Tomato mold leaf,161,173,262,256
2195890_jpg.rf.7769654edf4f13aa0806ff97349bde33.jpg,640,640,Tomato mold leaf,64,294,230,518
2013-08-20-04_jpg.rf.0b069a28386f8bd7d864ac1d7c6a5e8d.jpg,640,640,Tomato leaf late blight,230,45,282,219
2013-08-20-04_jpg.rf.0b069a28386f8bd7d864ac1d7c6a5e8d.jpg,640,640,Tomato leaf late blight,179,198,256,250
2013-08-20-04_jpg.rf.0b069a28386f8bd7d864ac1d7c6a5e8d.jpg,640,640,Tomato leaf late blight,249,160,346,231
2013-08-20-04_jpg.rf.0b069a28386f8bd7d864ac1d7c6a5e8d.jpg,640,640,Tomato leaf late blight,256,307,301,442
2013-08-20-04_jpg.rf.0b069a28386f8bd7d864ac1d7c6a5e8d.jpg,640,640,Tomato leaf late blight,307,353,390,519
2013-08-20-04_jpg.rf.0b069a28386f8bd7d864ac1d7c6a5e8d.jpg,640,640,Tomato leaf late blight,396,372,455,532
2013-08-20-04_jpg.rf.0b069a28386f8bd7d864ac1d7c6a5e8d.jpg,640,640,Tomato leaf late blight,448,288,545,384
2013-08-20-04_jpg.rf.0b069a28386f8bd7d864ac1d7c6a5e8d.jpg,640,640,Tomato leaf late blight,467,378,570,499
2013-08-20-04_jpg.rf.0b069a28386f8bd7d864ac1d7c6a5e8d.jpg,640,640,Tomato leaf late blight,358,173,460,333
2010-jul-5-jul-9-03_jpg.rf.71fbf46289d79e913d69b8a2149aad1d.jpg,640,640,Tomato Septoria leaf spot,89,389,436,640
2010-jul-5-jul-9-03_jpg.rf.71fbf46289d79e913d69b8a2149aad1d.jpg,640,640,Tomato Septoria leaf spot,327,315,565,629
2010-jul-5-jul-9-03_jpg.rf.71fbf46289d79e913d69b8a2149aad1d.jpg,640,640,Tomato Septoria leaf spot,260,0,626,311
lateblightTom_lesion_jpg.rf.e6e6e5118b80ec2749f502a6679c912f.jpg,640,640,Tomato leaf mosaic virus,166,33,414,378
Late-blight-tomato-leaf-VikramBisht-MBag_jpg.rf.a932fdc16052b20f606b7acd130e8327.jpg,640,640,Tomato leaf mosaic virus,182,263,408,457
Late-blight-tomato-leaf-VikramBisht-MBag_jpg.rf.a932fdc16052b20f606b7acd130e8327.jpg,640,640,Tomato leaf mosaic virus,152,446,370,640
lateblightTom_lesion_jpg.rf.79734b7f6bb8b8f99b2f7d4ad2cf119f.jpg,640,640,Tomato leaf mosaic virus,161,15,452,390
late-blight-tomato-leaf_jpg.rf.db7a33d792ab889f7614f14f81a588ec.jpg,640,640,Tomato leaf mosaic virus,240,166,445,423
Tomato_Blight_Leaves_JPG_jpg.rf.cef469ab1d810c8f67b2ddfc4d2acedc.jpg,640,640,Tomato leaf yellow virus,80,2,245,216
Tomato_Blight_Leaves_JPG_jpg.rf.cef469ab1d810c8f67b2ddfc4d2acedc.jpg,640,640,Tomato leaf yellow virus,257,169,337,326
Tomato_Blight_Leaves_JPG_jpg.rf.cef469ab1d810c8f67b2ddfc4d2acedc.jpg,640,640,Tomato leaf yellow virus,553,291,639,518
Tomato_Blight_Leaves_JPG_jpg.rf.cef469ab1d810c8f67b2ddfc4d2acedc.jpg,640,640,Tomato leaf yellow virus,333,200,493,302
Tomato_Blight_Leaves_JPG_jpg.rf.cef469ab1d810c8f67b2ddfc4d2acedc.jpg,640,640,Tomato leaf yellow virus,236,379,379,639
Tomato_leaf_jpg.rf.47350c45e1959f9484a909f9feb1d63a.jpg,640,640,Tomato leaf late blight,12,6,634,634
5146_jpg.rf.1b5252f886198dc203dec722a4ce5393.jpg,640,640,Tomato leaf bacterial spot,374,497,638,638
5146_jpg.rf.1b5252f886198dc203dec722a4ce5393.jpg,640,640,Tomato leaf bacterial spot,129,456,342,567
5146_jpg.rf.1b5252f886198dc203dec722a4ce5393.jpg,640,640,Tomato leaf bacterial spot,23,342,285,499
5146_jpg.rf.1b5252f886198dc203dec722a4ce5393.jpg,640,640,Tomato leaf bacterial spot,205,91,440,260
5146_jpg.rf.1b5252f886198dc203dec722a4ce5393.jpg,640,640,Tomato leaf bacterial spot,368,246,609,400
Leaf-2Bspot-2B1000_jpg.rf.74e29ad33226a14d91b3bf51bb71bdf0.jpg,640,640,Tomato Septoria leaf spot,57,42,511,546
8227475116_0d40e8f21c_b_jpg.rf.cf4f31a624709acfe6b80ffa1bcc96e3.jpg,640,640,Tomato leaf bacterial spot,208,254,294,292
8227475116_0d40e8f21c_b_jpg.rf.cf4f31a624709acfe6b80ffa1bcc96e3.jpg,640,640,Tomato leaf bacterial spot,14,109,88,177
8227475116_0d40e8f21c_b_jpg.rf.cf4f31a624709acfe6b80ffa1bcc96e3.jpg,640,640,Tomato leaf bacterial spot,254,148,358,202
8227475116_0d40e8f21c_b_jpg.rf.cf4f31a624709acfe6b80ffa1bcc96e3.jpg,640,640,Tomato leaf bacterial spot,385,483,442,551
8227475116_0d40e8f21c_b_jpg.rf.cf4f31a624709acfe6b80ffa1bcc96e3.jpg,640,640,Tomato leaf bacterial spot,352,266,406,331
8227475116_0d40e8f21c_b_jpg.rf.cf4f31a624709acfe6b80ffa1bcc96e3.jpg,640,640,Tomato leaf bacterial spot,315,39,428,162
8227475116_0d40e8f21c_b_jpg.rf.cf4f31a624709acfe6b80ffa1bcc96e3.jpg,640,640,Tomato leaf bacterial spot,371,148,520,211
8227475116_0d40e8f21c_b_jpg.rf.cf4f31a624709acfe6b80ffa1bcc96e3.jpg,640,640,Tomato leaf bacterial spot,398,295,557,334
8227475116_0d40e8f21c_b_jpg.rf.cf4f31a624709acfe6b80ffa1bcc96e3.jpg,640,640,Tomato leaf bacterial spot,259,389,359,451
8227475116_0d40e8f21c_b_jpg.rf.cf4f31a624709acfe6b80ffa1bcc96e3.jpg,640,640,Tomato leaf bacterial spot,259,458,430,520
8227475116_0d40e8f21c_b_jpg.rf.cf4f31a624709acfe6b80ffa1bcc96e3.jpg,640,640,Tomato leaf bacterial spot,120,501,246,574
8227475116_0d40e8f21c_b_jpg.rf.cf4f31a624709acfe6b80ffa1bcc96e3.jpg,640,640,Tomato leaf bacterial spot,438,420,491,486
8227475116_0d40e8f21c_b_jpg.rf.cf4f31a624709acfe6b80ffa1bcc96e3.jpg,640,640,Tomato leaf bacterial spot,548,323,637,391
8227475116_0d40e8f21c_b_jpg.rf.cf4f31a624709acfe6b80ffa1bcc96e3.jpg,640,640,Tomato leaf bacterial spot,502,405,566,486
8227475116_0d40e8f21c_b_jpg.rf.cf4f31a624709acfe6b80ffa1bcc96e3.jpg,640,640,Tomato leaf bacterial spot,438,311,540,395
late_blight_tomato_leaf5x12001_jpg.rf.cd60b00b89b3177927ed4dbae1ceec54.jpg,640,640,Tomato leaf mosaic virus,180,28,498,521
IMG_0020_jpg.rf.3150cadef2b430ef618830239ca52234.jpg,640,640,Tomato leaf mosaic virus,117,18,361,290
late_blight_tomato_leaf5x12001_jpg.rf.92bc5249bf1207657eca7b6c4e0b602a.jpg,640,640,Tomato leaf mosaic virus,172,117,500,615
bact-spot-fig-1_jpg.rf.c6a9e47dde99124dd0ba62fb87ef99d5.jpg,640,640,Tomato leaf mosaic virus,26,103,583,449
OLU13_jpg.rf.738fef656b291b0e800e2bafdaaf4d51.jpg,640,640,Tomato mold leaf,123,140,503,492
OLU13_jpg.rf.738fef656b291b0e800e2bafdaaf4d51.jpg,640,640,Tomato mold leaf,17,477,180,625
late-blight-tom-leaf_jpg.rf.3cedc6c00eb637f333732f55797a12e9.jpg,640,640,Tomato leaf yellow virus,139,442,379,623
late-blight-tom-leaf_jpg.rf.3cedc6c00eb637f333732f55797a12e9.jpg,640,640,Tomato leaf yellow virus,212,273,486,470
late-blight-tom-leaf_jpg.rf.3cedc6c00eb637f333732f55797a12e9.jpg,640,640,Tomato leaf yellow virus,363,115,639,354
septoria_tom_seedlings5x1200_jpg.rf.0d85bafdabb07a010c6b74bd8c5e0803.jpg,640,640,Tomato Septoria leaf spot,11,380,618,638
septoria_tom_seedlings5x1200_jpg.rf.0d85bafdabb07a010c6b74bd8c5e0803.jpg,640,640,Tomato Septoria leaf spot,0,186,528,583
septoria_tom_seedlings5x1200_jpg.rf.0d85bafdabb07a010c6b74bd8c5e0803.jpg,640,640,Tomato Septoria leaf spot,30,14,639,405
septoria-leafspot-on-tomato-leaf-rp-c_jpg.rf.c89424277653e18789b0c70b2487843b.jpg,640,640,Tomato Septoria leaf spot,0,0,638,638
septoria-tomato_jpg.rf.e3858f4255a667d9eda57a57013121a0.jpg,640,640,Tomato Septoria leaf spot,71,45,237,614
septoria-tomato_jpg.rf.e3858f4255a667d9eda57a57013121a0.jpg,640,640,Tomato Septoria leaf spot,275,83,634,634
septoria-leafspot-on-tomato-leaf-rp-c_jpg.rf.3bd5b897045e45834b6b916e63983e4b.jpg,640,640,Tomato Septoria leaf spot,0,0,638,638
earlyblight21__jpg.rf.5f21a28e486a2c36e0a653b75aac15b6.jpg,640,640,Tomato leaf mosaic virus,203,64,443,448
earlyblight21__jpg.rf.13498cb29f3961d455b9eed30139653f.jpg,640,640,Tomato leaf mosaic virus,227,69,431,443
Early_Blight_of_Tomato1687_jpg.rf.8f87a0221eca3ffa074e1bbf0aef2b66.jpg,640,640,Tomato Early blight leaf,89,3,640,557
Early_Blight_of_Tomato1687_jpg.rf.8f87a0221eca3ffa074e1bbf0aef2b66.jpg,640,640,Tomato Early blight leaf,42,315,320,640
TC3_jpg.rf.7129ed85dbd61d40bbd93b89b54a9aa9.jpg,640,640,Tomato leaf late blight,0,67,638,638
gardening-moisture-lateblight-tomato-leaf_jpg.rf.5c0a728e19de07d13e448719f62c0d2e.jpg,640,640,Tomato leaf yellow virus,45,39,589,628
28018723549_3a16c1467b_b_jpg.rf.037a6b49060f1051d28c9a6848fa64bb.jpg,640,640,Tomato Septoria leaf spot,357,178,548,480
28018723549_3a16c1467b_b_jpg.rf.037a6b49060f1051d28c9a6848fa64bb.jpg,640,640,Tomato Septoria leaf spot,135,263,383,577
2013-08-20-04_jpg.rf.77b7437dc6f62b6c61b949dce5a16408.jpg,640,640,Tomato leaf bacterial spot,360,395,418,574
2013-08-20-04_jpg.rf.77b7437dc6f62b6c61b949dce5a16408.jpg,640,640,Tomato leaf bacterial spot,300,406,394,480
2013-08-20-04_jpg.rf.77b7437dc6f62b6c61b949dce5a16408.jpg,640,640,Tomato leaf bacterial spot,388,383,465,440
2013-08-20-04_jpg.rf.77b7437dc6f62b6c61b949dce5a16408.jpg,640,640,Tomato leaf bacterial spot,178,311,289,469
2013-08-20-04_jpg.rf.77b7437dc6f62b6c61b949dce5a16408.jpg,640,640,Tomato leaf bacterial spot,96,260,196,358
2013-08-20-04_jpg.rf.77b7437dc6f62b6c61b949dce5a16408.jpg,640,640,Tomato leaf bacterial spot,334,199,385,336
2013-08-20-04_jpg.rf.77b7437dc6f62b6c61b949dce5a16408.jpg,640,640,Tomato leaf bacterial spot,240,119,329,290
2013-08-20-04_jpg.rf.77b7437dc6f62b6c61b949dce5a16408.jpg,640,640,Tomato leaf bacterial spot,68,147,172,275
2013-08-20-04_jpg.rf.77b7437dc6f62b6c61b949dce5a16408.jpg,640,640,Tomato leaf bacterial spot,179,115,239,276
2013-08-20-04_jpg.rf.77b7437dc6f62b6c61b949dce5a16408.jpg,640,640,Tomato leaf bacterial spot,510,513,559,598
2013-08-20-04_jpg.rf.77b7437dc6f62b6c61b949dce5a16408.jpg,640,640,Tomato leaf bacterial spot,413,505,499,607
2013-08-20-04_jpg.rf.77b7437dc6f62b6c61b949dce5a16408.jpg,640,640,Tomato leaf bacterial spot,549,477,628,598
28619919393_7ef44acccc_b_jpg.rf.298ffb9e7dead3fdd3756b5bc1210695.jpg,640,640,Tomato leaf,156,117,210,145
28619919393_7ef44acccc_b_jpg.rf.298ffb9e7dead3fdd3756b5bc1210695.jpg,640,640,Tomato leaf,344,74,398,111
28619919393_7ef44acccc_b_jpg.rf.298ffb9e7dead3fdd3756b5bc1210695.jpg,640,640,Tomato leaf,43,148,100,202
28619919393_7ef44acccc_b_jpg.rf.298ffb9e7dead3fdd3756b5bc1210695.jpg,640,640,Tomato leaf,2,177,46,208
28619919393_7ef44acccc_b_jpg.rf.298ffb9e7dead3fdd3756b5bc1210695.jpg,640,640,Tomato leaf,348,103,400,128
28619919393_7ef44acccc_b_jpg.rf.298ffb9e7dead3fdd3756b5bc1210695.jpg,640,640,Tomato leaf,171,163,204,189
28619919393_7ef44acccc_b_jpg.rf.298ffb9e7dead3fdd3756b5bc1210695.jpg,640,640,Tomato leaf,353,123,401,165
28619919393_7ef44acccc_b_jpg.rf.298ffb9e7dead3fdd3756b5bc1210695.jpg,640,640,Tomato leaf,391,127,443,171
28619919393_7ef44acccc_b_jpg.rf.298ffb9e7dead3fdd3756b5bc1210695.jpg,640,640,Tomato leaf,0,223,37,262
28619919393_7ef44acccc_b_jpg.rf.298ffb9e7dead3fdd3756b5bc1210695.jpg,640,640,Tomato leaf,337,153,388,184
28619919393_7ef44acccc_b_jpg.rf.298ffb9e7dead3fdd3756b5bc1210695.jpg,640,640,Tomato leaf,198,197,240,226
28619919393_7ef44acccc_b_jpg.rf.298ffb9e7dead3fdd3756b5bc1210695.jpg,640,640,Tomato leaf,109,223,168,254
28619919393_7ef44acccc_b_jpg.rf.298ffb9e7dead3fdd3756b5bc1210695.jpg,640,640,Tomato leaf,282,191,319,226
28619919393_7ef44acccc_b_jpg.rf.298ffb9e7dead3fdd3756b5bc1210695.jpg,640,640,Tomato leaf,247,209,281,240
28619919393_7ef44acccc_b_jpg.rf.298ffb9e7dead3fdd3756b5bc1210695.jpg,640,640,Tomato leaf,315,195,363,223
28619919393_7ef44acccc_b_jpg.rf.298ffb9e7dead3fdd3756b5bc1210695.jpg,640,640,Tomato leaf,298,217,339,246
28619919393_7ef44acccc_b_jpg.rf.298ffb9e7dead3fdd3756b5bc1210695.jpg,640,640,Tomato leaf,427,189,475,217
28619919393_7ef44acccc_b_jpg.rf.298ffb9e7dead3fdd3756b5bc1210695.jpg,640,640,Tomato leaf,111,255,162,303
28619919393_7ef44acccc_b_jpg.rf.298ffb9e7dead3fdd3756b5bc1210695.jpg,640,640,Tomato leaf,362,213,396,249
28619919393_7ef44acccc_b_jpg.rf.298ffb9e7dead3fdd3756b5bc1210695.jpg,640,640,Tomato leaf,338,237,375,269
28619919393_7ef44acccc_b_jpg.rf.298ffb9e7dead3fdd3756b5bc1210695.jpg,640,640,Tomato leaf,144,279,204,312
28619919393_7ef44acccc_b_jpg.rf.298ffb9e7dead3fdd3756b5bc1210695.jpg,640,640,Tomato leaf,45,299,113,346
28619919393_7ef44acccc_b_jpg.rf.298ffb9e7dead3fdd3756b5bc1210695.jpg,640,640,Tomato leaf,224,275,268,309
28619919393_7ef44acccc_b_jpg.rf.298ffb9e7dead3fdd3756b5bc1210695.jpg,640,640,Tomato leaf,266,270,326,305
28619919393_7ef44acccc_b_jpg.rf.298ffb9e7dead3fdd3756b5bc1210695.jpg,640,640,Tomato leaf,206,299,262,332
28619919393_7ef44acccc_b_jpg.rf.298ffb9e7dead3fdd3756b5bc1210695.jpg,640,640,Tomato leaf,259,292,330,326
28619919393_7ef44acccc_b_jpg.rf.298ffb9e7dead3fdd3756b5bc1210695.jpg,640,640,Tomato leaf,423,246,506,297
28619919393_7ef44acccc_b_jpg.rf.298ffb9e7dead3fdd3756b5bc1210695.jpg,640,640,Tomato leaf,343,272,417,314
28619919393_7ef44acccc_b_jpg.rf.298ffb9e7dead3fdd3756b5bc1210695.jpg,640,640,Tomato leaf,72,341,136,377
28619919393_7ef44acccc_b_jpg.rf.298ffb9e7dead3fdd3756b5bc1210695.jpg,640,640,Tomato leaf,516,255,556,309
28619919393_7ef44acccc_b_jpg.rf.298ffb9e7dead3fdd3756b5bc1210695.jpg,640,640,Tomato leaf,395,299,472,346
28619919393_7ef44acccc_b_jpg.rf.298ffb9e7dead3fdd3756b5bc1210695.jpg,640,640,Tomato leaf,301,335,352,362
28619919393_7ef44acccc_b_jpg.rf.298ffb9e7dead3fdd3756b5bc1210695.jpg,640,640,Tomato leaf,71,385,124,421
28619919393_7ef44acccc_b_jpg.rf.298ffb9e7dead3fdd3756b5bc1210695.jpg,640,640,Tomato leaf,250,355,313,386
28619919393_7ef44acccc_b_jpg.rf.298ffb9e7dead3fdd3756b5bc1210695.jpg,640,640,Tomato leaf,378,323,449,366
28619919393_7ef44acccc_b_jpg.rf.298ffb9e7dead3fdd3756b5bc1210695.jpg,640,640,Tomato leaf,65,410,145,452
28619919393_7ef44acccc_b_jpg.rf.298ffb9e7dead3fdd3756b5bc1210695.jpg,640,640,Tomato leaf,171,53,205,93
28619919393_7ef44acccc_b_jpg.rf.298ffb9e7dead3fdd3756b5bc1210695.jpg,640,640,Tomato leaf,339,19,385,59
28619919393_7ef44acccc_b_jpg.rf.298ffb9e7dead3fdd3756b5bc1210695.jpg,640,640,Tomato leaf,0,110,26,142
28619919393_7ef44acccc_b_jpg.rf.298ffb9e7dead3fdd3756b5bc1210695.jpg,640,640,Tomato leaf,26,96,89,136
28619919393_7ef44acccc_b_jpg.rf.298ffb9e7dead3fdd3756b5bc1210695.jpg,640,640,Tomato leaf,222,59,260,92
28619919393_7ef44acccc_b_jpg.rf.298ffb9e7dead3fdd3756b5bc1210695.jpg,640,640,Tomato leaf,373,52,418,88
tomato-mosaic-virus-disease-on-260nw-625499777_jpg.rf.317ed8395d4f55ffef4217e716c2dcf9.jpg,640,640,Tomato leaf,442,455,583,582
tomato-mosaic-virus-disease-on-260nw-625499777_jpg.rf.317ed8395d4f55ffef4217e716c2dcf9.jpg,640,640,Tomato leaf,442,308,545,480
tomato-mosaic-virus-disease-on-260nw-625499777_jpg.rf.317ed8395d4f55ffef4217e716c2dcf9.jpg,640,640,Tomato leaf,18,249,237,468
tomato-mosaic-virus-disease-on-260nw-625499777_jpg.rf.317ed8395d4f55ffef4217e716c2dcf9.jpg,640,640,Tomato leaf,410,25,532,230
tomato-mosaic-virus-disease-on-260nw-625499777_jpg.rf.317ed8395d4f55ffef4217e716c2dcf9.jpg,640,640,Tomato leaf,371,173,429,250
tomato-mosaic-virus-disease-on-260nw-625499777_jpg.rf.317ed8395d4f55ffef4217e716c2dcf9.jpg,640,640,Tomato leaf,377,263,441,372
tomato-mosaic-virus-disease-on-260nw-625499777_jpg.rf.317ed8395d4f55ffef4217e716c2dcf9.jpg,640,640,Tomato leaf,166,83,314,275
tomato-mosaic-virus-disease-on-260nw-625499777_jpg.rf.317ed8395d4f55ffef4217e716c2dcf9.jpg,640,640,Tomato leaf,243,282,379,486
IMG_2436w_jpg.rf.e58fe0db0901a2c336eec56e791e25b6.jpg,640,640,Tomato Early blight leaf,139,53,483,433
Tom_Bact7_jpg.rf.60f31378a9944c2672a5be5430fcea3c.jpg,640,640,Tomato leaf mosaic virus,97,365,186,512
Tom_Bact7_jpg.rf.60f31378a9944c2672a5be5430fcea3c.jpg,640,640,Tomato leaf mosaic virus,192,378,391,633
Tom_Bact7_jpg.rf.60f31378a9944c2672a5be5430fcea3c.jpg,640,640,Tomato leaf mosaic virus,282,205,589,454
Tom_Bact7_jpg.rf.60f31378a9944c2672a5be5430fcea3c.jpg,640,640,Tomato leaf mosaic virus,237,141,480,295
Tom_Bact7_jpg.rf.60f31378a9944c2672a5be5430fcea3c.jpg,640,640,Tomato leaf mosaic virus,103,13,346,282
Pest2371_jpg.rf.eacda262e82df5b7563024450246cf27.jpg,640,640,Tomato leaf mosaic virus,51,8,534,634
tomato-leaf-spot-septoria-lycopersici-on-a-tomato-leaflet-acg9j5_jpg.rf.590d8c5a37db2bd64a013fab4e1a9d24.jpg,640,640,Tomato Septoria leaf spot,104,0,538,589
5086-early_jpg.rf.dd741ffb348565ff0391c5ffab78cd54.jpg,640,640,Tomato Early blight leaf,115,51,609,589
tomato-leaves_jpg.rf.0e44048ef3d846f1dcfdcc7c115631c4.jpg,640,640,Tomato leaf bacterial spot,273,361,439,574
tomato-leaves_jpg.rf.0e44048ef3d846f1dcfdcc7c115631c4.jpg,640,640,Tomato leaf bacterial spot,457,60,638,369
tomato-leaves_jpg.rf.0e44048ef3d846f1dcfdcc7c115631c4.jpg,640,640,Tomato leaf bacterial spot,290,87,467,425
tomato-leaves_jpg.rf.0e44048ef3d846f1dcfdcc7c115631c4.jpg,640,640,Tomato leaf bacterial spot,6,127,309,447
8-Virus-Damaged-foliage-at-top-versus-healthy-non-infected-bottom-foliage_jpg.rf.e3e296a3285e3edc9adc8b74a4ee64ed.jpg,640,640,Tomato leaf,373,99,467,173
8-Virus-Damaged-foliage-at-top-versus-healthy-non-infected-bottom-foliage_jpg.rf.e3e296a3285e3edc9adc8b74a4ee64ed.jpg,640,640,Tomato leaf,141,60,188,131
8-Virus-Damaged-foliage-at-top-versus-healthy-non-infected-bottom-foliage_jpg.rf.e3e296a3285e3edc9adc8b74a4ee64ed.jpg,640,640,Tomato leaf,265,141,314,190
8-Virus-Damaged-foliage-at-top-versus-healthy-non-infected-bottom-foliage_jpg.rf.e3e296a3285e3edc9adc8b74a4ee64ed.jpg,640,640,Tomato leaf,100,114,143,163
8-Virus-Damaged-foliage-at-top-versus-healthy-non-infected-bottom-foliage_jpg.rf.e3e296a3285e3edc9adc8b74a4ee64ed.jpg,640,640,Tomato leaf,359,179,404,218
8-Virus-Damaged-foliage-at-top-versus-healthy-non-infected-bottom-foliage_jpg.rf.e3e296a3285e3edc9adc8b74a4ee64ed.jpg,640,640,Tomato leaf,231,163,278,220
8-Virus-Damaged-foliage-at-top-versus-healthy-non-infected-bottom-foliage_jpg.rf.e3e296a3285e3edc9adc8b74a4ee64ed.jpg,640,640,Tomato leaf,261,180,333,249
8-Virus-Damaged-foliage-at-top-versus-healthy-non-infected-bottom-foliage_jpg.rf.e3e296a3285e3edc9adc8b74a4ee64ed.jpg,640,640,Tomato leaf,336,209,416,273
8-Virus-Damaged-foliage-at-top-versus-healthy-non-infected-bottom-foliage_jpg.rf.e3e296a3285e3edc9adc8b74a4ee64ed.jpg,640,640,Tomato leaf,46,165,100,236
8-Virus-Damaged-foliage-at-top-versus-healthy-non-infected-bottom-foliage_jpg.rf.e3e296a3285e3edc9adc8b74a4ee64ed.jpg,640,640,Tomato leaf,56,241,101,288
8-Virus-Damaged-foliage-at-top-versus-healthy-non-infected-bottom-foliage_jpg.rf.e3e296a3285e3edc9adc8b74a4ee64ed.jpg,640,640,Tomato leaf,195,253,267,353
8-Virus-Damaged-foliage-at-top-versus-healthy-non-infected-bottom-foliage_jpg.rf.e3e296a3285e3edc9adc8b74a4ee64ed.jpg,640,640,Tomato leaf,282,299,336,350
8-Virus-Damaged-foliage-at-top-versus-healthy-non-infected-bottom-foliage_jpg.rf.e3e296a3285e3edc9adc8b74a4ee64ed.jpg,640,640,Tomato leaf,39,282,73,320
8-Virus-Damaged-foliage-at-top-versus-healthy-non-infected-bottom-foliage_jpg.rf.e3e296a3285e3edc9adc8b74a4ee64ed.jpg,640,640,Tomato leaf,135,296,177,353
8-Virus-Damaged-foliage-at-top-versus-healthy-non-infected-bottom-foliage_jpg.rf.e3e296a3285e3edc9adc8b74a4ee64ed.jpg,640,640,Tomato leaf,28,308,85,360
8-Virus-Damaged-foliage-at-top-versus-healthy-non-infected-bottom-foliage_jpg.rf.e3e296a3285e3edc9adc8b74a4ee64ed.jpg,640,640,Tomato leaf,244,390,304,468
8-Virus-Damaged-foliage-at-top-versus-healthy-non-infected-bottom-foliage_jpg.rf.e3e296a3285e3edc9adc8b74a4ee64ed.jpg,640,640,Tomato leaf,140,393,235,484
8-Virus-Damaged-foliage-at-top-versus-healthy-non-infected-bottom-foliage_jpg.rf.e3e296a3285e3edc9adc8b74a4ee64ed.jpg,640,640,Tomato leaf,0,390,132,501
late_blight_tomato_leaf5x12001_jpg.rf.d32371bd0d0871e23c4943f5cdd43fee.jpg,640,640,Tomato leaf yellow virus,13,6,602,634
bacterial-20leaf-20spot_jpg.rf.0532cfad169c2f57b163ab5717301371.jpg,640,640,Tomato leaf mosaic virus,283,398,402,614
bacterial-20leaf-20spot_jpg.rf.0532cfad169c2f57b163ab5717301371.jpg,640,640,Tomato leaf mosaic virus,94,280,301,626
bacterial-20leaf-20spot_jpg.rf.0532cfad169c2f57b163ab5717301371.jpg,640,640,Tomato leaf mosaic virus,400,323,569,623
bacterial-20leaf-20spot_jpg.rf.0532cfad169c2f57b163ab5717301371.jpg,640,640,Tomato leaf mosaic virus,414,5,621,368
photo-9_jpg.rf.227562b43e0b9d5af6a098333ffe93b1.jpg,640,640,Tomato leaf yellow virus,137,51,543,634
bacterialSpeck03510339f27656b-1scmgh1_jpg.rf.76989e3a1324a85563bf31020af0aeab.jpg,640,640,Tomato leaf late blight,57,25,232,250
bacterialSpeck03510339f27656b-1scmgh1_jpg.rf.76989e3a1324a85563bf31020af0aeab.jpg,640,640,Tomato leaf late blight,188,4,343,301
bacterialSpeck03510339f27656b-1scmgh1_jpg.rf.76989e3a1324a85563bf31020af0aeab.jpg,640,640,Tomato leaf late blight,365,156,445,312
bacterialSpeck03510339f27656b-1scmgh1_jpg.rf.76989e3a1324a85563bf31020af0aeab.jpg,640,640,Tomato leaf late blight,439,393,519,456
bacterialSpeck03510339f27656b-1scmgh1_jpg.rf.76989e3a1324a85563bf31020af0aeab.jpg,640,640,Tomato leaf late blight,370,329,456,513
bacterialSpeck03510339f27656b-1scmgh1_jpg.rf.76989e3a1324a85563bf31020af0aeab.jpg,640,640,Tomato leaf late blight,184,329,370,636
bacterialSpeck03510339f27656b-1scmgh1_jpg.rf.76989e3a1324a85563bf31020af0aeab.jpg,640,640,Tomato leaf late blight,84,361,222,582
bacterialSpeck03510339f27656b-1scmgh1_jpg.rf.76989e3a1324a85563bf31020af0aeab.jpg,640,640,Tomato leaf late blight,503,23,640,226
Late_Blight_2_jpg.rf.686b4df6ef67b889c2e9d040d1206fd4.jpg,640,640,Tomato leaf mosaic virus,54,239,306,423
septoria2_600px_jpg.rf.9a5f1b62e068d7a39e44fab76dbbcdb8.jpg,640,640,Tomato Septoria leaf spot,228,1,412,264
septoria2_600px_jpg.rf.9a5f1b62e068d7a39e44fab76dbbcdb8.jpg,640,640,Tomato Septoria leaf spot,477,0,623,228
septoria2_600px_jpg.rf.9a5f1b62e068d7a39e44fab76dbbcdb8.jpg,640,640,Tomato Septoria leaf spot,1,68,384,449
septoria2_600px_jpg.rf.9a5f1b62e068d7a39e44fab76dbbcdb8.jpg,640,640,Tomato Septoria leaf spot,477,282,614,456
septoria2_600px_jpg.rf.9a5f1b62e068d7a39e44fab76dbbcdb8.jpg,640,640,Tomato Septoria leaf spot,266,269,569,640
septoria2_600px_jpg.rf.9a5f1b62e068d7a39e44fab76dbbcdb8.jpg,640,640,Tomato Septoria leaf spot,552,354,639,581
symptoms_of_late_blight_0_jpg.rf.27f024d3807c62408478ad710ee15362.jpg,640,640,Tomato leaf mosaic virus,380,126,591,303
symptoms_of_late_blight_0_jpg.rf.27f024d3807c62408478ad710ee15362.jpg,640,640,Tomato leaf mosaic virus,153,226,450,422
2013-08-20-03_jpg.rf.25bc5900c95fff28197c644e5fd7879f.jpg,640,640,Tomato leaf late blight,302,379,380,553
2013-08-20-03_jpg.rf.25bc5900c95fff28197c644e5fd7879f.jpg,640,640,Tomato leaf late blight,325,339,434,428
2013-08-20-03_jpg.rf.25bc5900c95fff28197c644e5fd7879f.jpg,640,640,Tomato leaf late blight,208,334,325,458
tomato-late-blight-phytophthora-infestans-lesions-and-damage-on-tomato-bh3w9j_jpg.rf.daaddf867fbec2c190a0bb30e164ba28.jpg,640,640,Tomato leaf yellow virus,118,326,580,617
tomato-late-blight-phytophthora-infestans-lesions-and-damage-on-tomato-bh3w9j_jpg.rf.daaddf867fbec2c190a0bb30e164ba28.jpg,640,640,Tomato leaf yellow virus,72,54,583,391
20100816earlyblight_jpg.rf.86a223842c67b8edb9f1ec8f6a7e736c.jpg,640,640,Tomato Early blight leaf,153,152,478,586
tomato-mosaic-virus-disease-on-260nw-625499777_jpg.rf.722ef6ed3ca899e8ecd75e88c49f1c73.jpg,640,640,Tomato leaf,442,456,582,585
tomato-mosaic-virus-disease-on-260nw-625499777_jpg.rf.722ef6ed3ca899e8ecd75e88c49f1c73.jpg,640,640,Tomato leaf,443,309,546,482
tomato-mosaic-virus-disease-on-260nw-625499777_jpg.rf.722ef6ed3ca899e8ecd75e88c49f1c73.jpg,640,640,Tomato leaf,22,251,240,466
tomato-mosaic-virus-disease-on-260nw-625499777_jpg.rf.722ef6ed3ca899e8ecd75e88c49f1c73.jpg,640,640,Tomato leaf,408,28,531,231
tomato-mosaic-virus-disease-on-260nw-625499777_jpg.rf.722ef6ed3ca899e8ecd75e88c49f1c73.jpg,640,640,Tomato leaf,372,171,428,251
tomato-mosaic-virus-disease-on-260nw-625499777_jpg.rf.722ef6ed3ca899e8ecd75e88c49f1c73.jpg,640,640,Tomato leaf,379,265,439,372
tomato-mosaic-virus-disease-on-260nw-625499777_jpg.rf.722ef6ed3ca899e8ecd75e88c49f1c73.jpg,640,640,Tomato leaf,165,85,316,272
tomato-mosaic-virus-disease-on-260nw-625499777_jpg.rf.722ef6ed3ca899e8ecd75e88c49f1c73.jpg,640,640,Tomato leaf,245,283,379,486
lateblightTom_lesion_jpg.rf.bc03f1f31492306a0149a090aa595d44.jpg,640,640,Tomato leaf yellow virus,231,282,474,608
tomato_early-blight_03_zoom_jpg.rf.20a7922f5df34c1eb1d3f9d5f0f99c59.jpg,640,640,Tomato Early blight leaf,225,177,376,505
tomato_early-blight_03_zoom_jpg.rf.20a7922f5df34c1eb1d3f9d5f0f99c59.jpg,640,640,Tomato Early blight leaf,260,1,518,374
tomato_early-blight_03_zoom_jpg.rf.20a7922f5df34c1eb1d3f9d5f0f99c59.jpg,640,640,Tomato Early blight leaf,160,376,302,622
tylcv-seminar-1-638_jpg.rf.5d4638c3a28be812ce6a98195b3285c9.jpg,640,640,Tomato leaf bacterial spot,33,365,110,436
tylcv-seminar-1-638_jpg.rf.5d4638c3a28be812ce6a98195b3285c9.jpg,640,640,Tomato leaf bacterial spot,135,332,224,397
tylcv-seminar-1-638_jpg.rf.5d4638c3a28be812ce6a98195b3285c9.jpg,640,640,Tomato leaf bacterial spot,76,218,129,333
tylcv-seminar-1-638_jpg.rf.5d4638c3a28be812ce6a98195b3285c9.jpg,640,640,Tomato leaf bacterial spot,448,429,563,532
tylcv-seminar-1-638_jpg.rf.5d4638c3a28be812ce6a98195b3285c9.jpg,640,640,Tomato leaf bacterial spot,428,313,544,416
5315825271570432_jpeg_jpg.rf.fb5502367711cf6ddfaf7db441cc4f70.jpg,640,640,Tomato Septoria leaf spot,152,157,380,295
5315825271570432_jpeg_jpg.rf.fb5502367711cf6ddfaf7db441cc4f70.jpg,640,640,Tomato Septoria leaf spot,466,419,592,476
5315825271570432_jpeg_jpg.rf.fb5502367711cf6ddfaf7db441cc4f70.jpg,640,640,Tomato Septoria leaf spot,282,125,566,448
5315825271570432_jpeg_jpg.rf.fb5502367711cf6ddfaf7db441cc4f70.jpg,640,640,Tomato Septoria leaf spot,157,482,605,599
5315825271570432_jpeg_jpg.rf.fb5502367711cf6ddfaf7db441cc4f70.jpg,640,640,Tomato Septoria leaf spot,160,443,355,506
5315825271570432_jpeg_jpg.rf.fb5502367711cf6ddfaf7db441cc4f70.jpg,640,640,Tomato Septoria leaf spot,52,300,240,403
5086-early_jpg.rf.9a29844b5fb056ebb00db4e83fdc6f4a.jpg,640,640,Tomato Early blight leaf,36,61,376,581
tomato-yellow-leaf-curl-virus-pdf-78kb_jpg.rf.75ae5ba1535f962c6fc3de3c69df2004.jpg,640,640,Tomato leaf bacterial spot,386,400,434,463
tomato-yellow-leaf-curl-virus-pdf-78kb_jpg.rf.75ae5ba1535f962c6fc3de3c69df2004.jpg,640,640,Tomato leaf bacterial spot,460,392,540,503
tomato-yellow-leaf-curl-virus-pdf-78kb_jpg.rf.75ae5ba1535f962c6fc3de3c69df2004.jpg,640,640,Tomato leaf bacterial spot,343,243,394,331
tomato-yellow-leaf-curl-virus-pdf-78kb_jpg.rf.75ae5ba1535f962c6fc3de3c69df2004.jpg,640,640,Tomato leaf bacterial spot,457,193,537,296
tomato-yellow-leaf-curl-virus-pdf-78kb_jpg.rf.75ae5ba1535f962c6fc3de3c69df2004.jpg,640,640,Tomato leaf bacterial spot,409,154,471,232
tomato-yellow-leaf-curl-virus-pdf-78kb_jpg.rf.75ae5ba1535f962c6fc3de3c69df2004.jpg,640,640,Tomato leaf bacterial spot,388,243,431,311
BacterialSpot06_jpg.rf.15c30925e29fa2b3f1bae2e2358232f9.jpg,640,640,Tomato leaf mosaic virus,277,331,317,494
BacterialSpot06_jpg.rf.15c30925e29fa2b3f1bae2e2358232f9.jpg,640,640,Tomato leaf mosaic virus,157,352,194,446
BacterialSpot06_jpg.rf.15c30925e29fa2b3f1bae2e2358232f9.jpg,640,640,Tomato leaf mosaic virus,42,288,79,452
BacterialSpot06_jpg.rf.15c30925e29fa2b3f1bae2e2358232f9.jpg,640,640,Tomato leaf mosaic virus,183,108,222,135
BacterialSpot06_jpg.rf.15c30925e29fa2b3f1bae2e2358232f9.jpg,640,640,Tomato leaf mosaic virus,550,380,616,566
BacterialSpot06_jpg.rf.15c30925e29fa2b3f1bae2e2358232f9.jpg,640,640,Tomato leaf mosaic virus,560,234,592,314
BacterialSpot06_jpg.rf.15c30925e29fa2b3f1bae2e2358232f9.jpg,640,640,Tomato leaf mosaic virus,448,375,483,491
BacterialSpot06_jpg.rf.15c30925e29fa2b3f1bae2e2358232f9.jpg,640,640,Tomato leaf mosaic virus,431,467,480,536
BacterialSpot06_jpg.rf.15c30925e29fa2b3f1bae2e2358232f9.jpg,640,640,Tomato leaf mosaic virus,478,491,514,611
BacterialSpot06_jpg.rf.15c30925e29fa2b3f1bae2e2358232f9.jpg,640,640,Tomato leaf mosaic virus,405,236,471,385
BacterialSpot06_jpg.rf.15c30925e29fa2b3f1bae2e2358232f9.jpg,640,640,Tomato leaf mosaic virus,540,382,571,500
BacterialSpot06_jpg.rf.15c30925e29fa2b3f1bae2e2358232f9.jpg,640,640,Tomato leaf mosaic virus,451,202,498,306
BacterialSpot06_jpg.rf.15c30925e29fa2b3f1bae2e2358232f9.jpg,640,640,Tomato leaf mosaic virus,71,168,112,248
BacterialSpot06_jpg.rf.15c30925e29fa2b3f1bae2e2358232f9.jpg,640,640,Tomato leaf mosaic virus,262,216,303,359
BacterialSpot06_jpg.rf.15c30925e29fa2b3f1bae2e2358232f9.jpg,640,640,Tomato leaf mosaic virus,213,311,262,445
BacterialSpot06_jpg.rf.15c30925e29fa2b3f1bae2e2358232f9.jpg,640,640,Tomato leaf mosaic virus,534,312,612,400
BacterialSpot06_jpg.rf.15c30925e29fa2b3f1bae2e2358232f9.jpg,640,640,Tomato leaf mosaic virus,363,186,417,308
b54d0e40027ff5e90e8ba7e1e9abf9bd_jpg.rf.45965e15b9c05fb89a8cab66554a9c2b.jpg,640,640,Tomato Septoria leaf spot,3,145,548,623
lb2_jpg.rf.19ea7dac267b55fb67c2563540603eff.jpg,640,640,Tomato leaf mosaic virus,96,1,247,287
lb2_jpg.rf.19ea7dac267b55fb67c2563540603eff.jpg,640,640,Tomato leaf mosaic virus,277,75,425,284
lb2_jpg.rf.19ea7dac267b55fb67c2563540603eff.jpg,640,640,Tomato leaf mosaic virus,292,385,556,631
lb2_jpg.rf.19ea7dac267b55fb67c2563540603eff.jpg,640,640,Tomato leaf mosaic virus,443,2,640,193
gray-leaf-spot-300x225_jpg.rf.ca960b3a71189bb3f0502200500ff881.jpg,640,640,Tomato mold leaf,462,239,628,405
gray-leaf-spot-300x225_jpg.rf.ca960b3a71189bb3f0502200500ff881.jpg,640,640,Tomato mold leaf,2,426,149,631
gray-leaf-spot-300x225_jpg.rf.ca960b3a71189bb3f0502200500ff881.jpg,640,640,Tomato mold leaf,162,66,443,392
gray-leaf-spot-300x225_jpg.rf.ca960b3a71189bb3f0502200500ff881.jpg,640,640,Tomato mold leaf,71,54,217,452
05-069f1_jpg.rf.4cb799d33ebedc3644d4dd5d56632e9e.jpg,640,640,Tomato leaf mosaic virus,85,46,514,523
symptoms_of_late_blight_jpg2__0_jpg.rf.8a28fb08a1aea65d011149eeac282eb2.jpg,640,640,Tomato leaf yellow virus,0,5,634,639
tomato-late-blight-conn-2015-139rcs_jpg.rf.9e7a32c449c60389ece5271d432c88fe.jpg,640,640,Tomato leaf mosaic virus,295,318,599,550
tomato-late-blight-conn-2015-139rcs_jpg.rf.9e7a32c449c60389ece5271d432c88fe.jpg,640,640,Tomato leaf mosaic virus,243,152,465,309
2010-jul-5-jul-9-03_jpg.rf.2dd9c16f1811a04f10dc0f0e48dc9fc1.jpg,640,640,Tomato Septoria leaf spot,269,38,576,237
2010-jul-5-jul-9-03_jpg.rf.2dd9c16f1811a04f10dc0f0e48dc9fc1.jpg,640,640,Tomato Septoria leaf spot,141,6,321,288
2010-jul-5-jul-9-03_jpg.rf.2dd9c16f1811a04f10dc0f0e48dc9fc1.jpg,640,640,Tomato Septoria leaf spot,0,365,249,614
illustration-thematique-urbino-fig5-plante-20tylcv_jpg.rf.5dfbf2e6476de77d437ecb4f8e0afa68.jpg,640,640,Tomato leaf,368,101,417,141
illustration-thematique-urbino-fig5-plante-20tylcv_jpg.rf.5dfbf2e6476de77d437ecb4f8e0afa68.jpg,640,640,Tomato leaf,189,169,226,206
illustration-thematique-urbino-fig5-plante-20tylcv_jpg.rf.5dfbf2e6476de77d437ecb4f8e0afa68.jpg,640,640,Tomato leaf,196,210,239,284
illustration-thematique-urbino-fig5-plante-20tylcv_jpg.rf.5dfbf2e6476de77d437ecb4f8e0afa68.jpg,640,640,Tomato leaf,224,249,279,313
illustration-thematique-urbino-fig5-plante-20tylcv_jpg.rf.5dfbf2e6476de77d437ecb4f8e0afa68.jpg,640,640,Tomato leaf,320,268,378,324
illustration-thematique-urbino-fig5-plante-20tylcv_jpg.rf.5dfbf2e6476de77d437ecb4f8e0afa68.jpg,640,640,Tomato leaf,569,288,640,366
illustration-thematique-urbino-fig5-plante-20tylcv_jpg.rf.5dfbf2e6476de77d437ecb4f8e0afa68.jpg,640,640,Tomato leaf,266,333,314,398
illustration-thematique-urbino-fig5-plante-20tylcv_jpg.rf.5dfbf2e6476de77d437ecb4f8e0afa68.jpg,640,640,Tomato leaf,348,352,422,437
illustration-thematique-urbino-fig5-plante-20tylcv_jpg.rf.5dfbf2e6476de77d437ecb4f8e0afa68.jpg,640,640,Tomato leaf,552,347,630,418
illustration-thematique-urbino-fig5-plante-20tylcv_jpg.rf.5dfbf2e6476de77d437ecb4f8e0afa68.jpg,640,640,Tomato leaf,301,390,358,498
illustration-thematique-urbino-fig5-plante-20tylcv_jpg.rf.5dfbf2e6476de77d437ecb4f8e0afa68.jpg,640,640,Tomato leaf,278,503,321,545
illustration-thematique-urbino-fig5-plante-20tylcv_jpg.rf.5dfbf2e6476de77d437ecb4f8e0afa68.jpg,640,640,Tomato leaf,275,544,316,575
illustration-thematique-urbino-fig5-plante-20tylcv_jpg.rf.5dfbf2e6476de77d437ecb4f8e0afa68.jpg,640,640,Tomato leaf,275,559,315,616
illustration-thematique-urbino-fig5-plante-20tylcv_jpg.rf.5dfbf2e6476de77d437ecb4f8e0afa68.jpg,640,640,Tomato leaf,333,54,373,129
lateblight2_jpg.rf.9c44c174c1846ed54b5f327e284735f9.jpg,640,640,Tomato leaf mosaic virus,215,169,438,426
tomatoseptorialeafspotjpg-788d20798a3c74e7_jpg.rf.9bc3d419b91ae5a883d759ecd277e279.jpg,640,640,Tomato Septoria leaf spot,26,37,565,589
top-leaf-mold-Fulva-fulvea-WN_jpg.rf.dfe29dd09294d6ccb350a93c74186b96.jpg,640,640,Tomato mold leaf,117,134,611,509
110822-206-Tomato-blight_jpg.rf.3517c3caa76bcf637ce4956f26a25b52.jpg,640,640,Tomato leaf yellow virus,33,6,596,545
5315825271570432-jpeg_jpg.rf.a951465988e67ad61b09f4ca8ae88a33.jpg,640,640,Tomato Septoria leaf spot,152,343,385,489
5315825271570432-jpeg_jpg.rf.a951465988e67ad61b09f4ca8ae88a33.jpg,640,640,Tomato Septoria leaf spot,276,185,572,517
5315825271570432-jpeg_jpg.rf.a951465988e67ad61b09f4ca8ae88a33.jpg,640,640,Tomato Septoria leaf spot,49,241,240,350
5315825271570432-jpeg_jpg.rf.a951465988e67ad61b09f4ca8ae88a33.jpg,640,640,Tomato Septoria leaf spot,469,155,580,218
5315825271570432-jpeg_jpg.rf.a951465988e67ad61b09f4ca8ae88a33.jpg,640,640,Tomato Septoria leaf spot,153,134,350,205
5315825271570432-jpeg_jpg.rf.a951465988e67ad61b09f4ca8ae88a33.jpg,640,640,Tomato Septoria leaf spot,146,32,599,166
early_blight_spots_l_jpg.rf.ee15374041300668007b76825deb2720.jpg,640,640,Tomato Early blight leaf,0,137,638,583
5315825271570432-jpeg_jpg.rf.66e3a4888232ad407451120f630a5d2c.jpg,640,640,Tomato Septoria leaf spot,245,140,485,302
5315825271570432-jpeg_jpg.rf.66e3a4888232ad407451120f630a5d2c.jpg,640,640,Tomato Septoria leaf spot,56,121,373,472
5315825271570432-jpeg_jpg.rf.66e3a4888232ad407451120f630a5d2c.jpg,640,640,Tomato Septoria leaf spot,398,272,596,393
5315825271570432-jpeg_jpg.rf.66e3a4888232ad407451120f630a5d2c.jpg,640,640,Tomato Septoria leaf spot,69,433,183,502
5315825271570432-jpeg_jpg.rf.66e3a4888232ad407451120f630a5d2c.jpg,640,640,Tomato Septoria leaf spot,298,424,500,507
5315825271570432-jpeg_jpg.rf.66e3a4888232ad407451120f630a5d2c.jpg,640,640,Tomato Septoria leaf spot,55,462,513,627
Leaf-2Bsymptoms-2BMDA_jpg.rf.cd0c11be86b2266213165d11b154a863.jpg,640,640,Tomato leaf mosaic virus,333,109,544,480
Leaf-2Bsymptoms-2BMDA_jpg.rf.cd0c11be86b2266213165d11b154a863.jpg,640,640,Tomato leaf mosaic virus,192,218,474,615
Leaf-2Bsymptoms-2BMDA_jpg.rf.cd0c11be86b2266213165d11b154a863.jpg,640,640,Tomato leaf mosaic virus,13,19,295,404
LateBlt09_06_jpg.rf.29475290365dfe60aa8affbc7d9f2e1e.jpg,640,640,Tomato leaf yellow virus,180,115,423,634
image233_jpg.rf.bfa1ae045906f8d60874f848a9afcc46.jpg,640,640,Tomato mold leaf,162,42,433,205
image233_jpg.rf.bfa1ae045906f8d60874f848a9afcc46.jpg,640,640,Tomato mold leaf,163,188,614,528
Tomato59_JPG_jpg.rf.fc919f4e821228b1f24f20eed980063b.jpg,640,640,Tomato leaf late blight,372,102,461,276
Tomato59_JPG_jpg.rf.fc919f4e821228b1f24f20eed980063b.jpg,640,640,Tomato leaf late blight,57,154,237,281
Tomato59_JPG_jpg.rf.fc919f4e821228b1f24f20eed980063b.jpg,640,640,Tomato leaf late blight,467,89,564,243
Tomato59_JPG_jpg.rf.fc919f4e821228b1f24f20eed980063b.jpg,640,640,Tomato leaf late blight,205,83,249,172
Tomato59_JPG_jpg.rf.fc919f4e821228b1f24f20eed980063b.jpg,640,640,Tomato leaf late blight,153,109,224,173
Tomato59_JPG_jpg.rf.fc919f4e821228b1f24f20eed980063b.jpg,640,640,Tomato leaf late blight,467,498,588,634
Tomato59_JPG_jpg.rf.fc919f4e821228b1f24f20eed980063b.jpg,640,640,Tomato leaf late blight,403,454,492,634
Tomato59_JPG_jpg.rf.fc919f4e821228b1f24f20eed980063b.jpg,640,640,Tomato leaf late blight,90,358,199,416
Tomato59_JPG_jpg.rf.fc919f4e821228b1f24f20eed980063b.jpg,640,640,Tomato leaf late blight,192,422,320,493
Tomato59_JPG_jpg.rf.fc919f4e821228b1f24f20eed980063b.jpg,640,640,Tomato leaf late blight,249,499,365,621
web1_copy_early-blight-6-_0_jpg.rf.91348443635edc2056c740ebef9b7df1.jpg,640,640,Tomato Early blight leaf,17,71,480,615
IMG_2684_JPG_jpg.rf.f623a510a433e429e06f65a59d7fbbd7.jpg,640,640,Tomato leaf bacterial spot,319,312,422,405
IMG_2684_JPG_jpg.rf.f623a510a433e429e06f65a59d7fbbd7.jpg,640,640,Tomato leaf bacterial spot,427,428,596,531
IMG_2684_JPG_jpg.rf.f623a510a433e429e06f65a59d7fbbd7.jpg,640,640,Tomato leaf bacterial spot,0,274,126,421
IMG_2684_JPG_jpg.rf.f623a510a433e429e06f65a59d7fbbd7.jpg,640,640,Tomato leaf bacterial spot,205,112,302,220
IMG_2684_JPG_jpg.rf.f623a510a433e429e06f65a59d7fbbd7.jpg,640,640,Tomato leaf bacterial spot,257,65,368,151
IMG_2684_JPG_jpg.rf.f623a510a433e429e06f65a59d7fbbd7.jpg,640,640,Tomato leaf bacterial spot,305,416,437,587
wd0phb4_jpg.rf.081386078424a595d90adb34d27a70b9.jpg,640,640,Tomato leaf yellow virus,35,36,443,630
tomato-leaves_jpg.rf.2308b8ab969e18613f1c76d2c4d11962.jpg,640,640,Tomato leaf bacterial spot,267,67,422,275
tomato-leaves_jpg.rf.2308b8ab969e18613f1c76d2c4d11962.jpg,640,640,Tomato leaf bacterial spot,473,257,639,563
tomato-leaves_jpg.rf.2308b8ab969e18613f1c76d2c4d11962.jpg,640,640,Tomato leaf bacterial spot,305,210,461,548
tomato-leaves_jpg.rf.2308b8ab969e18613f1c76d2c4d11962.jpg,640,640,Tomato leaf bacterial spot,17,212,306,518
TC3_jpg.rf.5f1bd408fd3196772e4018d1bb753713.jpg,640,640,Tomato leaf late blight,0,93,631,639
MPC105550_jpg_rendition_largest_550_jpg.rf.c2fd7b9c6c9421b02c8e4a00eb3b5a92.jpg,640,640,Tomato Septoria leaf spot,105,143,237,257
MPC105550_jpg_rendition_largest_550_jpg.rf.c2fd7b9c6c9421b02c8e4a00eb3b5a92.jpg,640,640,Tomato Septoria leaf spot,152,175,265,323
MPC105550_jpg_rendition_largest_550_jpg.rf.c2fd7b9c6c9421b02c8e4a00eb3b5a92.jpg,640,640,Tomato Septoria leaf spot,194,233,298,399
534ddf3a932e62dd929a3ac1b29bfa29_jpg.rf.aa45b05fbf42a99447a1b9356e17b76c.jpg,640,640,Tomato leaf,256,90,416,235
534ddf3a932e62dd929a3ac1b29bfa29_jpg.rf.aa45b05fbf42a99447a1b9356e17b76c.jpg,640,640,Tomato leaf,20,133,211,262
534ddf3a932e62dd929a3ac1b29bfa29_jpg.rf.aa45b05fbf42a99447a1b9356e17b76c.jpg,640,640,Tomato leaf,379,197,456,306
534ddf3a932e62dd929a3ac1b29bfa29_jpg.rf.aa45b05fbf42a99447a1b9356e17b76c.jpg,640,640,Tomato leaf,426,209,523,316
534ddf3a932e62dd929a3ac1b29bfa29_jpg.rf.aa45b05fbf42a99447a1b9356e17b76c.jpg,640,640,Tomato leaf,489,194,640,341
534ddf3a932e62dd929a3ac1b29bfa29_jpg.rf.aa45b05fbf42a99447a1b9356e17b76c.jpg,640,640,Tomato leaf,268,257,397,385
534ddf3a932e62dd929a3ac1b29bfa29_jpg.rf.aa45b05fbf42a99447a1b9356e17b76c.jpg,640,640,Tomato leaf,171,289,262,433
534ddf3a932e62dd929a3ac1b29bfa29_jpg.rf.aa45b05fbf42a99447a1b9356e17b76c.jpg,640,640,Tomato leaf,31,301,158,488
534ddf3a932e62dd929a3ac1b29bfa29_jpg.rf.aa45b05fbf42a99447a1b9356e17b76c.jpg,640,640,Tomato leaf,415,361,515,605
534ddf3a932e62dd929a3ac1b29bfa29_jpg.rf.aa45b05fbf42a99447a1b9356e17b76c.jpg,640,640,Tomato leaf,304,441,436,639
534ddf3a932e62dd929a3ac1b29bfa29_jpg.rf.aa45b05fbf42a99447a1b9356e17b76c.jpg,640,640,Tomato leaf,112,16,226,156
Septoria-Tomato_jpg.rf.7927aa0e907c2ed0cb51e67cb05cf95c.jpg,640,640,Tomato Septoria leaf spot,284,373,624,639
Septoria-Tomato_jpg.rf.7927aa0e907c2ed0cb51e67cb05cf95c.jpg,640,640,Tomato Septoria leaf spot,128,340,321,514
Septoria-Tomato_jpg.rf.7927aa0e907c2ed0cb51e67cb05cf95c.jpg,640,640,Tomato Septoria leaf spot,25,52,350,437
Septoria-Tomato_jpg.rf.7927aa0e907c2ed0cb51e67cb05cf95c.jpg,640,640,Tomato Septoria leaf spot,317,169,426,293
Septoria-Tomato_jpg.rf.7927aa0e907c2ed0cb51e67cb05cf95c.jpg,640,640,Tomato Septoria leaf spot,375,17,639,381
TC3_jpg.rf.e0cc125f0fdb2f86d543d5b15218bef8.jpg,640,640,Tomato leaf late blight,0,76,637,639
Tom_Bact3_jpg.rf.e235f1ee6f36071bd1804ad90d6d5ce0.jpg,640,640,Tomato leaf mosaic virus,76,19,250,633
tomato-leaves_jpg.rf.938497d8bc393aa090e1b053953c5877.jpg,640,640,Tomato leaf bacterial spot,268,373,406,570
tomato-leaves_jpg.rf.938497d8bc393aa090e1b053953c5877.jpg,640,640,Tomato leaf bacterial spot,0,150,138,449
tomato-leaves_jpg.rf.938497d8bc393aa090e1b053953c5877.jpg,640,640,Tomato leaf bacterial spot,183,114,306,448
tomato-leaves_jpg.rf.938497d8bc393aa090e1b053953c5877.jpg,640,640,Tomato leaf bacterial spot,329,92,593,376
tomato-leaves-9025906_jpg.rf.c8c8aca034d86935ece7b95ae1432c83.jpg,640,640,Tomato leaf late blight,82,218,295,410
tomato-leaves-9025906_jpg.rf.c8c8aca034d86935ece7b95ae1432c83.jpg,640,640,Tomato leaf late blight,313,51,384,308
tomato-leaves-9025906_jpg.rf.c8c8aca034d86935ece7b95ae1432c83.jpg,640,640,Tomato leaf late blight,397,20,512,269
tomato-leaves-9025906_jpg.rf.c8c8aca034d86935ece7b95ae1432c83.jpg,640,640,Tomato leaf late blight,429,289,532,576
tomato-leaves-9025906_jpg.rf.c8c8aca034d86935ece7b95ae1432c83.jpg,640,640,Tomato leaf late blight,262,301,390,544
OLU13_jpg.rf.b62b95f47172f05aed7dbc1d4e738d65.jpg,640,640,Tomato mold leaf,40,0,202,111
OLU13_jpg.rf.b62b95f47172f05aed7dbc1d4e738d65.jpg,640,640,Tomato mold leaf,211,0,374,149
OLU13_jpg.rf.b62b95f47172f05aed7dbc1d4e738d65.jpg,640,640,Tomato mold leaf,372,519,483,639
OLU13_jpg.rf.b62b95f47172f05aed7dbc1d4e738d65.jpg,640,640,Tomato mold leaf,139,165,486,482
depositphotos_7182856-stock-photo-tomato-leaf_jpg.rf.61542f5a3721197ca182e65f0f2675fe.jpg,640,640,Tomato leaf bacterial spot,108,42,269,249
depositphotos_7182856-stock-photo-tomato-leaf_jpg.rf.61542f5a3721197ca182e65f0f2675fe.jpg,640,640,Tomato leaf bacterial spot,206,66,389,300
depositphotos_7182856-stock-photo-tomato-leaf_jpg.rf.61542f5a3721197ca182e65f0f2675fe.jpg,640,640,Tomato leaf bacterial spot,325,123,467,303
depositphotos_7182856-stock-photo-tomato-leaf_jpg.rf.61542f5a3721197ca182e65f0f2675fe.jpg,640,640,Tomato leaf bacterial spot,387,169,636,386
depositphotos_7182856-stock-photo-tomato-leaf_jpg.rf.61542f5a3721197ca182e65f0f2675fe.jpg,640,640,Tomato leaf bacterial spot,310,297,445,498
depositphotos_7182856-stock-photo-tomato-leaf_jpg.rf.61542f5a3721197ca182e65f0f2675fe.jpg,640,640,Tomato leaf bacterial spot,71,299,255,519
depositphotos_7182856-stock-photo-tomato-leaf_jpg.rf.61542f5a3721197ca182e65f0f2675fe.jpg,640,640,Tomato leaf bacterial spot,171,324,285,584
FS547-4-big_jpg.rf.f494340153c85e0fb395bb52a5b0392f.jpg,640,640,Tomato leaf mosaic virus,82,27,551,556
2014-08-27-2B-2BCloser-2BView-2Bof-2BSeptoria-2BLeaf-2BSpot_jpg.rf.57feaf23a5ca126689a922f91f71a360.jpg,640,640,Tomato Septoria leaf spot,161,352,262,455
2014-08-27-2B-2BCloser-2BView-2Bof-2BSeptoria-2BLeaf-2BSpot_jpg.rf.57feaf23a5ca126689a922f91f71a360.jpg,640,640,Tomato Septoria leaf spot,0,422,192,576
2014-08-27-2B-2BCloser-2BView-2Bof-2BSeptoria-2BLeaf-2BSpot_jpg.rf.57feaf23a5ca126689a922f91f71a360.jpg,640,640,Tomato Septoria leaf spot,410,359,621,513
2014-08-27-2B-2BCloser-2BView-2Bof-2BSeptoria-2BLeaf-2BSpot_jpg.rf.57feaf23a5ca126689a922f91f71a360.jpg,640,640,Tomato Septoria leaf spot,301,288,416,346
2014-08-27-2B-2BCloser-2BView-2Bof-2BSeptoria-2BLeaf-2BSpot_jpg.rf.57feaf23a5ca126689a922f91f71a360.jpg,640,640,Tomato Septoria leaf spot,320,340,403,423
2014-08-27-2B-2BCloser-2BView-2Bof-2BSeptoria-2BLeaf-2BSpot_jpg.rf.57feaf23a5ca126689a922f91f71a360.jpg,640,640,Tomato Septoria leaf spot,160,313,255,384
septoria2_600px_jpg.rf.4ed9654f05855ff7a202cdde93b67c84.jpg,640,640,Tomato Septoria leaf spot,534,431,638,638
septoria2_600px_jpg.rf.4ed9654f05855ff7a202cdde93b67c84.jpg,640,640,Tomato Septoria leaf spot,556,5,639,279
septoria2_600px_jpg.rf.4ed9654f05855ff7a202cdde93b67c84.jpg,640,640,Tomato Septoria leaf spot,299,9,430,257
septoria2_600px_jpg.rf.4ed9654f05855ff7a202cdde93b67c84.jpg,640,640,Tomato Septoria leaf spot,479,343,583,497
septoria2_600px_jpg.rf.4ed9654f05855ff7a202cdde93b67c84.jpg,640,640,Tomato Septoria leaf spot,269,311,503,638
septoria2_600px_jpg.rf.4ed9654f05855ff7a202cdde93b67c84.jpg,640,640,Tomato Septoria leaf spot,42,71,368,386
tomato-leaves_jpg.rf.f9e8c80329e6ddf08bc4b737c9743f41.jpg,640,640,Tomato leaf late blight,345,203,440,529
tomato-leaves_jpg.rf.f9e8c80329e6ddf08bc4b737c9743f41.jpg,640,640,Tomato leaf late blight,51,262,294,526
tomato-leaves_jpg.rf.f9e8c80329e6ddf08bc4b737c9743f41.jpg,640,640,Tomato leaf late blight,255,76,377,262
tomato-leaves_jpg.rf.f9e8c80329e6ddf08bc4b737c9743f41.jpg,640,640,Tomato leaf late blight,512,219,628,506
266914753eb19d87b80567baed1a0f66_jpg.rf.a8b7b0da5077741dd2677556dadcd5ac.jpg,640,640,Tomato leaf mosaic virus,7,0,596,622
bacterialLeafSpot04-xqxm03_jpg.rf.59768fffa306695cc0f993b5d405caae.jpg,640,640,Tomato leaf mosaic virus,38,135,411,563
bacterialLeafSpot04-xqxm03_jpg.rf.59768fffa306695cc0f993b5d405caae.jpg,640,640,Tomato leaf mosaic virus,402,131,636,529
depositphotos_7182856-stock-photo-tomato-leaf_jpg.rf.c5321d034b0c268bbcd69b4a4bc56cea.jpg,640,640,Tomato leaf bacterial spot,106,390,265,595
depositphotos_7182856-stock-photo-tomato-leaf_jpg.rf.c5321d034b0c268bbcd69b4a4bc56cea.jpg,640,640,Tomato leaf bacterial spot,206,341,385,572
depositphotos_7182856-stock-photo-tomato-leaf_jpg.rf.c5321d034b0c268bbcd69b4a4bc56cea.jpg,640,640,Tomato leaf bacterial spot,325,340,465,518
depositphotos_7182856-stock-photo-tomato-leaf_jpg.rf.c5321d034b0c268bbcd69b4a4bc56cea.jpg,640,640,Tomato leaf bacterial spot,388,259,634,473
depositphotos_7182856-stock-photo-tomato-leaf_jpg.rf.c5321d034b0c268bbcd69b4a4bc56cea.jpg,640,640,Tomato leaf bacterial spot,313,143,445,345
depositphotos_7182856-stock-photo-tomato-leaf_jpg.rf.c5321d034b0c268bbcd69b4a4bc56cea.jpg,640,640,Tomato leaf bacterial spot,74,119,255,338
depositphotos_7182856-stock-photo-tomato-leaf_jpg.rf.c5321d034b0c268bbcd69b4a4bc56cea.jpg,640,640,Tomato leaf bacterial spot,176,55,287,315
5336411888680960-600x272-jpeg_jpg.rf.eb6740f35d67b5fbb253f3c043eef2d3.jpg,640,640,Tomato Septoria leaf spot,16,0,638,638
RARZ4_jpg.rf.1144d232811c89feb9d02d0256a03b9e.jpg,640,640,Tomato Septoria leaf spot,326,199,448,308
RARZ4_jpg.rf.1144d232811c89feb9d02d0256a03b9e.jpg,640,640,Tomato Septoria leaf spot,390,262,615,404
RARZ4_jpg.rf.1144d232811c89feb9d02d0256a03b9e.jpg,640,640,Tomato Septoria leaf spot,6,160,269,409
tj5itxzunn3k_jpg.rf.7f8b75e151244f81008bd45419f4fa82.jpg,640,640,Tomato leaf bacterial spot,200,237,389,638
tj5itxzunn3k_jpg.rf.7f8b75e151244f81008bd45419f4fa82.jpg,640,640,Tomato leaf bacterial spot,552,12,634,211
tj5itxzunn3k_jpg.rf.7f8b75e151244f81008bd45419f4fa82.jpg,640,640,Tomato leaf bacterial spot,529,102,580,220
tj5itxzunn3k_jpg.rf.7f8b75e151244f81008bd45419f4fa82.jpg,640,640,Tomato leaf bacterial spot,246,51,462,217
tj5itxzunn3k_jpg.rf.7f8b75e151244f81008bd45419f4fa82.jpg,640,640,Tomato leaf bacterial spot,400,229,566,542
Diseased-Tomato-Plant_jpg.rf.1701e6135620f876b35deea785db4c87.jpg,640,640,Tomato Early blight leaf,69,72,246,231
Diseased-Tomato-Plant_jpg.rf.1701e6135620f876b35deea785db4c87.jpg,640,640,Tomato Early blight leaf,397,5,481,169
Diseased-Tomato-Plant_jpg.rf.1701e6135620f876b35deea785db4c87.jpg,640,640,Tomato Early blight leaf,490,25,613,439
Diseased-Tomato-Plant_jpg.rf.1701e6135620f876b35deea785db4c87.jpg,640,640,Tomato leaf late blight,242,200,348,351
image_jpg.rf.fafd8342a42b66f2a9be5006257c5386.jpg,640,640,Tomato leaf yellow virus,211,7,634,615
2010-jul-5-jul-9-03_jpg.rf.5c16668dcdac9719b0b7d0c406410147.jpg,640,640,Tomato Septoria leaf spot,270,38,579,240
2010-jul-5-jul-9-03_jpg.rf.5c16668dcdac9719b0b7d0c406410147.jpg,640,640,Tomato Septoria leaf spot,143,6,323,286
2010-jul-5-jul-9-03_jpg.rf.5c16668dcdac9719b0b7d0c406410147.jpg,640,640,Tomato Septoria leaf spot,2,366,249,612
image022_jpg.rf.9f44793741b7dd46ff33f791139d9aaa.jpg,640,640,Tomato leaf,320,64,385,108
image022_jpg.rf.9f44793741b7dd46ff33f791139d9aaa.jpg,640,640,Tomato leaf,435,6,628,160
image022_jpg.rf.9f44793741b7dd46ff33f791139d9aaa.jpg,640,640,Tomato leaf,179,83,327,205
image022_jpg.rf.9f44793741b7dd46ff33f791139d9aaa.jpg,640,640,Tomato leaf,365,140,486,358
image022_jpg.rf.9f44793741b7dd46ff33f791139d9aaa.jpg,640,640,Tomato leaf,262,192,384,526
lateblight2_jpg.rf.a3badb259db74b16bfd4f247becc7d84.jpg,640,640,Tomato leaf mosaic virus,187,204,430,476
tomato-mosaic-virus-1_jpg.rf.a4f7ed47c0cdee87994167347ebeb99f.jpg,640,640,Tomato leaf,18,422,320,627
tomato-mosaic-virus-1_jpg.rf.a4f7ed47c0cdee87994167347ebeb99f.jpg,640,640,Tomato leaf,461,551,588,634
tomato-mosaic-virus-1_jpg.rf.a4f7ed47c0cdee87994167347ebeb99f.jpg,640,640,Tomato leaf,307,525,442,633
tomato-mosaic-virus-1_jpg.rf.a4f7ed47c0cdee87994167347ebeb99f.jpg,640,640,Tomato leaf,480,455,622,538
tomato-mosaic-virus-1_jpg.rf.a4f7ed47c0cdee87994167347ebeb99f.jpg,640,640,Tomato leaf,500,333,602,429
tomato-mosaic-virus-1_jpg.rf.a4f7ed47c0cdee87994167347ebeb99f.jpg,640,640,Tomato leaf,282,346,429,500
tomato-mosaic-virus-1_jpg.rf.a4f7ed47c0cdee87994167347ebeb99f.jpg,640,640,Tomato leaf,198,262,460,436
tomato-mosaic-virus-1_jpg.rf.a4f7ed47c0cdee87994167347ebeb99f.jpg,640,640,Tomato leaf,116,167,365,262
tomato-mosaic-virus-1_jpg.rf.a4f7ed47c0cdee87994167347ebeb99f.jpg,640,640,Tomato leaf,276,7,436,179
septorialycopersici_small_jpg.rf.b734308dbecea855070e750460811d00.jpg,640,640,Tomato Septoria leaf spot,57,32,634,634
IMG_2686_JPG_jpg.rf.175086b2b350c4f746c5b9f3c0676458.jpg,640,640,Tomato leaf bacterial spot,288,122,371,384
IMG_2686_JPG_jpg.rf.175086b2b350c4f746c5b9f3c0676458.jpg,640,640,Tomato leaf bacterial spot,480,237,569,474
IMG_2686_JPG_jpg.rf.175086b2b350c4f746c5b9f3c0676458.jpg,640,640,Tomato leaf bacterial spot,378,166,499,442
20100824septoria_jpg.rf.95801b89ab6b0a949bdf7f79b54894c9.jpg,640,640,Tomato Septoria leaf spot,2,22,300,609
20100824septoria_jpg.rf.95801b89ab6b0a949bdf7f79b54894c9.jpg,640,640,Tomato Septoria leaf spot,354,22,606,625
late_blight_tomato_leaf4x1200_jpg.rf.360607d41a17fc58dbfa3780ee807c8d.jpg,640,640,Tomato leaf bacterial spot,124,457,224,526
late_blight_tomato_leaf4x1200_jpg.rf.360607d41a17fc58dbfa3780ee807c8d.jpg,640,640,Tomato leaf bacterial spot,388,406,505,589
late_blight_tomato_leaf4x1200_jpg.rf.360607d41a17fc58dbfa3780ee807c8d.jpg,640,640,Tomato leaf bacterial spot,510,393,621,552
late_blight_tomato_leaf4x1200_jpg.rf.360607d41a17fc58dbfa3780ee807c8d.jpg,640,640,Tomato leaf bacterial spot,319,287,470,508
late_blight_tomato_leaf4x1200_jpg.rf.360607d41a17fc58dbfa3780ee807c8d.jpg,640,640,Tomato leaf bacterial spot,101,161,227,292
late_blight_tomato_leaf4x1200_jpg.rf.360607d41a17fc58dbfa3780ee807c8d.jpg,640,640,Tomato leaf bacterial spot,137,87,335,288
late_blight_tomato_leaf4x1200_jpg.rf.360607d41a17fc58dbfa3780ee807c8d.jpg,640,640,Tomato leaf bacterial spot,428,123,547,303
late_blight_tomato_leaf4x1200_jpg.rf.360607d41a17fc58dbfa3780ee807c8d.jpg,640,640,Tomato leaf mosaic virus,309,94,449,272
late_blight_tomato_leaf4x1200_jpg.rf.360607d41a17fc58dbfa3780ee807c8d.jpg,640,640,Tomato leaf bacterial spot,170,24,259,127
late_blight_tomato_leaf4x1200_jpg.rf.360607d41a17fc58dbfa3780ee807c8d.jpg,640,640,Tomato leaf bacterial spot,213,0,393,145
Sept9-300x225_jpg.rf.e83ac242354b6658fdd48091b949441d.jpg,640,640,Tomato Septoria leaf spot,90,38,576,551
8227475116_0d40e8f21c_b_jpg.rf.1f100082833557a2add3501179127b18.jpg,640,640,Tomato leaf,0,431,74,508
8227475116_0d40e8f21c_b_jpg.rf.1f100082833557a2add3501179127b18.jpg,640,640,Tomato leaf,236,432,347,496
8227475116_0d40e8f21c_b_jpg.rf.1f100082833557a2add3501179127b18.jpg,640,640,Tomato leaf,350,434,507,512
8227475116_0d40e8f21c_b_jpg.rf.1f100082833557a2add3501179127b18.jpg,640,640,Tomato leaf,199,336,290,384
8227475116_0d40e8f21c_b_jpg.rf.1f100082833557a2add3501179127b18.jpg,640,640,Tomato leaf,346,314,405,381
8227475116_0d40e8f21c_b_jpg.rf.1f100082833557a2add3501179127b18.jpg,640,640,Tomato leaf,437,258,546,353
8227475116_0d40e8f21c_b_jpg.rf.1f100082833557a2add3501179127b18.jpg,640,640,Tomato leaf,265,185,372,256
8227475116_0d40e8f21c_b_jpg.rf.1f100082833557a2add3501179127b18.jpg,640,640,Tomato leaf,508,175,582,262
8227475116_0d40e8f21c_b_jpg.rf.1f100082833557a2add3501179127b18.jpg,640,640,Tomato leaf,453,166,513,237
8227475116_0d40e8f21c_b_jpg.rf.1f100082833557a2add3501179127b18.jpg,640,640,Tomato leaf,273,115,449,195
8227475116_0d40e8f21c_b_jpg.rf.1f100082833557a2add3501179127b18.jpg,640,640,Tomato leaf,401,99,464,173
8227475116_0d40e8f21c_b_jpg.rf.1f100082833557a2add3501179127b18.jpg,640,640,Tomato leaf,139,48,272,132
8227475116_0d40e8f21c_b_jpg.rf.1f100082833557a2add3501179127b18.jpg,640,640,Tomato leaf,285,478,409,612
tomato-mosaic-virus-disease-on-260nw-559799638_jpg.rf.5ad8111d4b634142e055ab760ddb35c7.jpg,640,640,Tomato leaf,268,6,395,132
tomato-mosaic-virus-disease-on-260nw-559799638_jpg.rf.5ad8111d4b634142e055ab760ddb35c7.jpg,640,640,Tomato leaf,305,460,359,592
tomato-mosaic-virus-disease-on-260nw-559799638_jpg.rf.5ad8111d4b634142e055ab760ddb35c7.jpg,640,640,Tomato leaf,3,414,137,585
tomato-mosaic-virus-disease-on-260nw-559799638_jpg.rf.5ad8111d4b634142e055ab760ddb35c7.jpg,640,640,Tomato leaf,46,263,142,425
tomato-mosaic-virus-disease-on-260nw-559799638_jpg.rf.5ad8111d4b634142e055ab760ddb35c7.jpg,640,640,Tomato leaf,140,43,249,206
tomato-mosaic-virus-disease-on-260nw-559799638_jpg.rf.5ad8111d4b634142e055ab760ddb35c7.jpg,640,640,Tomato leaf,399,85,610,239
tomato-mosaic-virus-disease-on-260nw-559799638_jpg.rf.5ad8111d4b634142e055ab760ddb35c7.jpg,640,640,Tomato leaf,420,66,486,126
tomato-mosaic-virus-disease-on-260nw-559799638_jpg.rf.5ad8111d4b634142e055ab760ddb35c7.jpg,640,640,Tomato leaf,502,466,613,549
tomato-mosaic-virus-disease-on-260nw-559799638_jpg.rf.5ad8111d4b634142e055ab760ddb35c7.jpg,640,640,Tomato leaf,374,400,495,528
tomato-mosaic-virus-disease-on-260nw-559799638_jpg.rf.5ad8111d4b634142e055ab760ddb35c7.jpg,640,640,Tomato leaf,303,297,362,455
tomato-mosaic-virus-disease-on-260nw-559799638_jpg.rf.5ad8111d4b634142e055ab760ddb35c7.jpg,640,640,Tomato leaf,171,274,248,451
tomato-mosaic-virus-disease-on-260nw-559799638_jpg.rf.5ad8111d4b634142e055ab760ddb35c7.jpg,640,640,Tomato leaf,109,114,206,291
tomato-mosaic-virus-disease-on-260nw-559799638_jpg.rf.5ad8111d4b634142e055ab760ddb35c7.jpg,640,640,Tomato leaf,160,166,365,314
tomato-mosaic-virus-disease-on-260nw-559799638_jpg.rf.5ad8111d4b634142e055ab760ddb35c7.jpg,640,640,Tomato leaf,365,277,537,425
image018_jpg.rf.15fdf2547e98712067abd6b3a9fadb1d.jpg,640,640,Tomato leaf,128,256,302,544
image018_jpg.rf.15fdf2547e98712067abd6b3a9fadb1d.jpg,640,640,Tomato leaf,333,320,544,583
image018_jpg.rf.15fdf2547e98712067abd6b3a9fadb1d.jpg,640,640,Tomato leaf,288,218,442,422
image018_jpg.rf.15fdf2547e98712067abd6b3a9fadb1d.jpg,640,640,Tomato leaf,268,180,467,283
tomato-mosaic-virus-disease-on-260nw-625499780_jpg.rf.1aa49dc25de273e2b4c6014febe683da.jpg,640,640,Tomato leaf,469,240,614,429
tomato-mosaic-virus-disease-on-260nw-625499780_jpg.rf.1aa49dc25de273e2b4c6014febe683da.jpg,640,640,Tomato leaf,396,288,493,499
tomato-mosaic-virus-disease-on-260nw-625499780_jpg.rf.1aa49dc25de273e2b4c6014febe683da.jpg,640,640,Tomato leaf,232,274,374,498
tomato-mosaic-virus-disease-on-260nw-625499780_jpg.rf.1aa49dc25de273e2b4c6014febe683da.jpg,640,640,Tomato leaf,28,188,289,385
tomato-mosaic-virus-disease-on-260nw-625499780_jpg.rf.1aa49dc25de273e2b4c6014febe683da.jpg,640,640,Tomato leaf,226,66,380,265
fungus-univ-of-minnesoeta_jpg.rf.e3d7f46ed28d388249a46046a511dd11.jpg,640,640,Tomato mold leaf,74,6,340,172
fungus-univ-of-minnesoeta_jpg.rf.e3d7f46ed28d388249a46046a511dd11.jpg,640,640,Tomato mold leaf,97,394,301,541
fungus-univ-of-minnesoeta_jpg.rf.e3d7f46ed28d388249a46046a511dd11.jpg,640,640,Tomato mold leaf,386,221,619,537
fungus-univ-of-minnesoeta_jpg.rf.e3d7f46ed28d388249a46046a511dd11.jpg,640,640,Tomato mold leaf,103,171,519,451
IMG_5808_jpg.rf.c6873d60a17995136b1a561652881471.jpg,640,640,Tomato leaf yellow virus,222,22,562,545
late_blight_tomato_leaf4x1200_jpg.rf.3b879976c45f7fbf7e86855adf408874.jpg,640,640,Tomato leaf late blight,6,168,85,297
late_blight_tomato_leaf4x1200_jpg.rf.3b879976c45f7fbf7e86855adf408874.jpg,640,640,Tomato leaf late blight,448,488,517,577
late_blight_tomato_leaf4x1200_jpg.rf.3b879976c45f7fbf7e86855adf408874.jpg,640,640,Tomato leaf late blight,145,385,223,549
late_blight_tomato_leaf4x1200_jpg.rf.3b879976c45f7fbf7e86855adf408874.jpg,640,640,Tomato leaf late blight,157,106,234,274
late_blight_tomato_leaf4x1200_jpg.rf.3b879976c45f7fbf7e86855adf408874.jpg,640,640,Tomato leaf late blight,179,162,282,365
late_blight_tomato_leaf4x1200_jpg.rf.3b879976c45f7fbf7e86855adf408874.jpg,640,640,Tomato leaf late blight,377,95,466,143
late_blight_tomato_leaf4x1200_jpg.rf.3b879976c45f7fbf7e86855adf408874.jpg,640,640,Tomato leaf late blight,443,320,545,429
late_blight_tomato_leaf4x1200_jpg.rf.3b879976c45f7fbf7e86855adf408874.jpg,640,640,Tomato leaf late blight,353,346,516,512
late_blight_tomato_leaf4x1200_jpg.rf.3b879976c45f7fbf7e86855adf408874.jpg,640,640,Tomato leaf late blight,323,503,477,625
late_blight_tomato_leaf4x1200_jpg.rf.3b879976c45f7fbf7e86855adf408874.jpg,640,640,Tomato leaf yellow virus,235,359,351,503
28619919393_7ef44acccc_b_jpg.rf.a0cd10ad61cc7ab39b0e364901260aba.jpg,640,640,Tomato leaf,210,528,262,547
28619919393_7ef44acccc_b_jpg.rf.a0cd10ad61cc7ab39b0e364901260aba.jpg,640,640,Tomato leaf,402,514,453,541
28619919393_7ef44acccc_b_jpg.rf.a0cd10ad61cc7ab39b0e364901260aba.jpg,640,640,Tomato leaf,92,502,143,547
28619919393_7ef44acccc_b_jpg.rf.a0cd10ad61cc7ab39b0e364901260aba.jpg,640,640,Tomato leaf,47,508,87,532
28619919393_7ef44acccc_b_jpg.rf.a0cd10ad61cc7ab39b0e364901260aba.jpg,640,640,Tomato leaf,399,496,450,513
28619919393_7ef44acccc_b_jpg.rf.a0cd10ad61cc7ab39b0e364901260aba.jpg,640,640,Tomato leaf,214,482,245,504
28619919393_7ef44acccc_b_jpg.rf.a0cd10ad61cc7ab39b0e364901260aba.jpg,640,640,Tomato leaf,400,459,442,493
28619919393_7ef44acccc_b_jpg.rf.a0cd10ad61cc7ab39b0e364901260aba.jpg,640,640,Tomato leaf,435,443,481,480
28619919393_7ef44acccc_b_jpg.rf.a0cd10ad61cc7ab39b0e364901260aba.jpg,640,640,Tomato leaf,34,457,65,491
28619919393_7ef44acccc_b_jpg.rf.a0cd10ad61cc7ab39b0e364901260aba.jpg,640,640,Tomato leaf,377,444,425,467
28619919393_7ef44acccc_b_jpg.rf.a0cd10ad61cc7ab39b0e364901260aba.jpg,640,640,Tomato leaf,232,440,270,463
28619919393_7ef44acccc_b_jpg.rf.a0cd10ad61cc7ab39b0e364901260aba.jpg,640,640,Tomato leaf,138,435,194,456
28619919393_7ef44acccc_b_jpg.rf.a0cd10ad61cc7ab39b0e364901260aba.jpg,640,640,Tomato leaf,313,417,345,448
28619919393_7ef44acccc_b_jpg.rf.a0cd10ad61cc7ab39b0e364901260aba.jpg,640,640,Tomato leaf,275,414,306,440
28619919393_7ef44acccc_b_jpg.rf.a0cd10ad61cc7ab39b0e364901260aba.jpg,640,640,Tomato leaf,345,412,390,432
28619919393_7ef44acccc_b_jpg.rf.a0cd10ad61cc7ab39b0e364901260aba.jpg,640,640,Tomato leaf,322,395,361,418
28619919393_7ef44acccc_b_jpg.rf.a0cd10ad61cc7ab39b0e364901260aba.jpg,640,640,Tomato leaf,455,389,499,409
28619919393_7ef44acccc_b_jpg.rf.a0cd10ad61cc7ab39b0e364901260aba.jpg,640,640,Tomato leaf,132,387,176,427
28619919393_7ef44acccc_b_jpg.rf.a0cd10ad61cc7ab39b0e364901260aba.jpg,640,640,Tomato leaf,387,376,415,407
28619919393_7ef44acccc_b_jpg.rf.a0cd10ad61cc7ab39b0e364901260aba.jpg,640,640,Tomato leaf,356,363,389,389
28619919393_7ef44acccc_b_jpg.rf.a0cd10ad61cc7ab39b0e364901260aba.jpg,640,640,Tomato leaf,157,371,214,392
28619919393_7ef44acccc_b_jpg.rf.a0cd10ad61cc7ab39b0e364901260aba.jpg,640,640,Tomato leaf,56,361,119,398
28619919393_7ef44acccc_b_jpg.rf.a0cd10ad61cc7ab39b0e364901260aba.jpg,640,640,Tomato leaf,236,353,276,381
28619919393_7ef44acccc_b_jpg.rf.a0cd10ad61cc7ab39b0e364901260aba.jpg,640,640,Tomato leaf,278,345,333,370
28619919393_7ef44acccc_b_jpg.rf.a0cd10ad61cc7ab39b0e364901260aba.jpg,640,640,Tomato leaf,211,336,265,359
28619919393_7ef44acccc_b_jpg.rf.a0cd10ad61cc7ab39b0e364901260aba.jpg,640,640,Tomato leaf,262,328,333,348
28619919393_7ef44acccc_b_jpg.rf.a0cd10ad61cc7ab39b0e364901260aba.jpg,640,640,Tomato leaf,433,312,513,349
28619919393_7ef44acccc_b_jpg.rf.a0cd10ad61cc7ab39b0e364901260aba.jpg,640,640,Tomato leaf,349,317,420,345
28619919393_7ef44acccc_b_jpg.rf.a0cd10ad61cc7ab39b0e364901260aba.jpg,640,640,Tomato leaf,70,325,132,350
28619919393_7ef44acccc_b_jpg.rf.a0cd10ad61cc7ab39b0e364901260aba.jpg,640,640,Tomato leaf,522,277,553,326
28619919393_7ef44acccc_b_jpg.rf.a0cd10ad61cc7ab39b0e364901260aba.jpg,640,640,Tomato leaf,392,271,466,305
28619919393_7ef44acccc_b_jpg.rf.a0cd10ad61cc7ab39b0e364901260aba.jpg,640,640,Tomato leaf,295,281,343,301
28619919393_7ef44acccc_b_jpg.rf.a0cd10ad61cc7ab39b0e364901260aba.jpg,640,640,Tomato leaf,60,283,109,311
28619919393_7ef44acccc_b_jpg.rf.a0cd10ad61cc7ab39b0e364901260aba.jpg,640,640,Tomato leaf,239,273,299,293
28619919393_7ef44acccc_b_jpg.rf.a0cd10ad61cc7ab39b0e364901260aba.jpg,640,640,Tomato leaf,370,257,438,288
28619919393_7ef44acccc_b_jpg.rf.a0cd10ad61cc7ab39b0e364901260aba.jpg,640,640,Tomato leaf,45,255,122,283
28619919393_7ef44acccc_b_jpg.rf.a0cd10ad61cc7ab39b0e364901260aba.jpg,640,640,Tomato leaf,242,575,270,612
28619919393_7ef44acccc_b_jpg.rf.a0cd10ad61cc7ab39b0e364901260aba.jpg,640,640,Tomato leaf,412,564,453,598
28619919393_7ef44acccc_b_jpg.rf.a0cd10ad61cc7ab39b0e364901260aba.jpg,640,640,Tomato leaf,48,577,85,601
28619919393_7ef44acccc_b_jpg.rf.a0cd10ad61cc7ab39b0e364901260aba.jpg,640,640,Tomato leaf,89,570,149,601
28619919393_7ef44acccc_b_jpg.rf.a0cd10ad61cc7ab39b0e364901260aba.jpg,640,640,Tomato leaf,290,562,324,590
28619919393_7ef44acccc_b_jpg.rf.a0cd10ad61cc7ab39b0e364901260aba.jpg,640,640,Tomato leaf,437,529,478,556
Tomato-Mosaic-1wdr2jx-300x225_jpg.rf.251c4d280c435d7b6600070354af15db.jpg,640,640,Tomato leaf,10,18,636,631
100_46341_jpg.rf.abd4d8aa7a22e0fe1bc447e26b5b5a3c.jpg,640,640,Tomato Early blight leaf,261,96,455,450
Septoria_Leaf_Spot_jpg.rf.338ef75f712d96c6b2a7d5b86f465a4d.jpg,640,640,Tomato Septoria leaf spot,338,343,637,565
Septoria_Leaf_Spot_jpg.rf.338ef75f712d96c6b2a7d5b86f465a4d.jpg,640,640,Tomato Septoria leaf spot,16,326,296,585
Septoria_Leaf_Spot_jpg.rf.338ef75f712d96c6b2a7d5b86f465a4d.jpg,640,640,Tomato Septoria leaf spot,185,14,443,392
50-20Leafmold-20Top_jpg.rf.184f67fdada3df58180b3295f7650911.jpg,640,640,Tomato mold leaf,82,79,565,496
Septoria-leaf-spot-on-tomato-FOR-WEB_jpg.rf.d65eab1a1dc09c58b2c33295ef6de068.jpg,640,640,Tomato Septoria leaf spot,323,0,514,272
Septoria-leaf-spot-on-tomato-FOR-WEB_jpg.rf.d65eab1a1dc09c58b2c33295ef6de068.jpg,640,640,Tomato Septoria leaf spot,81,233,398,582
Septoria-leaf-spot-on-tomato-FOR-WEB_jpg.rf.d65eab1a1dc09c58b2c33295ef6de068.jpg,640,640,Tomato Septoria leaf spot,373,280,489,552
grey-mould-botrytis-cinerea-on-bottom-of-a-tomato-leaf-late-in-the-AFRDAN_jpg.rf.014dd086e8d45484f9e4be44d73b59c8.jpg,640,640,Tomato leaf mosaic virus,206,250,532,548
late_blight1_jpg.rf.87a9762afa5da1788d07380582883d79.jpg,640,640,Tomato leaf yellow virus,9,37,589,617
28619919393_7ef44acccc_b_jpg.rf.535d6213249e74e006f86f9b59ef9c8a.jpg,640,640,Tomato leaf,208,528,259,545
28619919393_7ef44acccc_b_jpg.rf.535d6213249e74e006f86f9b59ef9c8a.jpg,640,640,Tomato leaf,399,516,450,542
28619919393_7ef44acccc_b_jpg.rf.535d6213249e74e006f86f9b59ef9c8a.jpg,640,640,Tomato leaf,89,499,140,544
28619919393_7ef44acccc_b_jpg.rf.535d6213249e74e006f86f9b59ef9c8a.jpg,640,640,Tomato leaf,44,503,84,528
28619919393_7ef44acccc_b_jpg.rf.535d6213249e74e006f86f9b59ef9c8a.jpg,640,640,Tomato leaf,396,498,447,513
28619919393_7ef44acccc_b_jpg.rf.535d6213249e74e006f86f9b59ef9c8a.jpg,640,640,Tomato leaf,212,480,241,502
28619919393_7ef44acccc_b_jpg.rf.535d6213249e74e006f86f9b59ef9c8a.jpg,640,640,Tomato leaf,397,460,438,494
28619919393_7ef44acccc_b_jpg.rf.535d6213249e74e006f86f9b59ef9c8a.jpg,640,640,Tomato leaf,433,444,479,481
28619919393_7ef44acccc_b_jpg.rf.535d6213249e74e006f86f9b59ef9c8a.jpg,640,640,Tomato leaf,31,452,62,486
28619919393_7ef44acccc_b_jpg.rf.535d6213249e74e006f86f9b59ef9c8a.jpg,640,640,Tomato leaf,374,445,421,467
28619919393_7ef44acccc_b_jpg.rf.535d6213249e74e006f86f9b59ef9c8a.jpg,640,640,Tomato leaf,230,440,267,462
28619919393_7ef44acccc_b_jpg.rf.535d6213249e74e006f86f9b59ef9c8a.jpg,640,640,Tomato leaf,136,433,192,453
28619919393_7ef44acccc_b_jpg.rf.535d6213249e74e006f86f9b59ef9c8a.jpg,640,640,Tomato leaf,311,418,344,449
28619919393_7ef44acccc_b_jpg.rf.535d6213249e74e006f86f9b59ef9c8a.jpg,640,640,Tomato leaf,274,413,303,439
28619919393_7ef44acccc_b_jpg.rf.535d6213249e74e006f86f9b59ef9c8a.jpg,640,640,Tomato leaf,344,413,388,433
28619919393_7ef44acccc_b_jpg.rf.535d6213249e74e006f86f9b59ef9c8a.jpg,640,640,Tomato leaf,322,395,359,418
28619919393_7ef44acccc_b_jpg.rf.535d6213249e74e006f86f9b59ef9c8a.jpg,640,640,Tomato leaf,453,393,498,412
28619919393_7ef44acccc_b_jpg.rf.535d6213249e74e006f86f9b59ef9c8a.jpg,640,640,Tomato leaf,130,384,175,424
28619919393_7ef44acccc_b_jpg.rf.535d6213249e74e006f86f9b59ef9c8a.jpg,640,640,Tomato leaf,385,378,413,407
28619919393_7ef44acccc_b_jpg.rf.535d6213249e74e006f86f9b59ef9c8a.jpg,640,640,Tomato leaf,355,363,388,389
28619919393_7ef44acccc_b_jpg.rf.535d6213249e74e006f86f9b59ef9c8a.jpg,640,640,Tomato leaf,157,368,212,390
28619919393_7ef44acccc_b_jpg.rf.535d6213249e74e006f86f9b59ef9c8a.jpg,640,640,Tomato leaf,55,358,118,393
28619919393_7ef44acccc_b_jpg.rf.535d6213249e74e006f86f9b59ef9c8a.jpg,640,640,Tomato leaf,236,352,276,379
28619919393_7ef44acccc_b_jpg.rf.535d6213249e74e006f86f9b59ef9c8a.jpg,640,640,Tomato leaf,277,345,332,370
28619919393_7ef44acccc_b_jpg.rf.535d6213249e74e006f86f9b59ef9c8a.jpg,640,640,Tomato leaf,211,335,264,357
28619919393_7ef44acccc_b_jpg.rf.535d6213249e74e006f86f9b59ef9c8a.jpg,640,640,Tomato leaf,263,328,332,347
28619919393_7ef44acccc_b_jpg.rf.535d6213249e74e006f86f9b59ef9c8a.jpg,640,640,Tomato leaf,433,316,513,350
28619919393_7ef44acccc_b_jpg.rf.535d6213249e74e006f86f9b59ef9c8a.jpg,640,640,Tomato leaf,350,319,419,346
28619919393_7ef44acccc_b_jpg.rf.535d6213249e74e006f86f9b59ef9c8a.jpg,640,640,Tomato leaf,70,322,130,347
28619919393_7ef44acccc_b_jpg.rf.535d6213249e74e006f86f9b59ef9c8a.jpg,640,640,Tomato leaf,522,281,553,328
28619919393_7ef44acccc_b_jpg.rf.535d6213249e74e006f86f9b59ef9c8a.jpg,640,640,Tomato leaf,392,273,466,307
28619919393_7ef44acccc_b_jpg.rf.535d6213249e74e006f86f9b59ef9c8a.jpg,640,640,Tomato leaf,296,281,342,301
28619919393_7ef44acccc_b_jpg.rf.535d6213249e74e006f86f9b59ef9c8a.jpg,640,640,Tomato leaf,61,280,108,306
28619919393_7ef44acccc_b_jpg.rf.535d6213249e74e006f86f9b59ef9c8a.jpg,640,640,Tomato leaf,240,271,300,291
28619919393_7ef44acccc_b_jpg.rf.535d6213249e74e006f86f9b59ef9c8a.jpg,640,640,Tomato leaf,371,259,437,290
28619919393_7ef44acccc_b_jpg.rf.535d6213249e74e006f86f9b59ef9c8a.jpg,640,640,Tomato leaf,46,252,122,278
28619919393_7ef44acccc_b_jpg.rf.535d6213249e74e006f86f9b59ef9c8a.jpg,640,640,Tomato leaf,238,574,265,609
28619919393_7ef44acccc_b_jpg.rf.535d6213249e74e006f86f9b59ef9c8a.jpg,640,640,Tomato leaf,407,566,448,600
28619919393_7ef44acccc_b_jpg.rf.535d6213249e74e006f86f9b59ef9c8a.jpg,640,640,Tomato leaf,44,572,79,597
28619919393_7ef44acccc_b_jpg.rf.535d6213249e74e006f86f9b59ef9c8a.jpg,640,640,Tomato leaf,85,568,144,597
28619919393_7ef44acccc_b_jpg.rf.535d6213249e74e006f86f9b59ef9c8a.jpg,640,640,Tomato leaf,286,562,320,590
28619919393_7ef44acccc_b_jpg.rf.535d6213249e74e006f86f9b59ef9c8a.jpg,640,640,Tomato leaf,434,530,474,558
LateBlt09_05_jpg.rf.bdced72915ba3a2b2f22f5fbdb2b37b4.jpg,640,640,Tomato leaf yellow virus,199,1,326,224
LateBlt09_05_jpg.rf.bdced72915ba3a2b2f22f5fbdb2b37b4.jpg,640,640,Tomato leaf yellow virus,166,110,269,436
LateBlt09_05_jpg.rf.bdced72915ba3a2b2f22f5fbdb2b37b4.jpg,640,640,Tomato leaf yellow virus,301,300,627,595
early_blight1_jpg.rf.6fe4def2bf22f983d12f2d5a90668cd8.jpg,640,640,Tomato Early blight leaf,178,64,595,595
IMG_1526_jpg.rf.851da4cedd1506977ca8058594bcc07e.jpg,640,640,Tomato leaf yellow virus,143,56,546,593
20140818-tomato-sauce-vicky-wasik-1_jpg.rf.711fd3c9dc584833301bc9e83f767144.jpg,640,640,Tomato leaf bacterial spot,312,131,536,267
20140818-tomato-sauce-vicky-wasik-1_jpg.rf.711fd3c9dc584833301bc9e83f767144.jpg,640,640,Tomato leaf bacterial spot,19,265,156,480
20140818-tomato-sauce-vicky-wasik-1_jpg.rf.711fd3c9dc584833301bc9e83f767144.jpg,640,640,Tomato leaf bacterial spot,361,278,568,585
late_blight_tomato_leaf5x12001_jpg.rf.b851fca626af78be8d9204718596f72a.jpg,640,640,Tomato leaf yellow virus,9,5,605,631
IMG_2436w_jpg.rf.1c18d0fd32da7d093412cef42d998aec.jpg,640,640,Tomato Early blight leaf,142,180,546,611
tomato-mosaic-virus-1_jpg.rf.0ca45b971d0764d7a6acb2e9cc30a005.jpg,640,640,Tomato leaf,17,419,320,630
tomato-mosaic-virus-1_jpg.rf.0ca45b971d0764d7a6acb2e9cc30a005.jpg,640,640,Tomato leaf,462,553,589,639
tomato-mosaic-virus-1_jpg.rf.0ca45b971d0764d7a6acb2e9cc30a005.jpg,640,640,Tomato leaf,305,521,442,634
tomato-mosaic-virus-1_jpg.rf.0ca45b971d0764d7a6acb2e9cc30a005.jpg,640,640,Tomato leaf,479,455,623,537
tomato-mosaic-virus-1_jpg.rf.0ca45b971d0764d7a6acb2e9cc30a005.jpg,640,640,Tomato leaf,497,329,603,428
tomato-mosaic-virus-1_jpg.rf.0ca45b971d0764d7a6acb2e9cc30a005.jpg,640,640,Tomato leaf,280,347,431,496
tomato-mosaic-virus-1_jpg.rf.0ca45b971d0764d7a6acb2e9cc30a005.jpg,640,640,Tomato leaf,199,263,462,437
tomato-mosaic-virus-1_jpg.rf.0ca45b971d0764d7a6acb2e9cc30a005.jpg,640,640,Tomato leaf,112,168,365,262
tomato-mosaic-virus-1_jpg.rf.0ca45b971d0764d7a6acb2e9cc30a005.jpg,640,640,Tomato leaf,277,6,432,177
5315825271570432-600x272-jpeg_jpg.rf.bf012c25230925266119550c2e04d69c.jpg,640,640,Tomato Septoria leaf spot,267,427,451,639
5315825271570432-600x272-jpeg_jpg.rf.bf012c25230925266119550c2e04d69c.jpg,640,640,Tomato Septoria leaf spot,428,387,626,639
5315825271570432-600x272-jpeg_jpg.rf.bf012c25230925266119550c2e04d69c.jpg,640,640,Tomato Septoria leaf spot,71,0,380,638
5315825271570432-600x272-jpeg_jpg.rf.bf012c25230925266119550c2e04d69c.jpg,640,640,Tomato Septoria leaf spot,422,18,624,398
6-1-09-019_jpg.rf.affda54f333bc7f4570b1f5f1b51b189.jpg,640,640,Tomato Septoria leaf spot,474,6,563,211
6-1-09-019_jpg.rf.affda54f333bc7f4570b1f5f1b51b189.jpg,640,640,Tomato Septoria leaf spot,378,13,473,179
6-1-09-019_jpg.rf.affda54f333bc7f4570b1f5f1b51b189.jpg,640,640,Tomato Septoria leaf spot,365,269,539,455
6-1-09-019_jpg.rf.affda54f333bc7f4570b1f5f1b51b189.jpg,640,640,Tomato Septoria leaf spot,172,262,308,455
6-1-09-019_jpg.rf.affda54f333bc7f4570b1f5f1b51b189.jpg,640,640,Tomato Septoria leaf spot,90,243,185,557
Early_Blight_of_Tomato177_jpg.rf.345f118a690210980465d65ee92e9839.jpg,640,640,Tomato Early blight leaf,0,0,638,632
IMG_2687_JPG_jpg.rf.2d40ba174146b398460e4f478d9a67a0.jpg,640,640,Tomato leaf bacterial spot,320,491,405,598
IMG_2687_JPG_jpg.rf.2d40ba174146b398460e4f478d9a67a0.jpg,640,640,Tomato leaf bacterial spot,48,94,152,298
IMG_2687_JPG_jpg.rf.2d40ba174146b398460e4f478d9a67a0.jpg,640,640,Tomato leaf bacterial spot,429,79,568,443
IMG_2687_JPG_jpg.rf.2d40ba174146b398460e4f478d9a67a0.jpg,640,640,Tomato leaf bacterial spot,254,152,437,457
tomato-leaf-26180166_jpg.rf.e2f4403da79a3daecdf8d02aedcff8c3.jpg,640,640,Tomato leaf late blight,360,337,598,558
tomato-leaf-26180166_jpg.rf.e2f4403da79a3daecdf8d02aedcff8c3.jpg,640,640,Tomato leaf late blight,297,212,429,386
tomato-leaf-26180166_jpg.rf.e2f4403da79a3daecdf8d02aedcff8c3.jpg,640,640,Tomato leaf late blight,203,371,348,577
tomato-leaf-26180166_jpg.rf.e2f4403da79a3daecdf8d02aedcff8c3.jpg,640,640,Tomato leaf late blight,166,57,326,265
tomato-leaf-26180166_jpg.rf.e2f4403da79a3daecdf8d02aedcff8c3.jpg,640,640,Tomato leaf late blight,66,265,197,452
tomato-leaf-26180166_jpg.rf.e2f4403da79a3daecdf8d02aedcff8c3.jpg,640,640,Tomato leaf late blight,114,45,206,145
tomato-leaf-26180166_jpg.rf.e2f4403da79a3daecdf8d02aedcff8c3.jpg,640,640,Tomato leaf late blight,28,142,103,263
black-20leaf-20mold-20-283-29-JPG-itok-u5TDHCSM_jpg.rf.87960acfb232995dcb351f351310c383.jpg,640,640,Tomato mold leaf,0,26,618,629
septoria2_600px_jpg.rf.f52ef4a723ac31e828393248c671fd13.jpg,640,640,Tomato Septoria leaf spot,281,381,425,637
septoria2_600px_jpg.rf.f52ef4a723ac31e828393248c671fd13.jpg,640,640,Tomato Septoria leaf spot,537,375,637,639
septoria2_600px_jpg.rf.f52ef4a723ac31e828393248c671fd13.jpg,640,640,Tomato Septoria leaf spot,30,238,373,570
septoria2_600px_jpg.rf.f52ef4a723ac31e828393248c671fd13.jpg,640,640,Tomato Septoria leaf spot,477,154,591,312
septoria2_600px_jpg.rf.f52ef4a723ac31e828393248c671fd13.jpg,640,640,Tomato Septoria leaf spot,266,0,519,342
septoria2_600px_jpg.rf.f52ef4a723ac31e828393248c671fd13.jpg,640,640,Tomato Septoria leaf spot,538,14,639,228
late-blight-TomC2-10_jpg.rf.25cb9e84a8ef7d38331de8a4cd530fe4.jpg,640,640,Tomato leaf yellow virus,57,186,429,519
blight_787x_jpg.rf.8cb9297475a121d6c7b16b3c3f0e4658.jpg,640,640,Tomato Early blight leaf,215,0,418,495
leaf_mold_nightshade2x500_jpg.rf.edaf2ffa88e96063c50564cfbe3213d0.jpg,640,640,Tomato mold leaf,3,1,640,639
late_blight_tomato_leaf_jpg.rf.6dd2234461f7f917dc4f9324d2ce01c3.jpg,640,640,Tomato leaf yellow virus,12,38,634,634
Tomato-2BBacterial-2BSpot-2Bon-2BLeaves_jpg.rf.63181092ad317c2f337c1cbeb153aa13.jpg,640,640,Tomato leaf mosaic virus,12,20,506,589
black_leaf_mold_in_zina_tina_jpg.rf.a89d57394a577da74e65abb7c013a854.jpg,640,640,Tomato mold leaf,131,0,294,355
black_leaf_mold_in_zina_tina_jpg.rf.a89d57394a577da74e65abb7c013a854.jpg,640,640,Tomato mold leaf,0,124,102,415
black_leaf_mold_in_zina_tina_jpg.rf.a89d57394a577da74e65abb7c013a854.jpg,640,640,Tomato mold leaf,314,191,525,431
late_blight_2013_longisland1x1200_jpg.rf.399f10ffca84fae2b70290da55755467.jpg,640,640,Tomato leaf mosaic virus,185,39,408,179
late_blight_2013_longisland1x1200_jpg.rf.399f10ffca84fae2b70290da55755467.jpg,640,640,Tomato leaf mosaic virus,494,151,638,483
late_blight_2013_longisland1x1200_jpg.rf.399f10ffca84fae2b70290da55755467.jpg,640,640,Tomato leaf mosaic virus,276,259,476,410
late_blight_2013_longisland1x1200_jpg.rf.399f10ffca84fae2b70290da55755467.jpg,640,640,Tomato leaf mosaic virus,67,150,244,542
late_blight_2013_longisland1x1200_jpg.rf.399f10ffca84fae2b70290da55755467.jpg,640,640,Tomato leaf mosaic virus,192,426,497,563
main-qimg-d9c2a93f60568485c989670d9bbf703b_jpg.rf.5f1cce2ff25800c992fdf266c847d252.jpg,640,640,Tomato leaf bacterial spot,244,24,511,199
main-qimg-d9c2a93f60568485c989670d9bbf703b_jpg.rf.5f1cce2ff25800c992fdf266c847d252.jpg,640,640,Tomato leaf bacterial spot,29,177,429,555
main-qimg-d9c2a93f60568485c989670d9bbf703b_jpg.rf.5f1cce2ff25800c992fdf266c847d252.jpg,640,640,Tomato leaf bacterial spot,429,215,551,638
earlyblightresize_jpg.rf.21788677e71cc4c23c30adaad3bba0f1.jpg,640,640,Tomato Early blight leaf,0,52,603,499
fwa2013313115151_jpg.rf.aff176dcd64f0c1bdad7ac62b08ac1c2.jpg,640,640,Tomato leaf bacterial spot,474,505,601,608
fwa2013313115151_jpg.rf.aff176dcd64f0c1bdad7ac62b08ac1c2.jpg,640,640,Tomato leaf bacterial spot,395,392,440,494
fwa2013313115151_jpg.rf.aff176dcd64f0c1bdad7ac62b08ac1c2.jpg,640,640,Tomato leaf bacterial spot,351,382,406,469
fwa2013313115151_jpg.rf.aff176dcd64f0c1bdad7ac62b08ac1c2.jpg,640,640,Tomato leaf bacterial spot,174,128,314,232
fwa2013313115151_jpg.rf.aff176dcd64f0c1bdad7ac62b08ac1c2.jpg,640,640,Tomato leaf bacterial spot,205,8,340,106
fwa2013313115151_jpg.rf.aff176dcd64f0c1bdad7ac62b08ac1c2.jpg,640,640,Tomato leaf bacterial spot,354,26,494,145
fwa2013313115151_jpg.rf.aff176dcd64f0c1bdad7ac62b08ac1c2.jpg,640,640,Tomato leaf bacterial spot,388,192,548,305
fwa2013313115151_jpg.rf.aff176dcd64f0c1bdad7ac62b08ac1c2.jpg,640,640,Tomato leaf bacterial spot,248,291,365,392
fwa2013313115151_jpg.rf.aff176dcd64f0c1bdad7ac62b08ac1c2.jpg,640,640,Tomato leaf bacterial spot,194,236,320,342
fwa2013313115151_jpg.rf.aff176dcd64f0c1bdad7ac62b08ac1c2.jpg,640,640,Tomato leaf bacterial spot,451,365,574,494
fwa2013313115151_jpg.rf.aff176dcd64f0c1bdad7ac62b08ac1c2.jpg,640,640,Tomato leaf bacterial spot,2,392,251,608
tomato_V8_jpg.rf.466b21c3eda16ef6e9d64dc6ba270593.jpg,640,640,Tomato leaf mosaic virus,20,15,397,337
tomato_V8_jpg.rf.466b21c3eda16ef6e9d64dc6ba270593.jpg,640,640,Tomato leaf mosaic virus,19,303,623,628
5008922249_880e15c21f_jpg.rf.f59c2adc21a15e00c05e2095b61123a8.jpg,640,640,Tomato Septoria leaf spot,0,6,622,634
Tomato-Mosaic-1wdr2jx-300x225_jpg.rf.54e4ee1a45ae7d56d4168ccb8e90c16d.jpg,640,640,Tomato leaf,12,19,634,633
septoria2_600px_jpg.rf.f0ab448fc6de60c3d344aff4813145a5.jpg,640,640,Tomato Septoria leaf spot,537,429,634,634
septoria2_600px_jpg.rf.f0ab448fc6de60c3d344aff4813145a5.jpg,640,640,Tomato Septoria leaf spot,557,6,634,288
septoria2_600px_jpg.rf.f0ab448fc6de60c3d344aff4813145a5.jpg,640,640,Tomato Septoria leaf spot,301,13,428,256
septoria2_600px_jpg.rf.f0ab448fc6de60c3d344aff4813145a5.jpg,640,640,Tomato Septoria leaf spot,480,346,583,500
septoria2_600px_jpg.rf.f0ab448fc6de60c3d344aff4813145a5.jpg,640,640,Tomato Septoria leaf spot,270,308,513,634
septoria2_600px_jpg.rf.f0ab448fc6de60c3d344aff4813145a5.jpg,640,640,Tomato Septoria leaf spot,45,70,371,384
droppedImage_3_jpg.rf.be517508fd47436dc47c1986230ca46c.jpg,640,640,Tomato leaf late blight,0,0,638,603
tomato-blight-treatment-blight_jpg.rf.0e5bbea378e034e045e4fde8039729d4.jpg,640,640,Tomato Septoria leaf spot,3,222,555,605
tomato-mosaic-virus-disease-on-260nw-625499777_jpg.rf.e9d636422a61210acc2fcd0b6c6e51c7.jpg,640,640,Tomato leaf yellow virus,125,423,277,640
tomato-mosaic-virus-disease-on-260nw-625499777_jpg.rf.e9d636422a61210acc2fcd0b6c6e51c7.jpg,640,640,Tomato leaf yellow virus,230,333,612,569
tomato-mosaic-virus-disease-on-260nw-625499777_jpg.rf.e9d636422a61210acc2fcd0b6c6e51c7.jpg,640,640,Tomato leaf yellow virus,224,397,291,485
tomato-mosaic-virus-disease-on-260nw-625499777_jpg.rf.e9d636422a61210acc2fcd0b6c6e51c7.jpg,640,640,Tomato leaf yellow virus,198,278,273,393
tomato-mosaic-virus-disease-on-260nw-625499777_jpg.rf.e9d636422a61210acc2fcd0b6c6e51c7.jpg,640,640,Tomato leaf yellow virus,381,136,627,379
tomato-mosaic-virus-disease-on-260nw-625499777_jpg.rf.e9d636422a61210acc2fcd0b6c6e51c7.jpg,640,640,Tomato leaf yellow virus,241,145,401,367
tomato-mosaic-virus-disease-on-260nw-625499777_jpg.rf.e9d636422a61210acc2fcd0b6c6e51c7.jpg,640,640,Tomato leaf yellow virus,75,178,203,365
tomato-mosaic-virus-disease-on-260nw-625499777_jpg.rf.e9d636422a61210acc2fcd0b6c6e51c7.jpg,640,640,Tomato leaf yellow virus,27,77,184,226
earlyblight21__jpg.rf.d04e11a9e2acb4603e1d820749454878.jpg,640,640,Tomato Early blight leaf,129,120,420,560
black-20leaf-20mold-20-283-29-JPG-itok-u5TDHCSM_jpg.rf.7dc6c08a8cbd93db7dcfaa28bc63bfb8.jpg,640,640,Tomato mold leaf,0,0,638,638
20160428_080421_jpg.rf.c13bc54321713f3cc2c4da9f39101fd9.jpg,640,640,Tomato leaf late blight,220,63,442,260
20160428_080421_jpg.rf.c13bc54321713f3cc2c4da9f39101fd9.jpg,640,640,Tomato leaf late blight,116,23,262,274
20160428_080421_jpg.rf.c13bc54321713f3cc2c4da9f39101fd9.jpg,640,640,Tomato leaf late blight,319,176,525,342
20160428_080421_jpg.rf.c13bc54321713f3cc2c4da9f39101fd9.jpg,640,640,Tomato leaf late blight,365,372,639,477
20160428_080421_jpg.rf.c13bc54321713f3cc2c4da9f39101fd9.jpg,640,640,Tomato leaf late blight,0,357,206,441
tmv-tomato-34_jpg.rf.e97446e4810b2cb891583ba8db13149b.jpg,640,640,Tomato leaf yellow virus,0,296,191,633
tmv-tomato-34_jpg.rf.e97446e4810b2cb891583ba8db13149b.jpg,640,640,Tomato leaf yellow virus,60,115,417,529
tmv-tomato-34_jpg.rf.e97446e4810b2cb891583ba8db13149b.jpg,640,640,Tomato leaf yellow virus,513,29,633,260
tmv-tomato-9_jpg.rf.33e64e738f4c0a56688462c60fdef7c9.jpg,640,640,Tomato leaf,12,38,628,576
black-20leaf-20mold-20-283-29-JPG-itok-u5TDHCSM_jpg.rf.72d4c5cc1676bcb345030650d635892e.jpg,640,640,Tomato mold leaf,0,0,638,638
septoria3_jpg.rf.7ce2707ecaf9e60ad8864623a9161b07.jpg,640,640,Tomato Septoria leaf spot,0,172,625,583
late_blight_tomato_leaf_sporex1200_jpg.rf.74611d4834615ea83399d8398a348fa4.jpg,640,640,Tomato leaf yellow virus,8,6,639,639
illustration-thematique-urbino-fig5-plante-20tylcv_jpg.rf.9d703c1230a27b62064cc0191941eedd.jpg,640,640,Tomato leaf,348,503,401,546
illustration-thematique-urbino-fig5-plante-20tylcv_jpg.rf.9d703c1230a27b62064cc0191941eedd.jpg,640,640,Tomato leaf,176,422,216,463
illustration-thematique-urbino-fig5-plante-20tylcv_jpg.rf.9d703c1230a27b62064cc0191941eedd.jpg,640,640,Tomato leaf,187,346,235,422
illustration-thematique-urbino-fig5-plante-20tylcv_jpg.rf.9d703c1230a27b62064cc0191941eedd.jpg,640,640,Tomato leaf,219,320,279,388
illustration-thematique-urbino-fig5-plante-20tylcv_jpg.rf.9d703c1230a27b62064cc0191941eedd.jpg,640,640,Tomato leaf,316,317,379,375
illustration-thematique-urbino-fig5-plante-20tylcv_jpg.rf.9d703c1230a27b62064cc0191941eedd.jpg,640,640,Tomato leaf,564,295,639,380
illustration-thematique-urbino-fig5-plante-20tylcv_jpg.rf.9d703c1230a27b62064cc0191941eedd.jpg,640,640,Tomato leaf,268,239,320,306
illustration-thematique-urbino-fig5-plante-20tylcv_jpg.rf.9d703c1230a27b62064cc0191941eedd.jpg,640,640,Tomato leaf,351,207,431,296
illustration-thematique-urbino-fig5-plante-20tylcv_jpg.rf.9d703c1230a27b62064cc0191941eedd.jpg,640,640,Tomato leaf,553,243,638,320
illustration-thematique-urbino-fig5-plante-20tylcv_jpg.rf.9d703c1230a27b62064cc0191941eedd.jpg,640,640,Tomato leaf,308,142,372,253
illustration-thematique-urbino-fig5-plante-20tylcv_jpg.rf.9d703c1230a27b62064cc0191941eedd.jpg,640,640,Tomato leaf,295,93,340,138
illustration-thematique-urbino-fig5-plante-20tylcv_jpg.rf.9d703c1230a27b62064cc0191941eedd.jpg,640,640,Tomato leaf,295,63,338,97
illustration-thematique-urbino-fig5-plante-20tylcv_jpg.rf.9d703c1230a27b62064cc0191941eedd.jpg,640,640,Tomato leaf,295,21,340,81
illustration-thematique-urbino-fig5-plante-20tylcv_jpg.rf.9d703c1230a27b62064cc0191941eedd.jpg,640,640,Tomato leaf,310,512,356,590
Sept9-300x225_jpg.rf.72870df28d6e476cf9f436211d82cabd.jpg,640,640,Tomato Septoria leaf spot,78,98,540,555
septoria-tomato_jpg.rf.fa25b9b546403cf41a817d80fc23cb8f.jpg,640,640,Tomato Septoria leaf spot,7,72,316,639
septoria-tomato_jpg.rf.fa25b9b546403cf41a817d80fc23cb8f.jpg,640,640,Tomato Septoria leaf spot,210,6,639,640
28619919393_7ef44acccc_b_jpg.rf.20a5fac39107154dcd7f5d98cbad0b14.jpg,640,640,Tomato leaf bacterial spot,505,102,558,141
28619919393_7ef44acccc_b_jpg.rf.20a5fac39107154dcd7f5d98cbad0b14.jpg,640,640,Tomato leaf bacterial spot,499,51,564,77
28619919393_7ef44acccc_b_jpg.rf.20a5fac39107154dcd7f5d98cbad0b14.jpg,640,640,Tomato leaf bacterial spot,383,96,435,116
28619919393_7ef44acccc_b_jpg.rf.20a5fac39107154dcd7f5d98cbad0b14.jpg,640,640,Tomato leaf bacterial spot,173,84,212,108
28619919393_7ef44acccc_b_jpg.rf.20a5fac39107154dcd7f5d98cbad0b14.jpg,640,640,Tomato leaf bacterial spot,199,96,243,122
28619919393_7ef44acccc_b_jpg.rf.20a5fac39107154dcd7f5d98cbad0b14.jpg,640,640,Tomato leaf bacterial spot,338,327,397,345
28619919393_7ef44acccc_b_jpg.rf.20a5fac39107154dcd7f5d98cbad0b14.jpg,640,640,Tomato leaf bacterial spot,301,339,345,359
28619919393_7ef44acccc_b_jpg.rf.20a5fac39107154dcd7f5d98cbad0b14.jpg,640,640,Tomato leaf bacterial spot,339,205,372,224
28619919393_7ef44acccc_b_jpg.rf.20a5fac39107154dcd7f5d98cbad0b14.jpg,640,640,Tomato leaf bacterial spot,454,192,506,212
28619919393_7ef44acccc_b_jpg.rf.20a5fac39107154dcd7f5d98cbad0b14.jpg,640,640,Tomato leaf bacterial spot,198,128,250,142
28619919393_7ef44acccc_b_jpg.rf.20a5fac39107154dcd7f5d98cbad0b14.jpg,640,640,Tomato leaf bacterial spot,403,142,435,160
28619919393_7ef44acccc_b_jpg.rf.20a5fac39107154dcd7f5d98cbad0b14.jpg,640,640,Tomato leaf bacterial spot,582,160,615,192
28619919393_7ef44acccc_b_jpg.rf.20a5fac39107154dcd7f5d98cbad0b14.jpg,640,640,Tomato leaf bacterial spot,563,115,602,141
28619919393_7ef44acccc_b_jpg.rf.20a5fac39107154dcd7f5d98cbad0b14.jpg,640,640,Tomato leaf bacterial spot,569,51,602,71
28619919393_7ef44acccc_b_jpg.rf.20a5fac39107154dcd7f5d98cbad0b14.jpg,640,640,Tomato leaf bacterial spot,142,32,166,71
28619919393_7ef44acccc_b_jpg.rf.20a5fac39107154dcd7f5d98cbad0b14.jpg,640,640,Tomato leaf bacterial spot,198,38,237,71
28619919393_7ef44acccc_b_jpg.rf.20a5fac39107154dcd7f5d98cbad0b14.jpg,640,640,Tomato leaf bacterial spot,326,51,359,77
28619919393_7ef44acccc_b_jpg.rf.20a5fac39107154dcd7f5d98cbad0b14.jpg,640,640,Tomato leaf bacterial spot,147,225,191,243
28619919393_7ef44acccc_b_jpg.rf.20a5fac39107154dcd7f5d98cbad0b14.jpg,640,640,Tomato leaf bacterial spot,166,160,211,192
28619919393_7ef44acccc_b_jpg.rf.20a5fac39107154dcd7f5d98cbad0b14.jpg,640,640,Tomato leaf bacterial spot,224,173,268,192
28619919393_7ef44acccc_b_jpg.rf.20a5fac39107154dcd7f5d98cbad0b14.jpg,640,640,Tomato leaf bacterial spot,205,147,249,179
28619919393_7ef44acccc_b_jpg.rf.20a5fac39107154dcd7f5d98cbad0b14.jpg,640,640,Tomato leaf bacterial spot,378,180,416,206
28619919393_7ef44acccc_b_jpg.rf.20a5fac39107154dcd7f5d98cbad0b14.jpg,640,640,Tomato leaf bacterial spot,519,365,596,390
28619919393_7ef44acccc_b_jpg.rf.20a5fac39107154dcd7f5d98cbad0b14.jpg,640,640,Tomato leaf bacterial spot,531,340,583,365
28619919393_7ef44acccc_b_jpg.rf.20a5fac39107154dcd7f5d98cbad0b14.jpg,640,640,Tomato leaf bacterial spot,512,301,570,321
28619919393_7ef44acccc_b_jpg.rf.20a5fac39107154dcd7f5d98cbad0b14.jpg,640,640,Tomato leaf bacterial spot,525,249,589,288
28619919393_7ef44acccc_b_jpg.rf.20a5fac39107154dcd7f5d98cbad0b14.jpg,640,640,Tomato leaf bacterial spot,467,218,511,256
28619919393_7ef44acccc_b_jpg.rf.20a5fac39107154dcd7f5d98cbad0b14.jpg,640,640,Tomato leaf bacterial spot,428,256,487,275
28619919393_7ef44acccc_b_jpg.rf.20a5fac39107154dcd7f5d98cbad0b14.jpg,640,640,Tomato leaf bacterial spot,90,307,116,359
28619919393_7ef44acccc_b_jpg.rf.20a5fac39107154dcd7f5d98cbad0b14.jpg,640,640,Tomato leaf bacterial spot,173,332,250,365
28619919393_7ef44acccc_b_jpg.rf.20a5fac39107154dcd7f5d98cbad0b14.jpg,640,640,Tomato leaf bacterial spot,205,352,269,377
28619919393_7ef44acccc_b_jpg.rf.20a5fac39107154dcd7f5d98cbad0b14.jpg,640,640,Tomato leaf bacterial spot,224,294,288,320
28619919393_7ef44acccc_b_jpg.rf.20a5fac39107154dcd7f5d98cbad0b14.jpg,640,640,Tomato leaf bacterial spot,128,288,205,320
28619919393_7ef44acccc_b_jpg.rf.20a5fac39107154dcd7f5d98cbad0b14.jpg,640,640,Tomato leaf bacterial spot,256,250,289,276
28619919393_7ef44acccc_b_jpg.rf.20a5fac39107154dcd7f5d98cbad0b14.jpg,640,640,Tomato leaf bacterial spot,230,230,256,262
28619919393_7ef44acccc_b_jpg.rf.20a5fac39107154dcd7f5d98cbad0b14.jpg,640,640,Tomato leaf bacterial spot,256,211,301,225
28619919393_7ef44acccc_b_jpg.rf.20a5fac39107154dcd7f5d98cbad0b14.jpg,640,640,Tomato leaf bacterial spot,301,191,333,224
28619919393_7ef44acccc_b_jpg.rf.20a5fac39107154dcd7f5d98cbad0b14.jpg,640,640,Tomato leaf bacterial spot,282,225,320,243
28619919393_7ef44acccc_b_jpg.rf.20a5fac39107154dcd7f5d98cbad0b14.jpg,640,640,Tomato leaf bacterial spot,307,269,365,295
28619919393_7ef44acccc_b_jpg.rf.20a5fac39107154dcd7f5d98cbad0b14.jpg,640,640,Tomato leaf bacterial spot,365,263,409,289
28619919393_7ef44acccc_b_jpg.rf.20a5fac39107154dcd7f5d98cbad0b14.jpg,640,640,Tomato leaf bacterial spot,377,288,429,307
28619919393_7ef44acccc_b_jpg.rf.20a5fac39107154dcd7f5d98cbad0b14.jpg,640,640,Tomato leaf bacterial spot,307,295,378,313
Shoemaker_7068_JPG_jpg.rf.51defdf37b40eae06e6dd59f0d8589ec.jpg,640,640,Tomato Early blight leaf,19,115,633,422
halleck_tomato_earlyblight__inline-half_jpg.rf.f902431249a5cf282d94d273bd583efe.jpg,640,640,Tomato Early blight leaf,89,38,462,557
534ddf3a932e62dd929a3ac1b29bfa29_jpg.rf.68077eee043fb18697ce739beb53ebb8.jpg,640,640,Tomato leaf bacterial spot,295,448,422,634
534ddf3a932e62dd929a3ac1b29bfa29_jpg.rf.68077eee043fb18697ce739beb53ebb8.jpg,640,640,Tomato leaf bacterial spot,492,192,634,377
534ddf3a932e62dd929a3ac1b29bfa29_jpg.rf.68077eee043fb18697ce739beb53ebb8.jpg,640,640,Tomato leaf bacterial spot,384,205,455,308
534ddf3a932e62dd929a3ac1b29bfa29_jpg.rf.68077eee043fb18697ce739beb53ebb8.jpg,640,640,Tomato leaf bacterial spot,436,225,525,326
534ddf3a932e62dd929a3ac1b29bfa29_jpg.rf.68077eee043fb18697ce739beb53ebb8.jpg,640,640,Tomato leaf bacterial spot,115,12,301,205
534ddf3a932e62dd929a3ac1b29bfa29_jpg.rf.68077eee043fb18697ce739beb53ebb8.jpg,640,640,Tomato leaf bacterial spot,269,95,423,231
534ddf3a932e62dd929a3ac1b29bfa29_jpg.rf.68077eee043fb18697ce739beb53ebb8.jpg,640,640,Tomato leaf bacterial spot,173,282,250,462
534ddf3a932e62dd929a3ac1b29bfa29_jpg.rf.68077eee043fb18697ce739beb53ebb8.jpg,640,640,Tomato leaf bacterial spot,31,288,147,468
534ddf3a932e62dd929a3ac1b29bfa29_jpg.rf.68077eee043fb18697ce739beb53ebb8.jpg,640,640,Tomato leaf bacterial spot,32,128,218,243
534ddf3a932e62dd929a3ac1b29bfa29_jpg.rf.68077eee043fb18697ce739beb53ebb8.jpg,640,640,Tomato leaf bacterial spot,268,262,390,384
534ddf3a932e62dd929a3ac1b29bfa29_jpg.rf.68077eee043fb18697ce739beb53ebb8.jpg,640,640,Tomato leaf bacterial spot,410,372,493,615
black_leaf_mold_in_zina_tina_jpg.rf.17846d199dac8f78303cb8acc89717e9.jpg,640,640,Tomato mold leaf,308,0,511,349
black_leaf_mold_in_zina_tina_jpg.rf.17846d199dac8f78303cb8acc89717e9.jpg,640,640,Tomato mold leaf,515,88,639,385
black_leaf_mold_in_zina_tina_jpg.rf.17846d199dac8f78303cb8acc89717e9.jpg,640,640,Tomato mold leaf,104,194,338,452
illustration-thematique-urbino-fig5_plante-20tylcv_jpg.rf.0a7ac6e4632d325d620db38d40b0037b.jpg,640,640,Tomato leaf bacterial spot,391,115,435,148
illustration-thematique-urbino-fig5_plante-20tylcv_jpg.rf.0a7ac6e4632d325d620db38d40b0037b.jpg,640,640,Tomato leaf bacterial spot,358,58,391,135
illustration-thematique-urbino-fig5_plante-20tylcv_jpg.rf.0a7ac6e4632d325d620db38d40b0037b.jpg,640,640,Tomato leaf bacterial spot,249,556,282,609
illustration-thematique-urbino-fig5_plante-20tylcv_jpg.rf.0a7ac6e4632d325d620db38d40b0037b.jpg,640,640,Tomato leaf bacterial spot,256,499,295,538
illustration-thematique-urbino-fig5_plante-20tylcv_jpg.rf.0a7ac6e4632d325d620db38d40b0037b.jpg,640,640,Tomato leaf bacterial spot,249,544,288,570
illustration-thematique-urbino-fig5_plante-20tylcv_jpg.rf.0a7ac6e4632d325d620db38d40b0037b.jpg,640,640,Tomato leaf bacterial spot,569,320,634,391
illustration-thematique-urbino-fig5_plante-20tylcv_jpg.rf.0a7ac6e4632d325d620db38d40b0037b.jpg,640,640,Tomato leaf bacterial spot,544,377,621,441
illustration-thematique-urbino-fig5_plante-20tylcv_jpg.rf.0a7ac6e4632d325d620db38d40b0037b.jpg,640,640,Tomato leaf bacterial spot,262,332,307,391
illustration-thematique-urbino-fig5_plante-20tylcv_jpg.rf.0a7ac6e4632d325d620db38d40b0037b.jpg,640,640,Tomato leaf bacterial spot,230,243,282,308
illustration-thematique-urbino-fig5_plante-20tylcv_jpg.rf.0a7ac6e4632d325d620db38d40b0037b.jpg,640,640,Tomato leaf bacterial spot,205,199,243,276
illustration-thematique-urbino-fig5_plante-20tylcv_jpg.rf.0a7ac6e4632d325d620db38d40b0037b.jpg,640,640,Tomato leaf bacterial spot,205,160,237,192
illustration-thematique-urbino-fig5_plante-20tylcv_jpg.rf.0a7ac6e4632d325d620db38d40b0037b.jpg,640,640,Tomato leaf bacterial spot,326,275,379,327
illustration-thematique-urbino-fig5_plante-20tylcv_jpg.rf.0a7ac6e4632d325d620db38d40b0037b.jpg,640,640,Tomato leaf bacterial spot,345,365,410,442
illustration-thematique-urbino-fig5_plante-20tylcv_jpg.rf.0a7ac6e4632d325d620db38d40b0037b.jpg,640,640,Tomato leaf bacterial spot,295,403,339,486
3-septoria-leaf-blight-n_jpg.rf.5afd1a231085b2fb4ceae8919ba00c40.jpg,640,640,Tomato Septoria leaf spot,45,250,282,428
bacterialSpeck03510339f27656b-1scmgh1_jpg.rf.22bb03103f18a074b5e9a6ff00283ae6.jpg,640,640,Tomato leaf mosaic virus,117,388,229,597
bacterialSpeck03510339f27656b-1scmgh1_jpg.rf.22bb03103f18a074b5e9a6ff00283ae6.jpg,640,640,Tomato leaf mosaic virus,333,2,616,336
bacterialSpeck03510339f27656b-1scmgh1_jpg.rf.22bb03103f18a074b5e9a6ff00283ae6.jpg,640,640,Tomato leaf mosaic virus,169,29,308,303
bacterialSpeck03510339f27656b-1scmgh1_jpg.rf.22bb03103f18a074b5e9a6ff00283ae6.jpg,640,640,Tomato leaf mosaic virus,48,66,223,277
bacterialSpeck03510339f27656b-1scmgh1_jpg.rf.22bb03103f18a074b5e9a6ff00283ae6.jpg,640,640,Tomato leaf mosaic virus,1,343,94,525
bacterialSpeck03510339f27656b-1scmgh1_jpg.rf.22bb03103f18a074b5e9a6ff00283ae6.jpg,640,640,Tomato leaf mosaic virus,500,356,638,639
bacterialSpeck03510339f27656b-1scmgh1_jpg.rf.22bb03103f18a074b5e9a6ff00283ae6.jpg,640,640,Tomato leaf mosaic virus,454,378,528,431
bacterialSpeck03510339f27656b-1scmgh1_jpg.rf.22bb03103f18a074b5e9a6ff00283ae6.jpg,640,640,Tomato leaf mosaic virus,392,322,457,500
bacterialSpeck03510339f27656b-1scmgh1_jpg.rf.22bb03103f18a074b5e9a6ff00283ae6.jpg,640,640,Tomato leaf mosaic virus,223,342,374,633
bacterialSpeck03510339f27656b-1scmgh1_jpg.rf.22bb03103f18a074b5e9a6ff00283ae6.jpg,640,640,Tomato leaf mosaic virus,365,152,425,300
Early_Blight_of_Tomato177_jpg.rf.6a8533d71f815a1e9c0c78e2e3f8ee05.jpg,640,640,Tomato Early blight leaf,0,0,638,638
gray-mold-on-tomato-leaf_jpg.rf.9f40277ca8aa48c4b17af9af73095278.jpg,640,640,Tomato mold leaf,109,12,514,634
Diseased-Tomato-Plant_jpg.rf.51215bd6af7926f566072a264b0d46a3.jpg,640,640,Tomato Early blight leaf,70,71,250,231
Diseased-Tomato-Plant_jpg.rf.51215bd6af7926f566072a264b0d46a3.jpg,640,640,Tomato Early blight leaf,397,6,480,166
Diseased-Tomato-Plant_jpg.rf.51215bd6af7926f566072a264b0d46a3.jpg,640,640,Tomato Early blight leaf,487,27,615,436
Diseased-Tomato-Plant_jpg.rf.51215bd6af7926f566072a264b0d46a3.jpg,640,640,Tomato leaf late blight,244,199,345,353
latest-cb-20100719124603_jpg.rf.e50596773b6415161c43c2d706c534e0.jpg,640,640,Tomato leaf,316,104,415,264
latest-cb-20100719124603_jpg.rf.e50596773b6415161c43c2d706c534e0.jpg,640,640,Tomato leaf,107,129,195,323
latest-cb-20100719124603_jpg.rf.e50596773b6415161c43c2d706c534e0.jpg,640,640,Tomato leaf,251,199,325,330
latest-cb-20100719124603_jpg.rf.e50596773b6415161c43c2d706c534e0.jpg,640,640,Tomato leaf,199,193,273,361
latest-cb-20100719124603_jpg.rf.e50596773b6415161c43c2d706c534e0.jpg,640,640,Tomato leaf,315,248,439,348
latest-cb-20100719124603_jpg.rf.e50596773b6415161c43c2d706c534e0.jpg,640,640,Tomato leaf,446,268,534,363
latest-cb-20100719124603_jpg.rf.e50596773b6415161c43c2d706c534e0.jpg,640,640,Tomato leaf,186,368,280,470
latest-cb-20100719124603_jpg.rf.e50596773b6415161c43c2d706c534e0.jpg,640,640,Tomato leaf,80,367,203,591
latest-cb-20100719124603_jpg.rf.e50596773b6415161c43c2d706c534e0.jpg,640,640,Tomato leaf,405,409,488,576
latest-cb-20100719124603_jpg.rf.e50596773b6415161c43c2d706c534e0.jpg,640,640,Tomato leaf,175,472,338,639
latest-cb-20100719124603_jpg.rf.e50596773b6415161c43c2d706c534e0.jpg,640,640,Tomato leaf,244,0,429,195
600_jpg.rf.f372db690a6b8fb73365854ed09d0cba.jpg,640,640,Tomato leaf mosaic virus,23,9,566,386
Tomato-Canker-Marginal-Necrosis-Leaf-GH-Guat-50-QUALITY-10e6dzu_jpg.rf.c2bc23e7a974c8fc4afe6e59de35eb9b.jpg,640,640,Tomato leaf mosaic virus,8,143,511,583
Tomato-Canker-Marginal-Necrosis-Leaf-GH-Guat-50-QUALITY-10e6dzu_jpg.rf.c2bc23e7a974c8fc4afe6e59de35eb9b.jpg,640,640,Tomato leaf mosaic virus,456,14,639,371
50-20Leafmold-20Top_jpg.rf.a8d8da3446a100178a64b02eb1c5c17d.jpg,640,640,Tomato mold leaf,51,35,586,600
SeptoriaTomato-B_jpg.rf.9a7e644beee2dbb69ab5d9d3f67a58f6.jpg,640,640,Tomato Septoria leaf spot,19,0,223,242
SeptoriaTomato-B_jpg.rf.9a7e644beee2dbb69ab5d9d3f67a58f6.jpg,640,640,Tomato Septoria leaf spot,277,238,386,353
SeptoriaTomato-B_jpg.rf.9a7e644beee2dbb69ab5d9d3f67a58f6.jpg,640,640,Tomato Septoria leaf spot,370,214,516,441
SeptoriaTomato-B_jpg.rf.9a7e644beee2dbb69ab5d9d3f67a58f6.jpg,640,640,Tomato Septoria leaf spot,421,196,639,610
SeptoriaTomato-B_jpg.rf.9a7e644beee2dbb69ab5d9d3f67a58f6.jpg,640,640,Tomato Septoria leaf spot,0,221,118,421
SeptoriaTomato-B_jpg.rf.9a7e644beee2dbb69ab5d9d3f67a58f6.jpg,640,640,Tomato Septoria leaf spot,183,406,575,640
SeptoriaTomato-B_jpg.rf.9a7e644beee2dbb69ab5d9d3f67a58f6.jpg,640,640,Tomato Septoria leaf spot,320,1,471,181
toma_TMV_jpg.rf.ea8bb8ff6775e956babbd6f59cbd8e04.jpg,640,640,Tomato leaf,0,57,77,314
toma_TMV_jpg.rf.ea8bb8ff6775e956babbd6f59cbd8e04.jpg,640,640,Tomato leaf,58,384,244,633
toma_TMV_jpg.rf.ea8bb8ff6775e956babbd6f59cbd8e04.jpg,640,640,Tomato leaf,58,6,250,302
toma_TMV_jpg.rf.ea8bb8ff6775e956babbd6f59cbd8e04.jpg,640,640,Tomato leaf,199,186,608,525
symptoms_of_late_blight_0_jpg.rf.997846e8e8bad6437e82c69ce29ed291.jpg,640,640,Tomato leaf yellow virus,168,242,468,385
symptoms_of_late_blight_0_jpg.rf.997846e8e8bad6437e82c69ce29ed291.jpg,640,640,Tomato leaf yellow virus,365,109,548,246
tmv-tomato-34_jpg.rf.5a00b2d91809f69f3435e9b3fe9bff74.jpg,640,640,Tomato leaf,2,362,103,583
tmv-tomato-34_jpg.rf.5a00b2d91809f69f3435e9b3fe9bff74.jpg,640,640,Tomato leaf,434,35,638,391
tmv-tomato-34_jpg.rf.5a00b2d91809f69f3435e9b3fe9bff74.jpg,640,640,Tomato leaf,240,133,565,519
2015-09-17-01_jpg.rf.ba81c14524123533200718293a8c4dc5.jpg,640,640,Tomato leaf late blight,288,68,497,328
2015-09-17-01_jpg.rf.ba81c14524123533200718293a8c4dc5.jpg,640,640,Tomato leaf late blight,417,278,638,637
2015-09-17-01_jpg.rf.ba81c14524123533200718293a8c4dc5.jpg,640,640,Tomato leaf late blight,254,331,405,638
2015-09-17-01_jpg.rf.ba81c14524123533200718293a8c4dc5.jpg,640,640,Tomato leaf late blight,9,3,165,288
2015-09-17-01_jpg.rf.ba81c14524123533200718293a8c4dc5.jpg,640,640,Tomato leaf late blight,148,188,215,315
2015-09-17-01_jpg.rf.ba81c14524123533200718293a8c4dc5.jpg,640,640,Tomato leaf late blight,229,196,283,316
2015-09-17-01_jpg.rf.ba81c14524123533200718293a8c4dc5.jpg,640,640,Tomato leaf late blight,51,354,240,638
2015-09-17-01_jpg.rf.ba81c14524123533200718293a8c4dc5.jpg,640,640,Tomato leaf late blight,149,311,234,442
IMG_2436w_jpg.rf.7cf564663a69c98fa62f7a9127a6ec1e.jpg,640,640,Tomato Early blight leaf,128,128,474,634
5579e3247db73_image_jpg.rf.235b44081b79f3e9923e15a753547085.jpg,640,640,Tomato Septoria leaf spot,348,305,574,417
5579e3247db73_image_jpg.rf.235b44081b79f3e9923e15a753547085.jpg,640,640,Tomato Septoria leaf spot,396,186,639,291
5579e3247db73_image_jpg.rf.235b44081b79f3e9923e15a753547085.jpg,640,640,Tomato Septoria leaf spot,416,91,639,195
5579e3247db73_image_jpg.rf.235b44081b79f3e9923e15a753547085.jpg,640,640,Tomato Septoria leaf spot,182,16,320,147
5579e3247db73_image_jpg.rf.235b44081b79f3e9923e15a753547085.jpg,640,640,Tomato Septoria leaf spot,22,195,269,348
5579e3247db73_image_jpg.rf.235b44081b79f3e9923e15a753547085.jpg,640,640,Tomato Septoria leaf spot,94,301,308,454
5579e3247db73_image_jpg.rf.235b44081b79f3e9923e15a753547085.jpg,640,640,Tomato Septoria leaf spot,266,372,425,603
5579e3247db73_image_jpg.rf.235b44081b79f3e9923e15a753547085.jpg,640,640,Tomato Septoria leaf spot,32,419,214,522
5579e3247db73_image_jpg.rf.235b44081b79f3e9923e15a753547085.jpg,640,640,Tomato Septoria leaf spot,2,463,333,639
tomato-badleaves_jpg.rf.a8d1dd44f9483efa97e652dd8d1fa69d.jpg,640,640,Tomato Septoria leaf spot,434,91,523,275
tomato-badleaves_jpg.rf.a8d1dd44f9483efa97e652dd8d1fa69d.jpg,640,640,Tomato Septoria leaf spot,148,25,297,219
tomato-badleaves_jpg.rf.a8d1dd44f9483efa97e652dd8d1fa69d.jpg,640,640,Tomato Septoria leaf spot,174,149,272,371
tomato-badleaves_jpg.rf.a8d1dd44f9483efa97e652dd8d1fa69d.jpg,640,640,Tomato Septoria leaf spot,99,185,196,343
tomato-badleaves_jpg.rf.a8d1dd44f9483efa97e652dd8d1fa69d.jpg,640,640,Tomato Septoria leaf spot,200,454,288,615
tomato-badleaves_jpg.rf.a8d1dd44f9483efa97e652dd8d1fa69d.jpg,640,640,Tomato Septoria leaf spot,46,398,157,580
tomato-badleaves_jpg.rf.a8d1dd44f9483efa97e652dd8d1fa69d.jpg,640,640,Tomato Septoria leaf spot,318,97,440,411
SeptoriaTomato-B_jpg.rf.3662540eab3d9e58b18c82a95e497b17.jpg,640,640,Tomato Septoria leaf spot,532,294,633,480
SeptoriaTomato-B_jpg.rf.3662540eab3d9e58b18c82a95e497b17.jpg,640,640,Tomato Septoria leaf spot,0,173,160,576
SeptoriaTomato-B_jpg.rf.3662540eab3d9e58b18c82a95e497b17.jpg,640,640,Tomato Septoria leaf spot,224,0,351,148
SeptoriaTomato-B_jpg.rf.3662540eab3d9e58b18c82a95e497b17.jpg,640,640,Tomato Septoria leaf spot,492,7,634,276
SeptoriaTomato-B_jpg.rf.3662540eab3d9e58b18c82a95e497b17.jpg,640,640,Tomato Septoria leaf spot,38,390,391,627
SeptoriaTomato-B_jpg.rf.3662540eab3d9e58b18c82a95e497b17.jpg,640,640,Tomato Septoria leaf spot,270,243,359,340
SeptoriaTomato-B_jpg.rf.3662540eab3d9e58b18c82a95e497b17.jpg,640,640,Tomato Septoria leaf spot,147,191,250,404
depositphotos_7182856-stock-photo-tomato-leaf_jpg.rf.84a8f41ef90d44914e45ea9802e23faf.jpg,640,640,Tomato leaf late blight,25,153,244,327
depositphotos_7182856-stock-photo-tomato-leaf_jpg.rf.84a8f41ef90d44914e45ea9802e23faf.jpg,640,640,Tomato leaf late blight,211,122,320,282
depositphotos_7182856-stock-photo-tomato-leaf_jpg.rf.84a8f41ef90d44914e45ea9802e23faf.jpg,640,640,Tomato leaf late blight,301,90,442,295
depositphotos_7182856-stock-photo-tomato-leaf_jpg.rf.84a8f41ef90d44914e45ea9802e23faf.jpg,640,640,Tomato leaf late blight,403,90,531,276
depositphotos_7182856-stock-photo-tomato-leaf_jpg.rf.84a8f41ef90d44914e45ea9802e23faf.jpg,640,640,Tomato leaf late blight,391,345,518,538
depositphotos_7182856-stock-photo-tomato-leaf_jpg.rf.84a8f41ef90d44914e45ea9802e23faf.jpg,640,640,Tomato leaf late blight,352,347,416,596
depositphotos_7182856-stock-photo-tomato-leaf_jpg.rf.84a8f41ef90d44914e45ea9802e23faf.jpg,640,640,Tomato leaf late blight,198,294,294,480
5315825271570432_jpeg_jpg.rf.c33ef1b4dc5d12eae46bf35ab901d658.jpg,640,640,Tomato Septoria leaf spot,153,160,378,294
5315825271570432_jpeg_jpg.rf.c33ef1b4dc5d12eae46bf35ab901d658.jpg,640,640,Tomato Septoria leaf spot,467,415,588,474
5315825271570432_jpeg_jpg.rf.c33ef1b4dc5d12eae46bf35ab901d658.jpg,640,640,Tomato Septoria leaf spot,282,128,569,448
5315825271570432_jpeg_jpg.rf.c33ef1b4dc5d12eae46bf35ab901d658.jpg,640,640,Tomato Septoria leaf spot,160,480,608,602
5315825271570432_jpeg_jpg.rf.c33ef1b4dc5d12eae46bf35ab901d658.jpg,640,640,Tomato Septoria leaf spot,160,442,358,506
5315825271570432_jpeg_jpg.rf.c33ef1b4dc5d12eae46bf35ab901d658.jpg,640,640,Tomato Septoria leaf spot,51,302,243,403
droppedImage_3_jpg.rf.3a3fb98a93fdb52104501cb857094b58.jpg,640,640,Tomato leaf late blight,0,6,638,555
TC6-300x194_jpg.rf.e512d99ab692c98e1847eb585c9a70cf.jpg,640,640,Tomato leaf mosaic virus,108,25,570,633
late_blight_2013_longisland1x1200_jpg.rf.ca0dfb75154598337ef98ce4bc29d98e.jpg,640,640,Tomato leaf mosaic virus,182,28,416,189
late_blight_2013_longisland1x1200_jpg.rf.ca0dfb75154598337ef98ce4bc29d98e.jpg,640,640,Tomato leaf mosaic virus,0,196,168,539
late_blight_2013_longisland1x1200_jpg.rf.ca0dfb75154598337ef98ce4bc29d98e.jpg,640,640,Tomato leaf mosaic virus,162,261,375,428
late_blight_2013_longisland1x1200_jpg.rf.ca0dfb75154598337ef98ce4bc29d98e.jpg,640,640,Tomato leaf mosaic virus,379,109,593,514
late_blight_2013_longisland1x1200_jpg.rf.ca0dfb75154598337ef98ce4bc29d98e.jpg,640,640,Tomato leaf mosaic virus,175,412,489,579
tomato-mosaic-virus-disease-on-260nw-625499771_jpg.rf.0a0edcdcfd4c6fc01e4b11625269dd88.jpg,640,640,Tomato leaf,15,29,168,265
tomato-mosaic-virus-disease-on-260nw-625499771_jpg.rf.0a0edcdcfd4c6fc01e4b11625269dd88.jpg,640,640,Tomato leaf,46,305,197,500
tomato-mosaic-virus-disease-on-260nw-625499771_jpg.rf.0a0edcdcfd4c6fc01e4b11625269dd88.jpg,640,640,Tomato leaf,174,272,368,583
tomato-mosaic-virus-disease-on-260nw-625499771_jpg.rf.0a0edcdcfd4c6fc01e4b11625269dd88.jpg,640,640,Tomato leaf,183,18,362,254
tomato-mosaic-virus-disease-on-260nw-625499771_jpg.rf.0a0edcdcfd4c6fc01e4b11625269dd88.jpg,640,640,Tomato leaf,374,135,611,400
spotonleaf1_jpg.rf.8856d7141bb4f26ce3f79998608fcb3b.jpg,640,640,Tomato Early blight leaf,95,248,288,586
Tomato-leaf-mold_jpg.rf.68a2bbef87546fcb8a524bf700b32e30.jpg,640,640,Tomato mold leaf,2,380,146,638
Tomato-leaf-mold_jpg.rf.68a2bbef87546fcb8a524bf700b32e30.jpg,640,640,Tomato mold leaf,131,26,265,220
Tomato-leaf-mold_jpg.rf.68a2bbef87546fcb8a524bf700b32e30.jpg,640,640,Tomato mold leaf,521,0,637,369
Tomato-leaf-mold_jpg.rf.68a2bbef87546fcb8a524bf700b32e30.jpg,640,640,Tomato mold leaf,209,242,334,628
Tomato-leaf-mold_jpg.rf.68a2bbef87546fcb8a524bf700b32e30.jpg,640,640,Tomato mold leaf,275,25,603,445
Tomato-leaf-mold_jpg.rf.68a2bbef87546fcb8a524bf700b32e30.jpg,640,640,Tomato mold leaf,306,319,529,573
128110613-56a6d3633df78cf7729070ad_jpg.rf.4c05082d45ef1f3de3d0bb3043c7d42a.jpg,640,640,Tomato Septoria leaf spot,323,39,522,599
128110613-56a6d3633df78cf7729070ad_jpg.rf.4c05082d45ef1f3de3d0bb3043c7d42a.jpg,640,640,Tomato Septoria leaf spot,444,3,616,168
septoria-leaf-spot-tomatoes1x2400-17g2jzo_jpg.rf.104f8eaeabe90bde42a3a34d3c537bd7.jpg,640,640,Tomato Septoria leaf spot,454,396,634,621
septoria-leaf-spot-tomatoes1x2400-17g2jzo_jpg.rf.104f8eaeabe90bde42a3a34d3c537bd7.jpg,640,640,Tomato Septoria leaf spot,301,409,461,634
septoria-leaf-spot-tomatoes1x2400-17g2jzo_jpg.rf.104f8eaeabe90bde42a3a34d3c537bd7.jpg,640,640,Tomato Septoria leaf spot,166,326,308,634
septoria-leaf-spot-tomatoes1x2400-17g2jzo_jpg.rf.104f8eaeabe90bde42a3a34d3c537bd7.jpg,640,640,Tomato Septoria leaf spot,236,359,339,442
septoria-leaf-spot-tomatoes1x2400-17g2jzo_jpg.rf.104f8eaeabe90bde42a3a34d3c537bd7.jpg,640,640,Tomato Septoria leaf spot,6,212,166,378
septoria-leaf-spot-tomatoes1x2400-17g2jzo_jpg.rf.104f8eaeabe90bde42a3a34d3c537bd7.jpg,640,640,Tomato Septoria leaf spot,178,0,306,172
septoria-leaf-spot-tomatoes1x2400-17g2jzo_jpg.rf.104f8eaeabe90bde42a3a34d3c537bd7.jpg,640,640,Tomato Septoria leaf spot,295,211,384,320
septoria-leaf-spot-tomatoes1x2400-17g2jzo_jpg.rf.104f8eaeabe90bde42a3a34d3c537bd7.jpg,640,640,Tomato Septoria leaf spot,365,179,557,358
septoria-leaf-spot-tomatoes1x2400-17g2jzo_jpg.rf.104f8eaeabe90bde42a3a34d3c537bd7.jpg,640,640,Tomato Septoria leaf spot,275,0,449,237
SeptoriaLeaf_T3_jpg.rf.a21d44c37edd273dfe26067d27e85ab7.jpg,640,640,Tomato Septoria leaf spot,2,298,129,637
SeptoriaLeaf_T3_jpg.rf.a21d44c37edd273dfe26067d27e85ab7.jpg,640,640,Tomato Septoria leaf spot,457,5,543,103
SeptoriaLeaf_T3_jpg.rf.a21d44c37edd273dfe26067d27e85ab7.jpg,640,640,Tomato Septoria leaf spot,557,268,638,452
SeptoriaLeaf_T3_jpg.rf.a21d44c37edd273dfe26067d27e85ab7.jpg,640,640,Tomato Septoria leaf spot,299,516,419,636
SeptoriaLeaf_T3_jpg.rf.a21d44c37edd273dfe26067d27e85ab7.jpg,640,640,Tomato Septoria leaf spot,151,248,298,554
SeptoriaLeaf_T3_jpg.rf.a21d44c37edd273dfe26067d27e85ab7.jpg,640,640,Tomato Septoria leaf spot,316,120,462,515
tdisease_1_jpg.rf.7714757929a5e7e0b0ac6fa7311a00f9.jpg,640,640,Tomato mold leaf,282,415,371,557
tdisease_1_jpg.rf.7714757929a5e7e0b0ac6fa7311a00f9.jpg,640,640,Tomato mold leaf,192,396,314,576
tlcv-tomato-leaf-curl-virus-symptoms-on-a-glasshouse-tomato-plant-ACGAG6_jpg.rf.030399e1d14aab461f56111632f95cfd.jpg,640,640,Tomato leaf bacterial spot,458,174,540,274
tlcv-tomato-leaf-curl-virus-symptoms-on-a-glasshouse-tomato-plant-ACGAG6_jpg.rf.030399e1d14aab461f56111632f95cfd.jpg,640,640,Tomato leaf bacterial spot,225,53,309,170
tlcv-tomato-leaf-curl-virus-symptoms-on-a-glasshouse-tomato-plant-ACGAG6_jpg.rf.030399e1d14aab461f56111632f95cfd.jpg,640,640,Tomato leaf bacterial spot,285,160,376,266
tlcv-tomato-leaf-curl-virus-symptoms-on-a-glasshouse-tomato-plant-ACGAG6_jpg.rf.030399e1d14aab461f56111632f95cfd.jpg,640,640,Tomato leaf bacterial spot,179,248,310,297
tlcv-tomato-leaf-curl-virus-symptoms-on-a-glasshouse-tomato-plant-ACGAG6_jpg.rf.030399e1d14aab461f56111632f95cfd.jpg,640,640,Tomato leaf bacterial spot,111,280,226,383
tlcv-tomato-leaf-curl-virus-symptoms-on-a-glasshouse-tomato-plant-ACGAG6_jpg.rf.030399e1d14aab461f56111632f95cfd.jpg,640,640,Tomato leaf bacterial spot,32,373,168,516
tlcv-tomato-leaf-curl-virus-symptoms-on-a-glasshouse-tomato-plant-ACGAG6_jpg.rf.030399e1d14aab461f56111632f95cfd.jpg,640,640,Tomato leaf bacterial spot,229,358,348,517
tlcv-tomato-leaf-curl-virus-symptoms-on-a-glasshouse-tomato-plant-ACGAG6_jpg.rf.030399e1d14aab461f56111632f95cfd.jpg,640,640,Tomato leaf bacterial spot,317,291,441,360
tlcv-tomato-leaf-curl-virus-symptoms-on-a-glasshouse-tomato-plant-ACGAG6_jpg.rf.030399e1d14aab461f56111632f95cfd.jpg,640,640,Tomato leaf bacterial spot,454,255,635,408
tlcv-tomato-leaf-curl-virus-symptoms-on-a-glasshouse-tomato-plant-ACGAG6_jpg.rf.030399e1d14aab461f56111632f95cfd.jpg,640,640,Tomato leaf bacterial spot,452,334,554,468
-2320-Bacterial-Spot-and-Speck_jpg.rf.ee948a428042e0f3cf5813fcfc50b117.jpg,640,640,Tomato leaf mosaic virus,40,174,274,352
tj5itxzunn3k_jpg.rf.3ece0a7d00719ceb3848400979750495.jpg,640,640,Tomato leaf bacterial spot,198,237,391,634
tj5itxzunn3k_jpg.rf.3ece0a7d00719ceb3848400979750495.jpg,640,640,Tomato leaf bacterial spot,551,13,634,212
tj5itxzunn3k_jpg.rf.3ece0a7d00719ceb3848400979750495.jpg,640,640,Tomato leaf bacterial spot,531,102,583,218
tj5itxzunn3k_jpg.rf.3ece0a7d00719ceb3848400979750495.jpg,640,640,Tomato leaf bacterial spot,243,52,462,218
tj5itxzunn3k_jpg.rf.3ece0a7d00719ceb3848400979750495.jpg,640,640,Tomato leaf bacterial spot,397,230,563,544
2014-08-27-2B-2BCloser-2BView-2Bof-2BSeptoria-2BLeaf-2BSpot_jpg.rf.3464c38ffe1a77cb947261e8458506d9.jpg,640,640,Tomato Septoria leaf spot,162,354,265,451
2014-08-27-2B-2BCloser-2BView-2Bof-2BSeptoria-2BLeaf-2BSpot_jpg.rf.3464c38ffe1a77cb947261e8458506d9.jpg,640,640,Tomato Septoria leaf spot,0,423,191,579
2014-08-27-2B-2BCloser-2BView-2Bof-2BSeptoria-2BLeaf-2BSpot_jpg.rf.3464c38ffe1a77cb947261e8458506d9.jpg,640,640,Tomato Septoria leaf spot,410,359,619,510
2014-08-27-2B-2BCloser-2BView-2Bof-2BSeptoria-2BLeaf-2BSpot_jpg.rf.3464c38ffe1a77cb947261e8458506d9.jpg,640,640,Tomato Septoria leaf spot,303,291,419,346
2014-08-27-2B-2BCloser-2BView-2Bof-2BSeptoria-2BLeaf-2BSpot_jpg.rf.3464c38ffe1a77cb947261e8458506d9.jpg,640,640,Tomato Septoria leaf spot,323,339,403,425
2014-08-27-2B-2BCloser-2BView-2Bof-2BSeptoria-2BLeaf-2BSpot_jpg.rf.3464c38ffe1a77cb947261e8458506d9.jpg,640,640,Tomato Septoria leaf spot,160,312,255,386
20100816earlyblight_jpg.rf.d878a0f224a9e613144b078e057525d9.jpg,640,640,Tomato Early blight leaf,178,74,435,471
20100816earlyblight_jpg.rf.5ab0ad9baa68a7f2b1d285276e133074.jpg,640,640,Tomato Early blight leaf,175,168,432,565
29994445671_b6914b44d0_b_jpg.rf.cd7b736a4b3f2bb37551c278d495030e.jpg,640,640,Tomato leaf,387,454,605,617
29994445671_b6914b44d0_b_jpg.rf.cd7b736a4b3f2bb37551c278d495030e.jpg,640,640,Tomato leaf,154,444,378,604
29994445671_b6914b44d0_b_jpg.rf.cd7b736a4b3f2bb37551c278d495030e.jpg,640,640,Tomato leaf,438,336,540,467
29994445671_b6914b44d0_b_jpg.rf.cd7b736a4b3f2bb37551c278d495030e.jpg,640,640,Tomato leaf,162,373,269,510
29994445671_b6914b44d0_b_jpg.rf.cd7b736a4b3f2bb37551c278d495030e.jpg,640,640,Tomato leaf,329,338,376,405
29994445671_b6914b44d0_b_jpg.rf.cd7b736a4b3f2bb37551c278d495030e.jpg,640,640,Tomato leaf,25,324,148,511
29994445671_b6914b44d0_b_jpg.rf.cd7b736a4b3f2bb37551c278d495030e.jpg,640,640,Tomato leaf,234,331,271,392
29994445671_b6914b44d0_b_jpg.rf.cd7b736a4b3f2bb37551c278d495030e.jpg,640,640,Tomato leaf,275,318,324,369
29994445671_b6914b44d0_b_jpg.rf.cd7b736a4b3f2bb37551c278d495030e.jpg,640,640,Tomato leaf,178,332,242,400
29994445671_b6914b44d0_b_jpg.rf.cd7b736a4b3f2bb37551c278d495030e.jpg,640,640,Tomato leaf,68,348,137,419
29994445671_b6914b44d0_b_jpg.rf.cd7b736a4b3f2bb37551c278d495030e.jpg,640,640,Tomato leaf,447,242,495,321
29994445671_b6914b44d0_b_jpg.rf.cd7b736a4b3f2bb37551c278d495030e.jpg,640,640,Tomato leaf,401,261,452,324
29994445671_b6914b44d0_b_jpg.rf.cd7b736a4b3f2bb37551c278d495030e.jpg,640,640,Tomato leaf,337,257,392,312
29994445671_b6914b44d0_b_jpg.rf.cd7b736a4b3f2bb37551c278d495030e.jpg,640,640,Tomato leaf,176,139,327,333
29994445671_b6914b44d0_b_jpg.rf.cd7b736a4b3f2bb37551c278d495030e.jpg,640,640,Tomato leaf,82,146,196,339
29994445671_b6914b44d0_b_jpg.rf.cd7b736a4b3f2bb37551c278d495030e.jpg,640,640,Tomato leaf,233,126,361,269
29994445671_b6914b44d0_b_jpg.rf.cd7b736a4b3f2bb37551c278d495030e.jpg,640,640,Tomato leaf,2,130,142,333
29994445671_b6914b44d0_b_jpg.rf.cd7b736a4b3f2bb37551c278d495030e.jpg,640,640,Tomato leaf,340,67,434,185
29994445671_b6914b44d0_b_jpg.rf.cd7b736a4b3f2bb37551c278d495030e.jpg,640,640,Tomato leaf,255,26,415,219
tomato-plant-diseases-identification-leaf-spot-tomato-disease-tomato-plant-fungus-identification_jpg.rf.fe1318d9c9f49c2dffa846fd61db28b7.jpg,640,640,Tomato leaf mosaic virus,471,10,638,213
tomato-plant-diseases-identification-leaf-spot-tomato-disease-tomato-plant-fungus-identification_jpg.rf.fe1318d9c9f49c2dffa846fd61db28b7.jpg,640,640,Tomato leaf mosaic virus,139,46,399,469
6-1-09-019_jpg.rf.68eba62a4806bcf3721110610654a881.jpg,640,640,Tomato Septoria leaf spot,474,10,565,213
6-1-09-019_jpg.rf.68eba62a4806bcf3721110610654a881.jpg,640,640,Tomato Septoria leaf spot,374,15,474,180
6-1-09-019_jpg.rf.68eba62a4806bcf3721110610654a881.jpg,640,640,Tomato Septoria leaf spot,366,268,539,455
6-1-09-019_jpg.rf.68eba62a4806bcf3721110610654a881.jpg,640,640,Tomato Septoria leaf spot,174,265,309,454
6-1-09-019_jpg.rf.68eba62a4806bcf3721110610654a881.jpg,640,640,Tomato Septoria leaf spot,88,246,188,560
tomato-mosaic-virus-disease-on-260nw-559799638_jpg.rf.5e96202c38b350d2da09d547d27a9b69.jpg,640,640,Tomato leaf,269,7,397,135
tomato-mosaic-virus-disease-on-260nw-559799638_jpg.rf.5e96202c38b350d2da09d547d27a9b69.jpg,640,640,Tomato leaf,307,460,359,595
tomato-mosaic-virus-disease-on-260nw-559799638_jpg.rf.5e96202c38b350d2da09d547d27a9b69.jpg,640,640,Tomato leaf,7,416,135,582
tomato-mosaic-virus-disease-on-260nw-559799638_jpg.rf.5e96202c38b350d2da09d547d27a9b69.jpg,640,640,Tomato leaf,45,263,142,423
tomato-mosaic-virus-disease-on-260nw-559799638_jpg.rf.5e96202c38b350d2da09d547d27a9b69.jpg,640,640,Tomato leaf,142,45,249,205
tomato-mosaic-virus-disease-on-260nw-559799638_jpg.rf.5e96202c38b350d2da09d547d27a9b69.jpg,640,640,Tomato leaf,397,83,608,237
tomato-mosaic-virus-disease-on-260nw-559799638_jpg.rf.5e96202c38b350d2da09d547d27a9b69.jpg,640,640,Tomato leaf,422,64,487,128
tomato-mosaic-virus-disease-on-260nw-559799638_jpg.rf.5e96202c38b350d2da09d547d27a9b69.jpg,640,640,Tomato leaf,499,467,615,550
tomato-mosaic-virus-disease-on-260nw-559799638_jpg.rf.5e96202c38b350d2da09d547d27a9b69.jpg,640,640,Tomato leaf,378,403,499,531
tomato-mosaic-virus-disease-on-260nw-559799638_jpg.rf.5e96202c38b350d2da09d547d27a9b69.jpg,640,640,Tomato leaf,300,295,358,455
tomato-mosaic-virus-disease-on-260nw-559799638_jpg.rf.5e96202c38b350d2da09d547d27a9b69.jpg,640,640,Tomato leaf,173,275,250,449
tomato-mosaic-virus-disease-on-260nw-559799638_jpg.rf.5e96202c38b350d2da09d547d27a9b69.jpg,640,640,Tomato leaf,109,115,206,289
tomato-mosaic-virus-disease-on-260nw-559799638_jpg.rf.5e96202c38b350d2da09d547d27a9b69.jpg,640,640,Tomato leaf,160,166,365,314
tomato-mosaic-virus-disease-on-260nw-559799638_jpg.rf.5e96202c38b350d2da09d547d27a9b69.jpg,640,640,Tomato leaf,365,275,539,422
tomato-mosaic-virus_jpg.rf.d05072991293de2e762a15fd6c0c71a7.jpg,640,640,Tomato leaf,12,12,631,631
curling-issues_jpg.rf.01482152bb9f66a7e35d28b3c4da8665.jpg,640,640,Tomato leaf late blight,279,303,465,486
curling-issues_jpg.rf.01482152bb9f66a7e35d28b3c4da8665.jpg,640,640,Tomato leaf late blight,103,346,329,557
curling-issues_jpg.rf.01482152bb9f66a7e35d28b3c4da8665.jpg,640,640,Tomato leaf late blight,341,177,594,325
droppedImage_3-1_jpg.rf.c4f9d33329edd29484d5735b197bd70c.jpg,640,640,Tomato Early blight leaf,457,175,551,420
droppedImage_3-1_jpg.rf.c4f9d33329edd29484d5735b197bd70c.jpg,640,640,Tomato Early blight leaf,390,157,453,441
droppedImage_3-1_jpg.rf.c4f9d33329edd29484d5735b197bd70c.jpg,640,640,Tomato Early blight leaf,266,62,351,246
droppedImage_3-1_jpg.rf.c4f9d33329edd29484d5735b197bd70c.jpg,640,640,Tomato Early blight leaf,143,343,231,591
droppedImage_3-1_jpg.rf.c4f9d33329edd29484d5735b197bd70c.jpg,640,640,Tomato Early blight leaf,196,242,262,348
droppedImage_3-1_jpg.rf.c4f9d33329edd29484d5735b197bd70c.jpg,640,640,Tomato Early blight leaf,148,80,197,192
droppedImage_3-1_jpg.rf.c4f9d33329edd29484d5735b197bd70c.jpg,640,640,Tomato Early blight leaf,86,117,131,226
droppedImage_3-1_jpg.rf.c4f9d33329edd29484d5735b197bd70c.jpg,640,640,Tomato Early blight leaf,593,252,639,483
droppedImage_3-1_jpg.rf.c4f9d33329edd29484d5735b197bd70c.jpg,640,640,Tomato Early blight leaf,395,12,474,163
droppedImage_3-1_jpg.rf.c4f9d33329edd29484d5735b197bd70c.jpg,640,640,Tomato Early blight leaf,128,271,168,398
droppedImage_3-1_jpg.rf.c4f9d33329edd29484d5735b197bd70c.jpg,640,640,Tomato Early blight leaf,273,475,322,557
blog_early_blight_628_jpg.rf.d8bbcd019f13318af135662196002625.jpg,640,640,Tomato Early blight leaf,122,109,359,180
blog_early_blight_628_jpg.rf.d8bbcd019f13318af135662196002625.jpg,640,640,Tomato Early blight leaf,147,205,371,500
blog_early_blight_628_jpg.rf.d8bbcd019f13318af135662196002625.jpg,640,640,Tomato Early blight leaf,435,95,634,243
CTG514794_jpg.rf.7e65388d17214b2ce885e9a65db9994c.jpg,640,640,Tomato leaf late blight,249,288,403,346
CTG514794_jpg.rf.7e65388d17214b2ce885e9a65db9994c.jpg,640,640,Tomato leaf late blight,199,345,326,481
CTG514794_jpg.rf.7e65388d17214b2ce885e9a65db9994c.jpg,640,640,Tomato leaf late blight,186,199,282,282
CTG514794_jpg.rf.7e65388d17214b2ce885e9a65db9994c.jpg,640,640,Tomato leaf late blight,301,436,442,525
CTG514794_jpg.rf.7e65388d17214b2ce885e9a65db9994c.jpg,640,640,Tomato leaf late blight,89,430,237,513
CTG514794_jpg.rf.7e65388d17214b2ce885e9a65db9994c.jpg,640,640,Tomato leaf late blight,95,332,237,468
CTG514794_jpg.rf.7e65388d17214b2ce885e9a65db9994c.jpg,640,640,Tomato leaf late blight,409,116,608,193
CTG514794_jpg.rf.7e65388d17214b2ce885e9a65db9994c.jpg,640,640,Tomato leaf late blight,448,218,622,327
CTG514794_jpg.rf.7e65388d17214b2ce885e9a65db9994c.jpg,640,640,Tomato leaf late blight,244,32,345,129
CTG514794_jpg.rf.7e65388d17214b2ce885e9a65db9994c.jpg,640,640,Tomato leaf late blight,39,199,166,282
CTG514794_jpg.rf.7e65388d17214b2ce885e9a65db9994c.jpg,640,640,Tomato leaf late blight,281,531,474,608
CTG514794_jpg.rf.7e65388d17214b2ce885e9a65db9994c.jpg,640,640,Tomato leaf late blight,403,339,512,404
CTG514794_jpg.rf.7e65388d17214b2ce885e9a65db9994c.jpg,640,640,Tomato leaf late blight,83,64,148,147
CTG514794_jpg.rf.7e65388d17214b2ce885e9a65db9994c.jpg,640,640,Tomato leaf late blight,26,122,103,186
black-20leaf-20mold-20-284-29-JPG-itok-DIIUw9JU_jpg.rf.06778afdbdd5c86c6f76c71f2ca29069.jpg,640,640,Tomato mold leaf,0,0,638,638
5336411888680960-600x272-jpeg_jpg.rf.f5a0104e5c44638964f13c762e1dad2c.jpg,640,640,Tomato Septoria leaf spot,21,0,590,638
5336411888680960-600x272_jpeg_jpg.rf.6fc54ed6bb26e6a9e51ec1807be47eb9.jpg,640,640,Tomato Septoria leaf spot,32,6,583,634
49-Septoria-leaf-spot_jpg.rf.a706880da4215da61615e8bf256d8352.jpg,640,640,Tomato Septoria leaf spot,217,498,429,634
49-Septoria-leaf-spot_jpg.rf.a706880da4215da61615e8bf256d8352.jpg,640,640,Tomato Septoria leaf spot,396,255,615,628
49-Septoria-leaf-spot_jpg.rf.a706880da4215da61615e8bf256d8352.jpg,640,640,Tomato Septoria leaf spot,26,64,506,538
5315825271570432-600x272_jpeg_jpg.rf.bdd761f67cb79c1e989ae02c838d2295.jpg,640,640,Tomato Septoria leaf spot,275,6,576,634
5315825271570432-600x272_jpeg_jpg.rf.bdd761f67cb79c1e989ae02c838d2295.jpg,640,640,Tomato Septoria leaf spot,6,19,172,276
5315825271570432-600x272_jpeg_jpg.rf.bdd761f67cb79c1e989ae02c838d2295.jpg,640,640,Tomato Septoria leaf spot,0,256,269,633
tomato-leaves_jpg.rf.3be4b451922583d21eeeaeb95ca8dbe8.jpg,640,640,Tomato leaf late blight,346,205,442,531
tomato-leaves_jpg.rf.3be4b451922583d21eeeaeb95ca8dbe8.jpg,640,640,Tomato leaf late blight,52,263,295,525
tomato-leaves_jpg.rf.3be4b451922583d21eeeaeb95ca8dbe8.jpg,640,640,Tomato leaf late blight,256,76,378,262
tomato-leaves_jpg.rf.3be4b451922583d21eeeaeb95ca8dbe8.jpg,640,640,Tomato leaf late blight,511,218,627,505
late_blight_tomato_leaf_jpg.rf.1429a9a16e5173e598236d692e6d6f14.jpg,640,640,Tomato leaf yellow virus,11,38,637,637
IMG_0863_1500x1500-253E_jpg.rf.33658d5f1849b083d0f957c76f73e17a.jpg,640,640,Tomato Septoria leaf spot,77,82,378,625
IMG_0863_1500x1500-253E_jpg.rf.33658d5f1849b083d0f957c76f73e17a.jpg,640,640,Tomato Septoria leaf spot,302,6,542,591
IMG_0020_jpg.rf.538e8be6cd381a7931d7ba1196f1d1f5.jpg,640,640,Tomato leaf mosaic virus,153,370,375,621
late_blight_tomato_leaf4x1200_jpg.rf.413a17eeb45b5222ab0f5a7048be91fb.jpg,640,640,Tomato leaf late blight,6,167,83,295
late_blight_tomato_leaf4x1200_jpg.rf.413a17eeb45b5222ab0f5a7048be91fb.jpg,640,640,Tomato leaf late blight,448,487,519,576
late_blight_tomato_leaf4x1200_jpg.rf.413a17eeb45b5222ab0f5a7048be91fb.jpg,640,640,Tomato leaf late blight,147,384,224,550
late_blight_tomato_leaf4x1200_jpg.rf.413a17eeb45b5222ab0f5a7048be91fb.jpg,640,640,Tomato leaf late blight,160,102,237,276
late_blight_tomato_leaf4x1200_jpg.rf.413a17eeb45b5222ab0f5a7048be91fb.jpg,640,640,Tomato leaf late blight,180,160,283,365
late_blight_tomato_leaf4x1200_jpg.rf.413a17eeb45b5222ab0f5a7048be91fb.jpg,640,640,Tomato leaf late blight,378,96,467,141
late_blight_tomato_leaf4x1200_jpg.rf.413a17eeb45b5222ab0f5a7048be91fb.jpg,640,640,Tomato leaf late blight,442,320,545,429
late_blight_tomato_leaf4x1200_jpg.rf.413a17eeb45b5222ab0f5a7048be91fb.jpg,640,640,Tomato leaf late blight,353,346,513,512
late_blight_tomato_leaf4x1200_jpg.rf.413a17eeb45b5222ab0f5a7048be91fb.jpg,640,640,Tomato leaf late blight,320,505,480,627
late_blight_tomato_leaf4x1200_jpg.rf.413a17eeb45b5222ab0f5a7048be91fb.jpg,640,640,Tomato leaf yellow virus,237,359,352,506
8227475116_0d40e8f21c_b_jpg.rf.227a78028b756f499bcfaef9dd6c3ea9.jpg,640,640,Tomato leaf,579,391,639,475
8227475116_0d40e8f21c_b_jpg.rf.227a78028b756f499bcfaef9dd6c3ea9.jpg,640,640,Tomato leaf,310,421,424,497
8227475116_0d40e8f21c_b_jpg.rf.227a78028b756f499bcfaef9dd6c3ea9.jpg,640,640,Tomato leaf,151,438,311,533
8227475116_0d40e8f21c_b_jpg.rf.227a78028b756f499bcfaef9dd6c3ea9.jpg,640,640,Tomato leaf,352,323,446,380
8227475116_0d40e8f21c_b_jpg.rf.227a78028b756f499bcfaef9dd6c3ea9.jpg,640,640,Tomato leaf,236,318,302,392
8227475116_0d40e8f21c_b_jpg.rf.227a78028b756f499bcfaef9dd6c3ea9.jpg,640,640,Tomato leaf,90,273,208,379
8227475116_0d40e8f21c_b_jpg.rf.227a78028b756f499bcfaef9dd6c3ea9.jpg,640,640,Tomato leaf,253,180,365,263
8227475116_0d40e8f21c_b_jpg.rf.227a78028b756f499bcfaef9dd6c3ea9.jpg,640,640,Tomato leaf,43,199,126,293
8227475116_0d40e8f21c_b_jpg.rf.227a78028b756f499bcfaef9dd6c3ea9.jpg,640,640,Tomato leaf,112,184,178,261
8227475116_0d40e8f21c_b_jpg.rf.227a78028b756f499bcfaef9dd6c3ea9.jpg,640,640,Tomato leaf,169,111,349,211
8227475116_0d40e8f21c_b_jpg.rf.227a78028b756f499bcfaef9dd6c3ea9.jpg,640,640,Tomato leaf,152,111,221,191
8227475116_0d40e8f21c_b_jpg.rf.227a78028b756f499bcfaef9dd6c3ea9.jpg,640,640,Tomato leaf,336,28,475,127
8227475116_0d40e8f21c_b_jpg.rf.227a78028b756f499bcfaef9dd6c3ea9.jpg,640,640,Tomato leaf,253,474,390,618
tomato-yellow-leaf-curl-virus-pdf-78kb_jpg.rf.9d0a1e2f613aa9d74a219fc21f939266.jpg,640,640,Tomato leaf bacterial spot,383,396,435,461
tomato-yellow-leaf-curl-virus-pdf-78kb_jpg.rf.9d0a1e2f613aa9d74a219fc21f939266.jpg,640,640,Tomato leaf bacterial spot,461,390,538,505
tomato-yellow-leaf-curl-virus-pdf-78kb_jpg.rf.9d0a1e2f613aa9d74a219fc21f939266.jpg,640,640,Tomato leaf bacterial spot,345,243,390,332
tomato-yellow-leaf-curl-virus-pdf-78kb_jpg.rf.9d0a1e2f613aa9d74a219fc21f939266.jpg,640,640,Tomato leaf bacterial spot,461,192,538,294
tomato-yellow-leaf-curl-virus-pdf-78kb_jpg.rf.9d0a1e2f613aa9d74a219fc21f939266.jpg,640,640,Tomato leaf bacterial spot,409,154,468,231
tomato-yellow-leaf-curl-virus-pdf-78kb_jpg.rf.9d0a1e2f613aa9d74a219fc21f939266.jpg,640,640,Tomato leaf bacterial spot,390,243,428,314
late_blight_tomato_leaf5x12001-650x305_jpg.rf.ccdb805a26c2fcf9fd1f4cd5ab2f83b7.jpg,640,640,Tomato leaf mosaic virus,135,3,435,640
IMG_5808_jpg.rf.54b0af3b726c6b08be98fb2d1a7ce9e3.jpg,640,640,Tomato leaf yellow virus,225,19,563,544
leaf_mold1_jpg.rf.c2bc865605e786c08551b57611c6d41c.jpg,640,640,Tomato mold leaf,343,63,640,603
leaf_mold1_jpg.rf.c2bc865605e786c08551b57611c6d41c.jpg,640,640,Tomato mold leaf,0,149,315,638
septoria2_600px_jpg.rf.86406561c0c3bec2c41fa9034e424c9f.jpg,640,640,Tomato Septoria leaf spot,216,2,364,259
septoria2_600px_jpg.rf.86406561c0c3bec2c41fa9034e424c9f.jpg,640,640,Tomato Septoria leaf spot,3,0,108,262
septoria2_600px_jpg.rf.86406561c0c3bec2c41fa9034e424c9f.jpg,640,640,Tomato Septoria leaf spot,267,70,615,407
septoria2_600px_jpg.rf.86406561c0c3bec2c41fa9034e424c9f.jpg,640,640,Tomato Septoria leaf spot,47,323,162,483
septoria2_600px_jpg.rf.86406561c0c3bec2c41fa9034e424c9f.jpg,640,640,Tomato Septoria leaf spot,117,295,374,639
septoria2_600px_jpg.rf.86406561c0c3bec2c41fa9034e424c9f.jpg,640,640,Tomato Septoria leaf spot,0,407,102,624
Septoria-leaf-spot-on-tomato-FOR-WEB_jpg.rf.af46e71a7cc7ef2ed25781908119a908.jpg,640,640,Tomato Septoria leaf spot,76,12,287,306
Septoria-leaf-spot-on-tomato-FOR-WEB_jpg.rf.af46e71a7cc7ef2ed25781908119a908.jpg,640,640,Tomato Septoria leaf spot,247,202,590,573
Septoria-leaf-spot-on-tomato-FOR-WEB_jpg.rf.af46e71a7cc7ef2ed25781908119a908.jpg,640,640,Tomato Septoria leaf spot,166,300,303,578
2017-08-27-2B-2BLate-2BBlight-2Bon-2BGypsy-2B1_jpg.rf.4fadf47f088e252a2da0f27e20f8f098.jpg,640,640,Tomato leaf mosaic virus,213,103,373,543
SeptoriaTomato-B_jpg.rf.1e11248158f7b81b71ec39cc3dd053f6.jpg,640,640,Tomato Septoria leaf spot,497,45,638,340
SeptoriaTomato-B_jpg.rf.1e11248158f7b81b71ec39cc3dd053f6.jpg,640,640,Tomato Septoria leaf spot,267,236,373,350
SeptoriaTomato-B_jpg.rf.1e11248158f7b81b71ec39cc3dd053f6.jpg,640,640,Tomato Septoria leaf spot,136,165,275,391
SeptoriaTomato-B_jpg.rf.1e11248158f7b81b71ec39cc3dd053f6.jpg,640,640,Tomato Septoria leaf spot,0,98,198,509
SeptoriaTomato-B_jpg.rf.1e11248158f7b81b71ec39cc3dd053f6.jpg,640,640,Tomato Septoria leaf spot,500,335,637,532
SeptoriaTomato-B_jpg.rf.1e11248158f7b81b71ec39cc3dd053f6.jpg,640,640,Tomato Septoria leaf spot,0,368,368,639
SeptoriaTomato-B_jpg.rf.1e11248158f7b81b71ec39cc3dd053f6.jpg,640,640,Tomato Septoria leaf spot,269,0,417,169
Early_blight_1-jpg-1376579808_jpg.rf.1fcbca4e7ac0ee0ee05f7518ffafdaf9.jpg,640,640,Tomato Early blight leaf,97,300,294,640
Early_blight_1-jpg-1376579808_jpg.rf.1fcbca4e7ac0ee0ee05f7518ffafdaf9.jpg,640,640,Tomato Early blight leaf,253,300,378,562
Early_blight_1-jpg-1376579808_jpg.rf.1fcbca4e7ac0ee0ee05f7518ffafdaf9.jpg,640,640,Tomato Early blight leaf,158,112,320,334
Early_blight_1-jpg-1376579808_jpg.rf.1fcbca4e7ac0ee0ee05f7518ffafdaf9.jpg,640,640,Tomato Early blight leaf,46,49,192,343
early_blight_jpg.rf.d8ebbabd9025e2d3e94fd6be27df6d9e.jpg,640,640,Tomato Early blight leaf,0,0,638,638
septoria_tomato_jpg.rf.1ad93b42b37339422833b434b96b6127.jpg,640,640,Tomato Septoria leaf spot,0,12,634,634
tj5itxzunn3k_jpg.rf.ff015893f47a6d8e088a9627e847a6ef.jpg,640,640,Tomato leaf,469,0,598,158
tj5itxzunn3k_jpg.rf.ff015893f47a6d8e088a9627e847a6ef.jpg,640,640,Tomato leaf,182,24,433,238
tj5itxzunn3k_jpg.rf.ff015893f47a6d8e088a9627e847a6ef.jpg,640,640,Tomato leaf,470,44,548,171
tj5itxzunn3k_jpg.rf.ff015893f47a6d8e088a9627e847a6ef.jpg,640,640,Tomato leaf,376,171,613,515
tj5itxzunn3k_jpg.rf.ff015893f47a6d8e088a9627e847a6ef.jpg,640,640,Tomato leaf,182,221,463,639
3-septoria-leaf-blight-n_jpg.rf.608d587ab609bac58a5b68b25b82c49d.jpg,640,640,Tomato Septoria leaf spot,358,249,600,440
3-septoria-leaf-blight-n_jpg.rf.80dc9cb3231d00e3a7af5dcfb74ef142.jpg,640,640,Tomato Septoria leaf spot,359,237,602,428
2_-Virused-tomato-leaves-versus_jpg.rf.c4413c54d17de0e6407026dd57b01567.jpg,640,640,Tomato leaf bacterial spot,422,557,481,634
2_-Virused-tomato-leaves-versus_jpg.rf.c4413c54d17de0e6407026dd57b01567.jpg,640,640,Tomato leaf bacterial spot,353,532,436,633
2_-Virused-tomato-leaves-versus_jpg.rf.c4413c54d17de0e6407026dd57b01567.jpg,640,640,Tomato leaf bacterial spot,134,563,186,634
2_-Virused-tomato-leaves-versus_jpg.rf.c4413c54d17de0e6407026dd57b01567.jpg,640,640,Tomato leaf bacterial spot,314,263,358,372
2_-Virused-tomato-leaves-versus_jpg.rf.c4413c54d17de0e6407026dd57b01567.jpg,640,640,Tomato leaf bacterial spot,268,390,327,455
2_-Virused-tomato-leaves-versus_jpg.rf.c4413c54d17de0e6407026dd57b01567.jpg,640,640,Tomato leaf bacterial spot,45,288,89,340
2_-Virused-tomato-leaves-versus_jpg.rf.c4413c54d17de0e6407026dd57b01567.jpg,640,640,Tomato leaf bacterial spot,64,339,147,436
2_-Virused-tomato-leaves-versus_jpg.rf.c4413c54d17de0e6407026dd57b01567.jpg,640,640,Tomato leaf bacterial spot,352,402,397,455
2_-Virused-tomato-leaves-versus_jpg.rf.c4413c54d17de0e6407026dd57b01567.jpg,640,640,Tomato leaf bacterial spot,397,64,441,199
2_-Virused-tomato-leaves-versus_jpg.rf.c4413c54d17de0e6407026dd57b01567.jpg,640,640,Tomato leaf bacterial spot,467,19,511,147
2_-Virused-tomato-leaves-versus_jpg.rf.c4413c54d17de0e6407026dd57b01567.jpg,640,640,Tomato leaf bacterial spot,532,83,576,205
2_-Virused-tomato-leaves-versus_jpg.rf.c4413c54d17de0e6407026dd57b01567.jpg,640,640,Tomato leaf bacterial spot,581,154,634,243
2_-Virused-tomato-leaves-versus_jpg.rf.c4413c54d17de0e6407026dd57b01567.jpg,640,640,Tomato leaf bacterial spot,525,205,589,332
2_-Virused-tomato-leaves-versus_jpg.rf.c4413c54d17de0e6407026dd57b01567.jpg,640,640,Tomato leaf bacterial spot,460,250,512,333
2_-Virused-tomato-leaves-versus_jpg.rf.c4413c54d17de0e6407026dd57b01567.jpg,640,640,Tomato leaf bacterial spot,442,339,486,455
2_-Virused-tomato-leaves-versus_jpg.rf.c4413c54d17de0e6407026dd57b01567.jpg,640,640,Tomato leaf bacterial spot,409,230,442,307
2_-Virused-tomato-leaves-versus_jpg.rf.c4413c54d17de0e6407026dd57b01567.jpg,640,640,Tomato leaf bacterial spot,358,172,397,326
2_-Virused-tomato-leaves-versus_jpg.rf.c4413c54d17de0e6407026dd57b01567.jpg,640,640,Tomato leaf bacterial spot,268,25,327,161
2_-Virused-tomato-leaves-versus_jpg.rf.c4413c54d17de0e6407026dd57b01567.jpg,640,640,Tomato leaf bacterial spot,199,6,270,128
2_-Virused-tomato-leaves-versus_jpg.rf.c4413c54d17de0e6407026dd57b01567.jpg,640,640,Tomato leaf bacterial spot,96,237,135,314
2_-Virused-tomato-leaves-versus_jpg.rf.c4413c54d17de0e6407026dd57b01567.jpg,640,640,Tomato leaf bacterial spot,172,224,237,339
2_-Virused-tomato-leaves-versus_jpg.rf.c4413c54d17de0e6407026dd57b01567.jpg,640,640,Tomato leaf bacterial spot,231,218,275,333
2_-Virused-tomato-leaves-versus_jpg.rf.c4413c54d17de0e6407026dd57b01567.jpg,640,640,Tomato leaf bacterial spot,256,134,282,281
2_-Virused-tomato-leaves-versus_jpg.rf.c4413c54d17de0e6407026dd57b01567.jpg,640,640,Tomato leaf bacterial spot,275,179,308,301
2_-Virused-tomato-leaves-versus_jpg.rf.c4413c54d17de0e6407026dd57b01567.jpg,640,640,Tomato leaf bacterial spot,249,295,302,396
3-septoria-leaf-blight-n_jpg.rf.5797034b1c0d1a7c6b1ac5ce8dd4deff.jpg,640,640,Tomato Septoria leaf spot,41,205,281,393
IMG_2348_jpg.rf.254f2a55a8a6e3048012ca03ccbbf2c4.jpg,640,640,Tomato leaf mosaic virus,325,2,532,102
IMG_2348_jpg.rf.254f2a55a8a6e3048012ca03ccbbf2c4.jpg,640,640,Tomato leaf mosaic virus,299,78,573,191
IMG_2348_jpg.rf.254f2a55a8a6e3048012ca03ccbbf2c4.jpg,640,640,Tomato leaf mosaic virus,490,168,639,282
IMG_2348_jpg.rf.254f2a55a8a6e3048012ca03ccbbf2c4.jpg,640,640,Tomato leaf mosaic virus,406,246,639,542
IMG_2348_jpg.rf.254f2a55a8a6e3048012ca03ccbbf2c4.jpg,640,640,Tomato leaf mosaic virus,39,51,462,605
tomato-mosaic-virus-leaf_jpg.rf.37e8cc661df4b4889dd88f042e3b3e81.jpg,640,640,Tomato leaf yellow virus,256,0,639,382
tomato-mosaic-virus-leaf_jpg.rf.37e8cc661df4b4889dd88f042e3b3e81.jpg,640,640,Tomato leaf yellow virus,193,139,427,550
tomato-mosaic-virus-leaf_jpg.rf.37e8cc661df4b4889dd88f042e3b3e81.jpg,640,640,Tomato leaf yellow virus,0,196,322,639
tomato-mosaic-virus-F0BA26_jpg.rf.7af10327285e51009380687804be2c3a.jpg,640,640,Tomato leaf,331,303,614,574
tomato-mosaic-virus-F0BA26_jpg.rf.7af10327285e51009380687804be2c3a.jpg,640,640,Tomato leaf,420,106,560,194
tomato-mosaic-virus-F0BA26_jpg.rf.7af10327285e51009380687804be2c3a.jpg,640,640,Tomato leaf,220,20,478,249
tomato-mosaic-virus-F0BA26_jpg.rf.7af10327285e51009380687804be2c3a.jpg,640,640,Tomato leaf,182,171,416,472
photo-764060_JPG_jpg.rf.a6a079246dc229b67f540f06cfd7c49a.jpg,640,640,Tomato leaf mosaic virus,198,396,250,461
photo-764060_JPG_jpg.rf.a6a079246dc229b67f540f06cfd7c49a.jpg,640,640,Tomato leaf mosaic virus,320,327,442,416
photo-764060_JPG_jpg.rf.a6a079246dc229b67f540f06cfd7c49a.jpg,640,640,Tomato leaf mosaic virus,51,218,205,422
photo-764060_JPG_jpg.rf.a6a079246dc229b67f540f06cfd7c49a.jpg,640,640,Tomato leaf mosaic virus,519,31,602,167
photo-764060_JPG_jpg.rf.a6a079246dc229b67f540f06cfd7c49a.jpg,640,640,Tomato leaf mosaic virus,474,153,601,250
photo-764060_JPG_jpg.rf.a6a079246dc229b67f540f06cfd7c49a.jpg,640,640,Tomato leaf mosaic virus,313,96,410,212
photo-764060_JPG_jpg.rf.a6a079246dc229b67f540f06cfd7c49a.jpg,640,640,Tomato leaf mosaic virus,237,161,346,301
photo-764060_JPG_jpg.rf.a6a079246dc229b67f540f06cfd7c49a.jpg,640,640,Tomato leaf mosaic virus,403,378,519,627
5086-early_jpg.rf.44d00a22acef27c2e912704db48a8b1b.jpg,640,640,Tomato Early blight leaf,259,80,606,603
50-20Leafmold-20Top_jpg.rf.31226ea55592f689c16b4c2cbe821568.jpg,640,640,Tomato mold leaf,59,121,579,585
5516100468998144-jpeg_jpg.rf.9c55701f409f612660cd9165c37ea515.jpg,640,640,Tomato Septoria leaf spot,318,45,464,180
5516100468998144-jpeg_jpg.rf.9c55701f409f612660cd9165c37ea515.jpg,640,640,Tomato Septoria leaf spot,104,25,301,163
5516100468998144-jpeg_jpg.rf.9c55701f409f612660cd9165c37ea515.jpg,640,640,Tomato Septoria leaf spot,308,182,397,260
5516100468998144-jpeg_jpg.rf.9c55701f409f612660cd9165c37ea515.jpg,640,640,Tomato Septoria leaf spot,175,158,342,401
5516100468998144-jpeg_jpg.rf.9c55701f409f612660cd9165c37ea515.jpg,640,640,Tomato Septoria leaf spot,362,207,587,436
5516100468998144-jpeg_jpg.rf.9c55701f409f612660cd9165c37ea515.jpg,640,640,Tomato Septoria leaf spot,226,391,395,484
image_jpg.rf.ee5abeb9634806a4c20da6e4c050d3da.jpg,640,640,Tomato leaf mosaic virus,0,217,415,550
8227475116_0d40e8f21c_b_jpg.rf.e0680ac563f1374d8686c3a4b526d31e.jpg,640,640,Tomato leaf,0,136,72,215
8227475116_0d40e8f21c_b_jpg.rf.e0680ac563f1374d8686c3a4b526d31e.jpg,640,640,Tomato leaf,232,145,343,209
8227475116_0d40e8f21c_b_jpg.rf.e0680ac563f1374d8686c3a4b526d31e.jpg,640,640,Tomato leaf,348,124,505,205
8227475116_0d40e8f21c_b_jpg.rf.e0680ac563f1374d8686c3a4b526d31e.jpg,640,640,Tomato leaf,199,257,290,306
8227475116_0d40e8f21c_b_jpg.rf.e0680ac563f1374d8686c3a4b526d31e.jpg,640,640,Tomato leaf,346,257,406,326
8227475116_0d40e8f21c_b_jpg.rf.e0680ac563f1374d8686c3a4b526d31e.jpg,640,640,Tomato leaf,436,283,547,380
8227475116_0d40e8f21c_b_jpg.rf.e0680ac563f1374d8686c3a4b526d31e.jpg,640,640,Tomato leaf,266,383,374,457
8227475116_0d40e8f21c_b_jpg.rf.e0680ac563f1374d8686c3a4b526d31e.jpg,640,640,Tomato leaf,509,374,583,461
8227475116_0d40e8f21c_b_jpg.rf.e0680ac563f1374d8686c3a4b526d31e.jpg,640,640,Tomato leaf,455,400,515,472
8227475116_0d40e8f21c_b_jpg.rf.e0680ac563f1374d8686c3a4b526d31e.jpg,640,640,Tomato leaf,276,443,452,526
8227475116_0d40e8f21c_b_jpg.rf.e0680ac563f1374d8686c3a4b526d31e.jpg,640,640,Tomato leaf,403,466,468,540
8227475116_0d40e8f21c_b_jpg.rf.e0680ac563f1374d8686c3a4b526d31e.jpg,640,640,Tomato leaf,142,510,276,596
8227475116_0d40e8f21c_b_jpg.rf.e0680ac563f1374d8686c3a4b526d31e.jpg,640,640,Tomato leaf,281,27,407,164
late_blight_tomato_leaf4x1200_jpg.rf.6432bfb1b311e6fc958cc1f257cde2df.jpg,640,640,Tomato leaf bacterial spot,419,116,519,187
late_blight_tomato_leaf4x1200_jpg.rf.6432bfb1b311e6fc958cc1f257cde2df.jpg,640,640,Tomato leaf bacterial spot,136,49,256,232
late_blight_tomato_leaf4x1200_jpg.rf.6432bfb1b311e6fc958cc1f257cde2df.jpg,640,640,Tomato leaf bacterial spot,21,86,134,243
late_blight_tomato_leaf4x1200_jpg.rf.6432bfb1b311e6fc958cc1f257cde2df.jpg,640,640,Tomato leaf bacterial spot,171,130,325,353
late_blight_tomato_leaf4x1200_jpg.rf.6432bfb1b311e6fc958cc1f257cde2df.jpg,640,640,Tomato leaf bacterial spot,410,349,538,483
late_blight_tomato_leaf4x1200_jpg.rf.6432bfb1b311e6fc958cc1f257cde2df.jpg,640,640,Tomato leaf bacterial spot,302,353,502,556
late_blight_tomato_leaf4x1200_jpg.rf.6432bfb1b311e6fc958cc1f257cde2df.jpg,640,640,Tomato leaf bacterial spot,90,335,210,515
late_blight_tomato_leaf4x1200_jpg.rf.6432bfb1b311e6fc958cc1f257cde2df.jpg,640,640,Tomato leaf mosaic virus,186,366,329,546
late_blight_tomato_leaf4x1200_jpg.rf.6432bfb1b311e6fc958cc1f257cde2df.jpg,640,640,Tomato leaf bacterial spot,376,515,467,618
late_blight_tomato_leaf4x1200_jpg.rf.6432bfb1b311e6fc958cc1f257cde2df.jpg,640,640,Tomato leaf bacterial spot,243,496,425,639
tomato-plant-is-infected-with-septoria-leaf-spot_jpg.rf.023f7922a39644fc0e87f499377de6b8.jpg,640,640,Tomato Septoria leaf spot,69,356,257,636
tomato-plant-is-infected-with-septoria-leaf-spot_jpg.rf.023f7922a39644fc0e87f499377de6b8.jpg,640,640,Tomato Septoria leaf spot,265,111,434,475
septoria3_jpg.rf.9430f918e0b51e0a4d378cb850d4b623.jpg,640,640,Tomato Septoria leaf spot,14,53,638,473
Early_blight_on_tomato_leaves_7871930010-Fairfax_jpg.rf.14d8c191d7beb90241c3a0d27cb33d56.jpg,640,640,Tomato Early blight leaf,1,187,253,615
Early_blight_on_tomato_leaves_7871930010-Fairfax_jpg.rf.14d8c191d7beb90241c3a0d27cb33d56.jpg,640,640,Tomato Early blight leaf,277,145,634,473
early-blight-of-tomato-tomato-1_jpg.rf.cd85ce1e96826e6f852ab77009124de1.jpg,640,640,Tomato Early blight leaf,0,88,471,402
2013-08-20-03_jpg.rf.0e7434cbee3393c46bbc60b261fef468.jpg,640,640,Tomato leaf late blight,301,378,378,550
2013-08-20-03_jpg.rf.0e7434cbee3393c46bbc60b261fef468.jpg,640,640,Tomato leaf late blight,327,340,435,429
2013-08-20-03_jpg.rf.0e7434cbee3393c46bbc60b261fef468.jpg,640,640,Tomato leaf late blight,211,333,326,461
600_jpg.rf.991daf4ba65a061027617dcad445121c.jpg,640,640,Tomato leaf mosaic virus,70,219,639,639
5f6bbcf3ef96e-image_jpg.rf.37b926c045886149e8a583f14f2da62c.jpg,640,640,Tomato Early blight leaf,100,55,545,609
534ddf3a932e62dd929a3ac1b29bfa29_jpg.rf.316c4ede72ebc546e3ad51e525ef05ae.jpg,640,640,Tomato leaf,268,96,422,233
534ddf3a932e62dd929a3ac1b29bfa29_jpg.rf.316c4ede72ebc546e3ad51e525ef05ae.jpg,640,640,Tomato leaf,30,128,215,248
534ddf3a932e62dd929a3ac1b29bfa29_jpg.rf.316c4ede72ebc546e3ad51e525ef05ae.jpg,640,640,Tomato leaf,385,203,457,308
534ddf3a932e62dd929a3ac1b29bfa29_jpg.rf.316c4ede72ebc546e3ad51e525ef05ae.jpg,640,640,Tomato leaf,432,220,523,323
534ddf3a932e62dd929a3ac1b29bfa29_jpg.rf.316c4ede72ebc546e3ad51e525ef05ae.jpg,640,640,Tomato leaf,495,210,639,348
534ddf3a932e62dd929a3ac1b29bfa29_jpg.rf.316c4ede72ebc546e3ad51e525ef05ae.jpg,640,640,Tomato leaf,270,262,395,383
534ddf3a932e62dd929a3ac1b29bfa29_jpg.rf.316c4ede72ebc546e3ad51e525ef05ae.jpg,640,640,Tomato leaf,173,285,256,426
534ddf3a932e62dd929a3ac1b29bfa29_jpg.rf.316c4ede72ebc546e3ad51e525ef05ae.jpg,640,640,Tomato leaf,31,292,151,473
534ddf3a932e62dd929a3ac1b29bfa29_jpg.rf.316c4ede72ebc546e3ad51e525ef05ae.jpg,640,640,Tomato leaf,412,370,500,610
534ddf3a932e62dd929a3ac1b29bfa29_jpg.rf.316c4ede72ebc546e3ad51e525ef05ae.jpg,640,640,Tomato leaf,297,447,418,639
534ddf3a932e62dd929a3ac1b29bfa29_jpg.rf.316c4ede72ebc546e3ad51e525ef05ae.jpg,640,640,Tomato leaf,127,10,235,145
5454635393351680_jpeg_jpg.rf.c97e2e8aebc51261e2464956146046a3.jpg,640,640,Tomato Septoria leaf spot,269,518,497,617
5454635393351680_jpeg_jpg.rf.c97e2e8aebc51261e2464956146046a3.jpg,640,640,Tomato Septoria leaf spot,431,394,560,581
5454635393351680_jpeg_jpg.rf.c97e2e8aebc51261e2464956146046a3.jpg,640,640,Tomato Septoria leaf spot,186,202,406,499
septoria-leaf-spot-tomato-1_jpg.rf.1b401b1c76b858bdcd7601f0d4153a95.jpg,640,640,Tomato Septoria leaf spot,58,12,493,634
gray-leaf-spot-300x225_jpg.rf.f9a2382fe9745b146013da584ada6913.jpg,640,640,Tomato mold leaf,461,237,627,403
gray-leaf-spot-300x225_jpg.rf.f9a2382fe9745b146013da584ada6913.jpg,640,640,Tomato mold leaf,0,429,148,634
gray-leaf-spot-300x225_jpg.rf.f9a2382fe9745b146013da584ada6913.jpg,640,640,Tomato mold leaf,160,64,442,390
gray-leaf-spot-300x225_jpg.rf.f9a2382fe9745b146013da584ada6913.jpg,640,640,Tomato mold leaf,70,52,218,455
2septoria-tomato_jpg.rf.0a1748fb327ca963ffa563bc6fd1ca4b.jpg,640,640,Tomato Septoria leaf spot,16,39,493,636
2septoria-tomato_jpg.rf.0a1748fb327ca963ffa563bc6fd1ca4b.jpg,640,640,Tomato Septoria leaf spot,266,0,604,415
late_blight_tomato_leaf4x1200_jpg.rf.f48144a884cf7a056359b755b3d931b3.jpg,640,640,Tomato leaf bacterial spot,351,502,447,560
late_blight_tomato_leaf4x1200_jpg.rf.f48144a884cf7a056359b755b3d931b3.jpg,640,640,Tomato leaf bacterial spot,92,356,188,532
late_blight_tomato_leaf4x1200_jpg.rf.f48144a884cf7a056359b755b3d931b3.jpg,640,640,Tomato leaf bacterial spot,0,304,85,455
late_blight_tomato_leaf4x1200_jpg.rf.f48144a884cf7a056359b755b3d931b3.jpg,640,640,Tomato leaf bacterial spot,162,262,287,476
late_blight_tomato_leaf4x1200_jpg.rf.f48144a884cf7a056359b755b3d931b3.jpg,640,640,Tomato leaf bacterial spot,442,225,556,345
late_blight_tomato_leaf4x1200_jpg.rf.f48144a884cf7a056359b755b3d931b3.jpg,640,640,Tomato leaf bacterial spot,355,133,533,316
late_blight_tomato_leaf4x1200_jpg.rf.f48144a884cf7a056359b755b3d931b3.jpg,640,640,Tomato leaf bacterial spot,151,75,248,247
late_blight_tomato_leaf4x1200_jpg.rf.f48144a884cf7a056359b755b3d931b3.jpg,640,640,Tomato leaf mosaic virus,250,87,372,255
late_blight_tomato_leaf4x1200_jpg.rf.f48144a884cf7a056359b755b3d931b3.jpg,640,640,Tomato leaf bacterial spot,464,78,544,174
late_blight_tomato_leaf4x1200_jpg.rf.f48144a884cf7a056359b755b3d931b3.jpg,640,640,Tomato leaf bacterial spot,341,18,507,155
septorialycopersici_small_jpg.rf.b60153a158372166730bd9fd333e226e.jpg,640,640,Tomato Septoria leaf spot,55,30,640,639
tdisease12_jpg.rf.7a3d3346aa621a9644a0d02ff8fe9c8b.jpg,640,640,Tomato mold leaf,147,423,371,583
tdisease12_jpg.rf.7a3d3346aa621a9644a0d02ff8fe9c8b.jpg,640,640,Tomato mold leaf,512,409,634,545
tdisease12_jpg.rf.7a3d3346aa621a9644a0d02ff8fe9c8b.jpg,640,640,Tomato mold leaf,224,218,398,384
tdisease12_jpg.rf.7a3d3346aa621a9644a0d02ff8fe9c8b.jpg,640,640,Tomato mold leaf,423,103,532,269
tdisease12_jpg.rf.7a3d3346aa621a9644a0d02ff8fe9c8b.jpg,640,640,Tomato mold leaf,474,224,634,404
5c77186a4ea326e5495c9d03cd89ce16_jpg.rf.02a16876e39dc67206c6c484e2a69360.jpg,640,640,Tomato Septoria leaf spot,354,3,638,234
5c77186a4ea326e5495c9d03cd89ce16_jpg.rf.02a16876e39dc67206c6c484e2a69360.jpg,640,640,Tomato Septoria leaf spot,222,29,368,309
5c77186a4ea326e5495c9d03cd89ce16_jpg.rf.02a16876e39dc67206c6c484e2a69360.jpg,640,640,Tomato Septoria leaf spot,188,334,452,632
50-20Leafmold-20Top_jpg.rf.642cfceb61adf2ee96f84392a2dc3a95.jpg,640,640,Tomato mold leaf,76,72,570,503
1576389-early-20blight-20symptoms_jpg.rf.586f29d5220c7896bf4bb029e98d0ec7.jpg,640,640,Tomato Early blight leaf,72,68,639,601
28018723549_3a16c1467b_b_jpg.rf.9ddb88d564775c31d38df766ded312a8.jpg,640,640,Tomato Septoria leaf spot,358,178,551,480
28018723549_3a16c1467b_b_jpg.rf.9ddb88d564775c31d38df766ded312a8.jpg,640,640,Tomato Septoria leaf spot,135,262,384,576
wd0phb4_jpg.rf.17065708bf1577c5a79291324f9025c0.jpg,640,640,Tomato leaf,211,38,589,615
Leaf-Spot-300x253_jpg.rf.7a6a0afb7ad78535b0200797d3b407df.jpg,640,640,Tomato leaf late blight,16,57,359,608
Leaf-Spot-300x253_jpg.rf.7a6a0afb7ad78535b0200797d3b407df.jpg,640,640,Tomato leaf late blight,308,200,571,588
tomato-mosaic-virus-leaf_jpg.rf.6dc4db2700bb4f041c1bd81e57d6c8a3.jpg,640,640,Tomato leaf,6,19,326,384
tomato-mosaic-virus-leaf_jpg.rf.6dc4db2700bb4f041c1bd81e57d6c8a3.jpg,640,640,Tomato leaf,378,185,627,627
tomato-mosaic-virus-leaf_jpg.rf.6dc4db2700bb4f041c1bd81e57d6c8a3.jpg,640,640,Tomato leaf,256,153,416,538
septoria-leaf-spot-tomatoes2x2400-202yoxg_jpg.rf.a836122d28af8bf778b06921b554ff22.jpg,640,640,Tomato Septoria leaf spot,243,0,557,255
septoria-leaf-spot-tomatoes2x2400-202yoxg_jpg.rf.a836122d28af8bf778b06921b554ff22.jpg,640,640,Tomato Septoria leaf spot,95,0,279,178
septoria-leaf-spot-tomatoes2x2400-202yoxg_jpg.rf.a836122d28af8bf778b06921b554ff22.jpg,640,640,Tomato Septoria leaf spot,0,263,166,506
septoria-leaf-spot-tomatoes2x2400-202yoxg_jpg.rf.a836122d28af8bf778b06921b554ff22.jpg,640,640,Tomato Septoria leaf spot,199,378,403,633
tlcv-tomato-leaf-curl-virus-symptoms-on-a-glasshouse-tomato-plant-bmyh62_jpg.rf.c70cabc38b183e1149d6a8a505b0dcb1.jpg,640,640,Tomato leaf bacterial spot,115,557,294,634
tlcv-tomato-leaf-curl-virus-symptoms-on-a-glasshouse-tomato-plant-bmyh62_jpg.rf.c70cabc38b183e1149d6a8a505b0dcb1.jpg,640,640,Tomato leaf bacterial spot,359,480,442,569
tlcv-tomato-leaf-curl-virus-symptoms-on-a-glasshouse-tomato-plant-bmyh62_jpg.rf.c70cabc38b183e1149d6a8a505b0dcb1.jpg,640,640,Tomato leaf bacterial spot,218,250,289,378
tlcv-tomato-leaf-curl-virus-symptoms-on-a-glasshouse-tomato-plant-bmyh62_jpg.rf.c70cabc38b183e1149d6a8a505b0dcb1.jpg,640,640,Tomato leaf bacterial spot,460,186,595,257
tlcv-tomato-leaf-curl-virus-symptoms-on-a-glasshouse-tomato-plant-bmyh62_jpg.rf.c70cabc38b183e1149d6a8a505b0dcb1.jpg,640,640,Tomato leaf bacterial spot,403,237,480,352
tlcv-tomato-leaf-curl-virus-symptoms-on-a-glasshouse-tomato-plant-bmyh62_jpg.rf.c70cabc38b183e1149d6a8a505b0dcb1.jpg,640,640,Tomato leaf bacterial spot,371,205,442,276
tlcv-tomato-leaf-curl-virus-symptoms-on-a-glasshouse-tomato-plant-bmyh62_jpg.rf.c70cabc38b183e1149d6a8a505b0dcb1.jpg,640,640,Tomato leaf bacterial spot,423,154,520,198
tlcv-tomato-leaf-curl-virus-symptoms-on-a-glasshouse-tomato-plant-bmyh62_jpg.rf.c70cabc38b183e1149d6a8a505b0dcb1.jpg,640,640,Tomato leaf bacterial spot,103,166,192,231
tlcv-tomato-leaf-curl-virus-symptoms-on-a-glasshouse-tomato-plant-bmyh62_jpg.rf.c70cabc38b183e1149d6a8a505b0dcb1.jpg,640,640,Tomato leaf bacterial spot,161,166,262,332
tlcv-tomato-leaf-curl-virus-symptoms-on-a-glasshouse-tomato-plant-bmyh62_jpg.rf.c70cabc38b183e1149d6a8a505b0dcb1.jpg,640,640,Tomato leaf bacterial spot,308,218,397,365
tlcv-tomato-leaf-curl-virus-symptoms-on-a-glasshouse-tomato-plant-bmyh62_jpg.rf.c70cabc38b183e1149d6a8a505b0dcb1.jpg,640,640,Tomato leaf bacterial spot,288,339,397,416
tlcv-tomato-leaf-curl-virus-symptoms-on-a-glasshouse-tomato-plant-bmyh62_jpg.rf.c70cabc38b183e1149d6a8a505b0dcb1.jpg,640,640,Tomato leaf bacterial spot,159,415,333,551
tlcv-tomato-leaf-curl-virus-symptoms-on-a-glasshouse-tomato-plant-bmyh62_jpg.rf.c70cabc38b183e1149d6a8a505b0dcb1.jpg,640,640,Tomato leaf bacterial spot,525,359,633,525
tlcv-tomato-leaf-curl-virus-symptoms-on-a-glasshouse-tomato-plant-bmyh62_jpg.rf.c70cabc38b183e1149d6a8a505b0dcb1.jpg,640,640,Tomato leaf bacterial spot,416,461,576,627
photo-9_jpg.rf.2697a746d21077954f3a216402539ed4.jpg,640,640,Tomato leaf mosaic virus,166,287,363,451
earlyblightresize_jpg.rf.e88c8bab64d36f9d46d3bfc49ae24528.jpg,640,640,Tomato Early blight leaf,3,103,569,459
29994445671_b6914b44d0_b_jpg.rf.9d0fb6b627b9d43760cae70c6485d9ec.jpg,640,640,Tomato leaf,326,0,525,125
29994445671_b6914b44d0_b_jpg.rf.9d0fb6b627b9d43760cae70c6485d9ec.jpg,640,640,Tomato leaf,106,82,312,201
29994445671_b6914b44d0_b_jpg.rf.9d0fb6b627b9d43760cae70c6485d9ec.jpg,640,640,Tomato leaf,418,133,497,252
29994445671_b6914b44d0_b_jpg.rf.9d0fb6b627b9d43760cae70c6485d9ec.jpg,640,640,Tomato leaf,142,174,227,297
29994445671_b6914b44d0_b_jpg.rf.9d0fb6b627b9d43760cae70c6485d9ec.jpg,640,640,Tomato leaf,318,230,353,293
29994445671_b6914b44d0_b_jpg.rf.9d0fb6b627b9d43760cae70c6485d9ec.jpg,640,640,Tomato leaf,24,208,111,383
29994445671_b6914b44d0_b_jpg.rf.9d0fb6b627b9d43760cae70c6485d9ec.jpg,640,640,Tomato leaf,232,270,256,330
29994445671_b6914b44d0_b_jpg.rf.9d0fb6b627b9d43760cae70c6485d9ec.jpg,640,640,Tomato leaf,273,283,316,326
29994445671_b6914b44d0_b_jpg.rf.9d0fb6b627b9d43760cae70c6485d9ec.jpg,640,640,Tomato leaf,174,279,229,336
29994445671_b6914b44d0_b_jpg.rf.9d0fb6b627b9d43760cae70c6485d9ec.jpg,640,640,Tomato leaf,64,295,122,353
29994445671_b6914b44d0_b_jpg.rf.9d0fb6b627b9d43760cae70c6485d9ec.jpg,640,640,Tomato leaf,459,276,493,350
29994445671_b6914b44d0_b_jpg.rf.9d0fb6b627b9d43760cae70c6485d9ec.jpg,640,640,Tomato leaf,409,288,449,343
29994445671_b6914b44d0_b_jpg.rf.9d0fb6b627b9d43760cae70c6485d9ec.jpg,640,640,Tomato leaf,349,316,397,364
29994445671_b6914b44d0_b_jpg.rf.9d0fb6b627b9d43760cae70c6485d9ec.jpg,640,640,Tomato leaf,219,332,336,508
29994445671_b6914b44d0_b_jpg.rf.9d0fb6b627b9d43760cae70c6485d9ec.jpg,640,640,Tomato leaf,132,356,209,538
29994445671_b6914b44d0_b_jpg.rf.9d0fb6b627b9d43760cae70c6485d9ec.jpg,640,640,Tomato leaf,282,382,386,507
29994445671_b6914b44d0_b_jpg.rf.9d0fb6b627b9d43760cae70c6485d9ec.jpg,640,640,Tomato leaf,58,384,159,573
29994445671_b6914b44d0_b_jpg.rf.9d0fb6b627b9d43760cae70c6485d9ec.jpg,640,640,Tomato leaf,404,433,478,538
29994445671_b6914b44d0_b_jpg.rf.9d0fb6b627b9d43760cae70c6485d9ec.jpg,640,640,Tomato leaf,330,419,456,590
tomato-mosaic-virus-F0BA26_jpg.rf.75e093746f0cf72cdc83e0c252e92ba0.jpg,640,640,Tomato leaf,333,301,615,576
tomato-mosaic-virus-F0BA26_jpg.rf.75e093746f0cf72cdc83e0c252e92ba0.jpg,640,640,Tomato leaf,422,110,564,193
tomato-mosaic-virus-F0BA26_jpg.rf.75e093746f0cf72cdc83e0c252e92ba0.jpg,640,640,Tomato leaf,218,19,479,250
tomato-mosaic-virus-F0BA26_jpg.rf.75e093746f0cf72cdc83e0c252e92ba0.jpg,640,640,Tomato leaf,179,172,416,474
leaf_mold_tomato6x1200_jpg.rf.a85422a4e529db4c5d3de574225caa2b.jpg,640,640,Tomato mold leaf,136,124,216,318
leaf_mold_tomato6x1200_jpg.rf.a85422a4e529db4c5d3de574225caa2b.jpg,640,640,Tomato mold leaf,274,201,351,324
leaf_mold_tomato6x1200_jpg.rf.a85422a4e529db4c5d3de574225caa2b.jpg,640,640,Tomato mold leaf,359,129,553,413
leaf_mold_tomato6x1200_jpg.rf.a85422a4e529db4c5d3de574225caa2b.jpg,640,640,Tomato mold leaf,12,205,139,539
leaf_mold_tomato6x1200_jpg.rf.a85422a4e529db4c5d3de574225caa2b.jpg,640,640,Tomato mold leaf,231,254,377,561
leaf_mold_tomato6x1200_jpg.rf.a85422a4e529db4c5d3de574225caa2b.jpg,640,640,Tomato mold leaf,515,361,627,557
leaf_mold_tomato6x1200_jpg.rf.a85422a4e529db4c5d3de574225caa2b.jpg,640,640,Tomato mold leaf,343,373,520,609
photo-9_jpg.rf.8778d453b3cec0947f011a282ec24531.jpg,640,640,Tomato leaf mosaic virus,145,254,353,434
late-blight-phytophthora-infestans-damage-to-tomato-leaves-and-fruit-cmnxnf_jpg.rf.dc97ecca3721e2a209e2d5cc4ae35862.jpg,640,640,Tomato leaf yellow virus,485,131,639,448
late-blight-phytophthora-infestans-damage-to-tomato-leaves-and-fruit-cmnxnf_jpg.rf.dc97ecca3721e2a209e2d5cc4ae35862.jpg,640,640,Tomato leaf yellow virus,115,10,343,276
late-blight-phytophthora-infestans-damage-to-tomato-leaves-and-fruit-cmnxnf_jpg.rf.dc97ecca3721e2a209e2d5cc4ae35862.jpg,640,640,Tomato leaf yellow virus,171,366,438,606
5315825271570432-600x272-jpeg_jpg.rf.c90a973cd4be2db1d52022deb84dfbe3.jpg,640,640,Tomato Septoria leaf spot,262,427,449,639
5315825271570432-600x272-jpeg_jpg.rf.c90a973cd4be2db1d52022deb84dfbe3.jpg,640,640,Tomato Septoria leaf spot,422,389,625,640
5315825271570432-600x272-jpeg_jpg.rf.c90a973cd4be2db1d52022deb84dfbe3.jpg,640,640,Tomato Septoria leaf spot,66,0,386,640
5315825271570432-600x272-jpeg_jpg.rf.c90a973cd4be2db1d52022deb84dfbe3.jpg,640,640,Tomato Septoria leaf spot,421,20,628,402
black_leaf_mold_in_zina_tina_jpg.rf.cdf9a1a1ca525fc23f73cef25cff64b3.jpg,640,640,Tomato mold leaf,362,236,576,610
black_leaf_mold_in_zina_tina_jpg.rf.cdf9a1a1ca525fc23f73cef25cff64b3.jpg,640,640,Tomato mold leaf,520,131,638,428
black_leaf_mold_in_zina_tina_jpg.rf.cdf9a1a1ca525fc23f73cef25cff64b3.jpg,640,640,Tomato mold leaf,109,230,349,493
2015-09-17-01_jpg.rf.8f191dd0ea21b83ba630c4a396a4fb76.jpg,640,640,Tomato leaf bacterial spot,479,289,639,600
2015-09-17-01_jpg.rf.8f191dd0ea21b83ba630c4a396a4fb76.jpg,640,640,Tomato leaf bacterial spot,146,307,406,605
2015-09-17-01_jpg.rf.8f191dd0ea21b83ba630c4a396a4fb76.jpg,640,640,Tomato leaf bacterial spot,426,290,517,428
2015-09-17-01_jpg.rf.8f191dd0ea21b83ba630c4a396a4fb76.jpg,640,640,Tomato leaf bacterial spot,358,307,436,436
2015-09-17-01_jpg.rf.8f191dd0ea21b83ba630c4a396a4fb76.jpg,640,640,Tomato leaf bacterial spot,378,161,492,318
2015-09-17-01_jpg.rf.8f191dd0ea21b83ba630c4a396a4fb76.jpg,640,640,Tomato leaf bacterial spot,0,30,235,429
2015-09-17-01_jpg.rf.8f191dd0ea21b83ba630c4a396a4fb76.jpg,640,640,Tomato leaf bacterial spot,171,0,384,329
2015-09-17-01_jpg.rf.8f191dd0ea21b83ba630c4a396a4fb76.jpg,640,640,Tomato leaf bacterial spot,333,0,578,272
image_jpg.rf.d10d4e16408f0836e50f6169a78ed87b.jpg,640,640,Tomato leaf mosaic virus,0,106,405,419
tlcv-tomato-leaf-curl-virus-symptoms-on-a-glasshouse-tomato-plant-ACGAG6_jpg.rf.51f7a6d60ecdff26a2d291f0a258acad.jpg,640,640,Tomato leaf bacterial spot,461,173,538,276
tlcv-tomato-leaf-curl-virus-symptoms-on-a-glasshouse-tomato-plant-ACGAG6_jpg.rf.51f7a6d60ecdff26a2d291f0a258acad.jpg,640,640,Tomato leaf bacterial spot,224,52,307,173
tlcv-tomato-leaf-curl-virus-symptoms-on-a-glasshouse-tomato-plant-ACGAG6_jpg.rf.51f7a6d60ecdff26a2d291f0a258acad.jpg,640,640,Tomato leaf bacterial spot,281,160,377,269
tlcv-tomato-leaf-curl-virus-symptoms-on-a-glasshouse-tomato-plant-ACGAG6_jpg.rf.51f7a6d60ecdff26a2d291f0a258acad.jpg,640,640,Tomato leaf bacterial spot,179,250,307,295
tlcv-tomato-leaf-curl-virus-symptoms-on-a-glasshouse-tomato-plant-ACGAG6_jpg.rf.51f7a6d60ecdff26a2d291f0a258acad.jpg,640,640,Tomato leaf bacterial spot,108,282,224,384
tlcv-tomato-leaf-curl-virus-symptoms-on-a-glasshouse-tomato-plant-ACGAG6_jpg.rf.51f7a6d60ecdff26a2d291f0a258acad.jpg,640,640,Tomato leaf bacterial spot,31,371,167,512
tlcv-tomato-leaf-curl-virus-symptoms-on-a-glasshouse-tomato-plant-ACGAG6_jpg.rf.51f7a6d60ecdff26a2d291f0a258acad.jpg,640,640,Tomato leaf bacterial spot,230,359,345,519
tlcv-tomato-leaf-curl-virus-symptoms-on-a-glasshouse-tomato-plant-ACGAG6_jpg.rf.51f7a6d60ecdff26a2d291f0a258acad.jpg,640,640,Tomato leaf bacterial spot,314,288,441,359
tlcv-tomato-leaf-curl-virus-symptoms-on-a-glasshouse-tomato-plant-ACGAG6_jpg.rf.51f7a6d60ecdff26a2d291f0a258acad.jpg,640,640,Tomato leaf bacterial spot,454,256,634,410
tlcv-tomato-leaf-curl-virus-symptoms-on-a-glasshouse-tomato-plant-ACGAG6_jpg.rf.51f7a6d60ecdff26a2d291f0a258acad.jpg,640,640,Tomato leaf bacterial spot,454,332,551,468
early_blight_jpg.rf.f1e33c987e74f4b9b4221710b42036d3.jpg,640,640,Tomato Early blight leaf,0,0,638,638
2septoria-tomato_jpg.rf.607057de1a3cde80ddbcfd42242c900c.jpg,640,640,Tomato Septoria leaf spot,33,24,473,591
2septoria-tomato_jpg.rf.607057de1a3cde80ddbcfd42242c900c.jpg,640,640,Tomato Septoria leaf spot,288,226,600,623
TomatoLeafMold1-50QUALITY-16lgkq6_jpg.rf.70b5f403bc56c260325c71913db501be.jpg,640,640,Tomato mold leaf,0,83,634,634
5516100468998144-600x272_jpeg_jpg.rf.c016eefdd1308efe7ebd8be3c7d12a47.jpg,640,640,Tomato Septoria leaf spot,371,22,575,543
5516100468998144-600x272_jpeg_jpg.rf.c016eefdd1308efe7ebd8be3c7d12a47.jpg,640,640,Tomato Septoria leaf spot,180,19,335,570
tomato-mosaic-virus-leaf_jpg.rf.eb549d851675a7d769fef7141bb65629.jpg,640,640,Tomato leaf yellow virus,289,0,640,382
tomato-mosaic-virus-leaf_jpg.rf.eb549d851675a7d769fef7141bb65629.jpg,640,640,Tomato leaf yellow virus,210,143,405,543
tomato-mosaic-virus-leaf_jpg.rf.eb549d851675a7d769fef7141bb65629.jpg,640,640,Tomato leaf yellow virus,2,187,289,639
2017-08-27-2B-2BLate-2BBlight-2Bon-2BGypsy-2B1_jpg.rf.de3549e0b07005565b9e6bc6c25f2364.jpg,640,640,Tomato leaf yellow virus,160,64,409,544
bnX8Q_jpg.rf.5b5f788483185e59c141f12fb2dc8d48.jpg,640,640,Tomato Septoria leaf spot,200,180,377,565
bnX8Q_jpg.rf.5b5f788483185e59c141f12fb2dc8d48.jpg,640,640,Tomato Septoria leaf spot,235,72,357,206
2015-09-17-01_jpg.rf.6c921d47aa38162533402b78987ec901.jpg,640,640,Tomato leaf bacterial spot,18,0,218,263
2015-09-17-01_jpg.rf.6c921d47aa38162533402b78987ec901.jpg,640,640,Tomato leaf bacterial spot,287,65,535,354
2015-09-17-01_jpg.rf.6c921d47aa38162533402b78987ec901.jpg,640,640,Tomato leaf bacterial spot,152,161,236,298
2015-09-17-01_jpg.rf.6c921d47aa38162533402b78987ec901.jpg,640,640,Tomato leaf bacterial spot,229,181,303,308
2015-09-17-01_jpg.rf.6c921d47aa38162533402b78987ec901.jpg,640,640,Tomato leaf bacterial spot,130,277,238,432
2015-09-17-01_jpg.rf.6c921d47aa38162533402b78987ec901.jpg,640,640,Tomato leaf bacterial spot,366,292,639,639
2015-09-17-01_jpg.rf.6c921d47aa38162533402b78987ec901.jpg,640,640,Tomato leaf bacterial spot,203,318,402,639
2015-09-17-01_jpg.rf.6c921d47aa38162533402b78987ec901.jpg,640,640,Tomato leaf bacterial spot,3,310,234,622
23600077_1572609202782510_2145699867_o_jpg.rf.561aa54a6be52150be9c766886cfc8f7.jpg,640,640,Tomato mold leaf,387,196,616,359
23600077_1572609202782510_2145699867_o_jpg.rf.561aa54a6be52150be9c766886cfc8f7.jpg,640,640,Tomato mold leaf,135,371,551,637
23600077_1572609202782510_2145699867_o_jpg.rf.561aa54a6be52150be9c766886cfc8f7.jpg,640,640,Tomato mold leaf,0,159,395,332
tomato-leaf-mold_jpg.rf.0b2dd71d56b8d97f346416851a217bbf.jpg,640,640,Tomato mold leaf,5,5,636,592
2015-09-17-01_jpg.rf.f3c15d2380b369c12751fe1295538987.jpg,640,640,Tomato leaf bacterial spot,476,5,636,292
2015-09-17-01_jpg.rf.f3c15d2380b369c12751fe1295538987.jpg,640,640,Tomato leaf bacterial spot,142,63,358,328
2015-09-17-01_jpg.rf.f3c15d2380b369c12751fe1295538987.jpg,640,640,Tomato leaf bacterial spot,426,189,494,318
2015-09-17-01_jpg.rf.f3c15d2380b369c12751fe1295538987.jpg,640,640,Tomato leaf bacterial spot,357,195,414,316
2015-09-17-01_jpg.rf.f3c15d2380b369c12751fe1295538987.jpg,640,640,Tomato leaf bacterial spot,404,305,491,450
2015-09-17-01_jpg.rf.f3c15d2380b369c12751fe1295538987.jpg,640,640,Tomato leaf bacterial spot,1,271,224,635
2015-09-17-01_jpg.rf.f3c15d2380b369c12751fe1295538987.jpg,640,640,Tomato leaf bacterial spot,231,329,388,640
2015-09-17-01_jpg.rf.f3c15d2380b369c12751fe1295538987.jpg,640,640,Tomato leaf bacterial spot,396,354,590,638
tomato-plant-virus-tomato-yellow-leaf-curl-virus-tomato-plant-disease-mosaic-virus_jpg.rf.8f6cf30a9c1ca97a21034c57e26f20ba.jpg,640,640,Tomato leaf bacterial spot,154,26,249,157
tomato-plant-virus-tomato-yellow-leaf-curl-virus-tomato-plant-disease-mosaic-virus_jpg.rf.8f6cf30a9c1ca97a21034c57e26f20ba.jpg,640,640,Tomato leaf bacterial spot,449,49,568,143
tomato-plant-virus-tomato-yellow-leaf-curl-virus-tomato-plant-disease-mosaic-virus_jpg.rf.8f6cf30a9c1ca97a21034c57e26f20ba.jpg,640,640,Tomato leaf bacterial spot,214,433,325,579
tomato-plant-virus-tomato-yellow-leaf-curl-virus-tomato-plant-disease-mosaic-virus_jpg.rf.8f6cf30a9c1ca97a21034c57e26f20ba.jpg,640,640,Tomato leaf bacterial spot,329,248,411,329
tomato-plant-virus-tomato-yellow-leaf-curl-virus-tomato-plant-disease-mosaic-virus_jpg.rf.8f6cf30a9c1ca97a21034c57e26f20ba.jpg,640,640,Tomato leaf bacterial spot,2,272,89,377
tomato-plant-virus-tomato-yellow-leaf-curl-virus-tomato-plant-disease-mosaic-virus_jpg.rf.8f6cf30a9c1ca97a21034c57e26f20ba.jpg,640,640,Tomato leaf bacterial spot,34,75,95,183
tomato-plant-virus-tomato-yellow-leaf-curl-virus-tomato-plant-disease-mosaic-virus_jpg.rf.8f6cf30a9c1ca97a21034c57e26f20ba.jpg,640,640,Tomato leaf bacterial spot,103,79,172,168
tomato-plant-virus-tomato-yellow-leaf-curl-virus-tomato-plant-disease-mosaic-virus_jpg.rf.8f6cf30a9c1ca97a21034c57e26f20ba.jpg,640,640,Tomato leaf bacterial spot,263,83,452,215
tomato-plant-virus-tomato-yellow-leaf-curl-virus-tomato-plant-disease-mosaic-virus_jpg.rf.8f6cf30a9c1ca97a21034c57e26f20ba.jpg,640,640,Tomato leaf bacterial spot,388,239,606,376
tomato-plant-virus-tomato-yellow-leaf-curl-virus-tomato-plant-disease-mosaic-virus_jpg.rf.8f6cf30a9c1ca97a21034c57e26f20ba.jpg,640,640,Tomato leaf bacterial spot,426,328,603,483
tomato-plant-virus-tomato-yellow-leaf-curl-virus-tomato-plant-disease-mosaic-virus_jpg.rf.8f6cf30a9c1ca97a21034c57e26f20ba.jpg,640,640,Tomato leaf bacterial spot,171,306,386,459
tomato-plant-virus-tomato-yellow-leaf-curl-virus-tomato-plant-disease-mosaic-virus_jpg.rf.8f6cf30a9c1ca97a21034c57e26f20ba.jpg,640,640,Tomato leaf bacterial spot,365,414,516,638
Leaves-of-Tomato_jpg.rf.22d7d2c238d2393dbed668f13f35e833.jpg,640,640,Tomato leaf bacterial spot,43,25,202,196
Leaves-of-Tomato_jpg.rf.22d7d2c238d2393dbed668f13f35e833.jpg,640,640,Tomato leaf bacterial spot,507,83,628,240
Leaves-of-Tomato_jpg.rf.22d7d2c238d2393dbed668f13f35e833.jpg,640,640,Tomato leaf bacterial spot,293,143,424,323
Leaves-of-Tomato_jpg.rf.22d7d2c238d2393dbed668f13f35e833.jpg,640,640,Tomato leaf bacterial spot,30,159,193,427
Leaves-of-Tomato_jpg.rf.22d7d2c238d2393dbed668f13f35e833.jpg,640,640,Tomato leaf bacterial spot,178,178,318,437
Leaves-of-Tomato_jpg.rf.22d7d2c238d2393dbed668f13f35e833.jpg,640,640,Tomato leaf bacterial spot,476,286,627,640
Leaves-of-Tomato_jpg.rf.22d7d2c238d2393dbed668f13f35e833.jpg,640,640,Tomato leaf bacterial spot,333,344,469,599
Leaves-of-Tomato_jpg.rf.22d7d2c238d2393dbed668f13f35e833.jpg,640,640,Tomato leaf bacterial spot,172,489,300,640
5516100468998144_jpeg_jpg.rf.b885a6cde1df6c976f00e7ca587a2a07.jpg,640,640,Tomato Septoria leaf spot,259,62,419,169
5516100468998144_jpeg_jpg.rf.b885a6cde1df6c976f00e7ca587a2a07.jpg,640,640,Tomato Septoria leaf spot,76,74,256,181
5516100468998144_jpeg_jpg.rf.b885a6cde1df6c976f00e7ca587a2a07.jpg,640,640,Tomato Septoria leaf spot,295,185,374,249
5516100468998144_jpeg_jpg.rf.b885a6cde1df6c976f00e7ca587a2a07.jpg,640,640,Tomato Septoria leaf spot,188,182,319,403
5516100468998144_jpeg_jpg.rf.b885a6cde1df6c976f00e7ca587a2a07.jpg,640,640,Tomato Septoria leaf spot,377,194,569,394
5516100468998144_jpeg_jpg.rf.b885a6cde1df6c976f00e7ca587a2a07.jpg,640,640,Tomato Septoria leaf spot,253,406,413,471
23601051_1572608349449262_2029169498_o_jpg.rf.77060832adcbc2352a90be2901f56817.jpg,640,640,Tomato mold leaf,3,328,389,639
23601051_1572608349449262_2029169498_o_jpg.rf.77060832adcbc2352a90be2901f56817.jpg,640,640,Tomato mold leaf,216,46,493,432
6078710516023296-jpeg_jpg.rf.14fa04123fb20aca6bb12ea7205b5927.jpg,640,640,Tomato Septoria leaf spot,0,79,569,582
black-20leaf-20mold-20-284-29-JPG-itok-DIIUw9JU_jpg.rf.2d72b3f43a15736a014f5b81f95cfee3.jpg,640,640,Tomato mold leaf,0,0,638,638
28018723549_3a16c1467b_b_jpg.rf.356b1be661f6bcf9b77968875cca04a6.jpg,640,640,Tomato Early blight leaf,358,182,518,336
28018723549_3a16c1467b_b_jpg.rf.356b1be661f6bcf9b77968875cca04a6.jpg,640,640,Tomato Early blight leaf,135,262,382,576
TC6-300x194_jpg.rf.588d41a84f3532683eea5a6c84653029.jpg,640,640,Tomato leaf mosaic virus,111,26,572,634
5516100468998144-600x272_jpeg_jpg.rf.0308ee9835180c3164bbe556c9d8cac3.jpg,640,640,Tomato Septoria leaf spot,372,19,576,544
5516100468998144-600x272_jpeg_jpg.rf.0308ee9835180c3164bbe556c9d8cac3.jpg,640,640,Tomato Septoria leaf spot,179,19,333,570
CTG514794_jpg.rf.63dfe597f73dc719e42b82f0c98c11c3.jpg,640,640,Tomato leaf bacterial spot,103,55,168,140
CTG514794_jpg.rf.63dfe597f73dc719e42b82f0c98c11c3.jpg,640,640,Tomato leaf bacterial spot,413,115,613,203
CTG514794_jpg.rf.63dfe597f73dc719e42b82f0c98c11c3.jpg,640,640,Tomato leaf bacterial spot,28,108,106,180
CTG514794_jpg.rf.63dfe597f73dc719e42b82f0c98c11c3.jpg,640,640,Tomato leaf bacterial spot,41,186,168,272
CTG514794_jpg.rf.63dfe597f73dc719e42b82f0c98c11c3.jpg,640,640,Tomato leaf bacterial spot,189,192,283,276
CTG514794_jpg.rf.63dfe597f73dc719e42b82f0c98c11c3.jpg,640,640,Tomato leaf bacterial spot,448,219,621,336
CTG514794_jpg.rf.63dfe597f73dc719e42b82f0c98c11c3.jpg,640,640,Tomato leaf bacterial spot,250,286,405,349
CTG514794_jpg.rf.63dfe597f73dc719e42b82f0c98c11c3.jpg,640,640,Tomato leaf bacterial spot,398,339,510,408
CTG514794_jpg.rf.63dfe597f73dc719e42b82f0c98c11c3.jpg,640,640,Tomato leaf bacterial spot,93,322,233,463
CTG514794_jpg.rf.63dfe597f73dc719e42b82f0c98c11c3.jpg,640,640,Tomato leaf bacterial spot,192,339,323,479
CTG514794_jpg.rf.63dfe597f73dc719e42b82f0c98c11c3.jpg,640,640,Tomato leaf bacterial spot,82,420,231,508
CTG514794_jpg.rf.63dfe597f73dc719e42b82f0c98c11c3.jpg,640,640,Tomato leaf bacterial spot,289,435,435,529
CTG514794_jpg.rf.63dfe597f73dc719e42b82f0c98c11c3.jpg,640,640,Tomato leaf bacterial spot,271,531,464,617
CTG514794_jpg.rf.63dfe597f73dc719e42b82f0c98c11c3.jpg,640,640,Tomato leaf bacterial spot,252,31,356,127
3893_jpg.rf.900c05f54eec61b20a2e5dfd73ce6580.jpg,640,640,Tomato Septoria leaf spot,34,20,569,614
CTG514794_jpg.rf.8f524a79f61a1deeb5c9c65f3cd7a0c2.jpg,640,640,Tomato leaf bacterial spot,487,69,551,154
CTG514794_jpg.rf.8f524a79f61a1deeb5c9c65f3cd7a0c2.jpg,640,640,Tomato leaf bacterial spot,39,103,239,189
CTG514794_jpg.rf.8f524a79f61a1deeb5c9c65f3cd7a0c2.jpg,640,640,Tomato leaf bacterial spot,545,126,624,199
CTG514794_jpg.rf.8f524a79f61a1deeb5c9c65f3cd7a0c2.jpg,640,640,Tomato leaf bacterial spot,477,201,605,287
CTG514794_jpg.rf.8f524a79f61a1deeb5c9c65f3cd7a0c2.jpg,640,640,Tomato leaf bacterial spot,364,197,458,281
CTG514794_jpg.rf.8f524a79f61a1deeb5c9c65f3cd7a0c2.jpg,640,640,Tomato leaf bacterial spot,23,204,195,321
CTG514794_jpg.rf.8f524a79f61a1deeb5c9c65f3cd7a0c2.jpg,640,640,Tomato leaf bacterial spot,235,285,390,348
CTG514794_jpg.rf.8f524a79f61a1deeb5c9c65f3cd7a0c2.jpg,640,640,Tomato leaf bacterial spot,127,330,239,399
CTG514794_jpg.rf.8f524a79f61a1deeb5c9c65f3cd7a0c2.jpg,640,640,Tomato leaf bacterial spot,402,332,543,474
CTG514794_jpg.rf.8f524a79f61a1deeb5c9c65f3cd7a0c2.jpg,640,640,Tomato leaf bacterial spot,312,343,443,483
CTG514794_jpg.rf.8f524a79f61a1deeb5c9c65f3cd7a0c2.jpg,640,640,Tomato leaf bacterial spot,399,432,548,519
CTG514794_jpg.rf.8f524a79f61a1deeb5c9c65f3cd7a0c2.jpg,640,640,Tomato leaf bacterial spot,195,432,341,526
CTG514794_jpg.rf.8f524a79f61a1deeb5c9c65f3cd7a0c2.jpg,640,640,Tomato leaf bacterial spot,158,527,350,613
CTG514794_jpg.rf.8f524a79f61a1deeb5c9c65f3cd7a0c2.jpg,640,640,Tomato leaf bacterial spot,302,33,406,129
tomato-leaves-17427786_jpg.rf.5aac9b061da2c9a8126fd215ff79f708.jpg,640,640,Tomato leaf bacterial spot,449,398,600,598
tomato-leaves-17427786_jpg.rf.5aac9b061da2c9a8126fd215ff79f708.jpg,640,640,Tomato leaf bacterial spot,234,451,418,602
tomato-leaves-17427786_jpg.rf.5aac9b061da2c9a8126fd215ff79f708.jpg,640,640,Tomato leaf bacterial spot,279,295,513,472
tomato-leaves-17427786_jpg.rf.5aac9b061da2c9a8126fd215ff79f708.jpg,640,640,Tomato leaf bacterial spot,43,198,203,447
tomato-leaves-17427786_jpg.rf.5aac9b061da2c9a8126fd215ff79f708.jpg,640,640,Tomato leaf bacterial spot,392,46,598,249
tomato-leaves-17427786_jpg.rf.5aac9b061da2c9a8126fd215ff79f708.jpg,640,640,Tomato leaf bacterial spot,234,88,418,260
tomato-leaves-17427786_jpg.rf.5aac9b061da2c9a8126fd215ff79f708.jpg,640,640,Tomato leaf bacterial spot,52,484,261,639
5816170621_e1cce08736_z_jpg.rf.b9b1e4049d7c9200f2bb628484240d68.jpg,640,640,Tomato leaf yellow virus,26,288,340,608
5816170621_e1cce08736_z_jpg.rf.b9b1e4049d7c9200f2bb628484240d68.jpg,640,640,Tomato leaf yellow virus,108,102,544,627
blog_early_blight_628_jpg.rf.0f338ed01b4911998d7b0cb3686b22be.jpg,640,640,Tomato Early blight leaf,280,105,523,179
blog_early_blight_628_jpg.rf.0f338ed01b4911998d7b0cb3686b22be.jpg,640,640,Tomato Early blight leaf,2,94,207,245
blog_early_blight_628_jpg.rf.0f338ed01b4911998d7b0cb3686b22be.jpg,640,640,Tomato Early blight leaf,273,201,496,501
5579e3247db73_image_jpg.rf.b846bedc76019239fe0b64d307a09a9b.jpg,640,640,Tomato Septoria leaf spot,346,307,577,416
5579e3247db73_image_jpg.rf.b846bedc76019239fe0b64d307a09a9b.jpg,640,640,Tomato Septoria leaf spot,397,186,634,295
5579e3247db73_image_jpg.rf.b846bedc76019239fe0b64d307a09a9b.jpg,640,640,Tomato Septoria leaf spot,415,90,634,199
5579e3247db73_image_jpg.rf.b846bedc76019239fe0b64d307a09a9b.jpg,640,640,Tomato Septoria leaf spot,179,19,319,147
5579e3247db73_image_jpg.rf.b846bedc76019239fe0b64d307a09a9b.jpg,640,640,Tomato Septoria leaf spot,20,200,269,346
5579e3247db73_image_jpg.rf.b846bedc76019239fe0b64d307a09a9b.jpg,640,640,Tomato Septoria leaf spot,95,301,308,455
5579e3247db73_image_jpg.rf.b846bedc76019239fe0b64d307a09a9b.jpg,640,640,Tomato Septoria leaf spot,269,371,423,602
5579e3247db73_image_jpg.rf.b846bedc76019239fe0b64d307a09a9b.jpg,640,640,Tomato Septoria leaf spot,32,423,212,526
5579e3247db73_image_jpg.rf.b846bedc76019239fe0b64d307a09a9b.jpg,640,640,Tomato Septoria leaf spot,0,459,332,632
septoria-leaf-spot-treatment-leaf-spot-septoria-leaf-spot-soil-treatment-septoria-leaf-spot-tomato-organic-treatment_jpg.rf.3acc848e6e246deeeed3f48552dbe61d.jpg,640,640,Tomato Septoria leaf spot,77,160,634,545
late_blight_tomato_leaf_sporex1200_jpg.rf.14214cc6f85f56da41739cfcc318902b.jpg,640,640,Tomato leaf yellow virus,6,6,634,634
5866245865865216_jpeg_jpg.rf.6de7241d13651a74e27fe9c69b7a879b.jpg,640,640,Tomato Septoria leaf spot,96,141,295,538
5866245865865216_jpeg_jpg.rf.6de7241d13651a74e27fe9c69b7a879b.jpg,640,640,Tomato Septoria leaf spot,346,198,506,570
illustration-thematique-urbino-fig5-plante-20tylcv_jpg.rf.74ed266b5a0941eb1ac294dd08f1a240.jpg,640,640,Tomato leaf,348,503,401,546
illustration-thematique-urbino-fig5-plante-20tylcv_jpg.rf.74ed266b5a0941eb1ac294dd08f1a240.jpg,640,640,Tomato leaf,176,422,216,463
illustration-thematique-urbino-fig5-plante-20tylcv_jpg.rf.74ed266b5a0941eb1ac294dd08f1a240.jpg,640,640,Tomato leaf,187,346,235,422
illustration-thematique-urbino-fig5-plante-20tylcv_jpg.rf.74ed266b5a0941eb1ac294dd08f1a240.jpg,640,640,Tomato leaf,219,320,279,388
illustration-thematique-urbino-fig5-plante-20tylcv_jpg.rf.74ed266b5a0941eb1ac294dd08f1a240.jpg,640,640,Tomato leaf,316,317,379,375
illustration-thematique-urbino-fig5-plante-20tylcv_jpg.rf.74ed266b5a0941eb1ac294dd08f1a240.jpg,640,640,Tomato leaf,564,295,639,380
illustration-thematique-urbino-fig5-plante-20tylcv_jpg.rf.74ed266b5a0941eb1ac294dd08f1a240.jpg,640,640,Tomato leaf,268,239,320,306
illustration-thematique-urbino-fig5-plante-20tylcv_jpg.rf.74ed266b5a0941eb1ac294dd08f1a240.jpg,640,640,Tomato leaf,351,207,431,296
illustration-thematique-urbino-fig5-plante-20tylcv_jpg.rf.74ed266b5a0941eb1ac294dd08f1a240.jpg,640,640,Tomato leaf,553,243,638,320
illustration-thematique-urbino-fig5-plante-20tylcv_jpg.rf.74ed266b5a0941eb1ac294dd08f1a240.jpg,640,640,Tomato leaf,308,142,372,253
illustration-thematique-urbino-fig5-plante-20tylcv_jpg.rf.74ed266b5a0941eb1ac294dd08f1a240.jpg,640,640,Tomato leaf,295,93,340,138
illustration-thematique-urbino-fig5-plante-20tylcv_jpg.rf.74ed266b5a0941eb1ac294dd08f1a240.jpg,640,640,Tomato leaf,295,63,338,97
illustration-thematique-urbino-fig5-plante-20tylcv_jpg.rf.74ed266b5a0941eb1ac294dd08f1a240.jpg,640,640,Tomato leaf,295,21,340,81
illustration-thematique-urbino-fig5-plante-20tylcv_jpg.rf.74ed266b5a0941eb1ac294dd08f1a240.jpg,640,640,Tomato leaf,310,512,356,590
5866245865865216-jpeg_jpg.rf.b1925932879408ac456a342ae1d52c63.jpg,640,640,Tomato Septoria leaf spot,328,109,569,526
5866245865865216-jpeg_jpg.rf.b1925932879408ac456a342ae1d52c63.jpg,640,640,Tomato Septoria leaf spot,122,52,327,440
5775225744523264-600x272_jpeg_jpg.rf.feaf80522e0a7591436caa42ec009523.jpg,640,640,Tomato Septoria leaf spot,211,3,422,600
5775225744523264-600x272_jpeg_jpg.rf.feaf80522e0a7591436caa42ec009523.jpg,640,640,Tomato Septoria leaf spot,452,23,571,614
thumb-500_jpg.rf.d5e379a157cbfe2228945020546c645a.jpg,640,640,Tomato leaf,79,411,165,586
thumb-500_jpg.rf.d5e379a157cbfe2228945020546c645a.jpg,640,640,Tomato leaf,377,194,460,281
thumb-500_jpg.rf.d5e379a157cbfe2228945020546c645a.jpg,640,640,Tomato leaf,281,249,397,314
thumb-500_jpg.rf.d5e379a157cbfe2228945020546c645a.jpg,640,640,Tomato leaf,537,442,617,509
thumb-500_jpg.rf.d5e379a157cbfe2228945020546c645a.jpg,640,640,Tomato leaf,206,242,305,428
thumb-500_jpg.rf.d5e379a157cbfe2228945020546c645a.jpg,640,640,Tomato leaf,70,135,236,257
thumb-500_jpg.rf.d5e379a157cbfe2228945020546c645a.jpg,640,640,Tomato leaf,80,235,209,311
thumb-500_jpg.rf.d5e379a157cbfe2228945020546c645a.jpg,640,640,Tomato leaf,477,263,569,379
thumb-500_jpg.rf.d5e379a157cbfe2228945020546c645a.jpg,640,640,Tomato leaf,314,419,505,568
thumb-500_jpg.rf.d5e379a157cbfe2228945020546c645a.jpg,640,640,Tomato leaf,237,320,431,474
30290_jpg.rf.50ec569f4a8764ee1360e7d169eae7d9.jpg,640,640,Tomato leaf mosaic virus,61,57,557,638
d-to-tylv-fo005-14496A31BE70553130A_jpg.rf.f486720c4b95445c2dfad69f93186ac9.jpg,640,640,Tomato mold leaf,377,122,435,186
d-to-tylv-fo005-14496A31BE70553130A_jpg.rf.f486720c4b95445c2dfad69f93186ac9.jpg,640,640,Tomato mold leaf,217,378,269,467
d-to-tylv-fo005-14496A31BE70553130A_jpg.rf.f486720c4b95445c2dfad69f93186ac9.jpg,640,640,Tomato mold leaf,428,83,481,160
d-to-tylv-fo005-14496A31BE70553130A_jpg.rf.f486720c4b95445c2dfad69f93186ac9.jpg,640,640,Tomato mold leaf,0,243,89,409
d-to-tylv-fo005-14496A31BE70553130A_jpg.rf.f486720c4b95445c2dfad69f93186ac9.jpg,640,640,Tomato mold leaf,33,409,110,486
d-to-tylv-fo005-14496A31BE70553130A_jpg.rf.f486720c4b95445c2dfad69f93186ac9.jpg,640,640,Tomato mold leaf,58,487,109,576
d-to-tylv-fo005-14496A31BE70553130A_jpg.rf.f486720c4b95445c2dfad69f93186ac9.jpg,640,640,Tomato mold leaf,96,493,141,602
d-to-tylv-fo005-14496A31BE70553130A_jpg.rf.f486720c4b95445c2dfad69f93186ac9.jpg,640,640,Tomato mold leaf,141,544,205,633
d-to-tylv-fo005-14496A31BE70553130A_jpg.rf.f486720c4b95445c2dfad69f93186ac9.jpg,640,640,Tomato mold leaf,218,569,262,634
d-to-tylv-fo005-14496A31BE70553130A_jpg.rf.f486720c4b95445c2dfad69f93186ac9.jpg,640,640,Tomato mold leaf,448,480,500,551
d-to-tylv-fo005-14496A31BE70553130A_jpg.rf.f486720c4b95445c2dfad69f93186ac9.jpg,640,640,Tomato mold leaf,525,378,563,449
d-to-tylv-fo005-14496A31BE70553130A_jpg.rf.f486720c4b95445c2dfad69f93186ac9.jpg,640,640,Tomato mold leaf,384,256,455,353
d-to-tylv-fo005-14496A31BE70553130A_jpg.rf.f486720c4b95445c2dfad69f93186ac9.jpg,640,640,Tomato mold leaf,423,371,449,423
d-to-tylv-fo005-14496A31BE70553130A_jpg.rf.f486720c4b95445c2dfad69f93186ac9.jpg,640,640,Tomato mold leaf,339,237,384,281
d-to-tylv-fo005-14496A31BE70553130A_jpg.rf.f486720c4b95445c2dfad69f93186ac9.jpg,640,640,Tomato mold leaf,455,110,570,193
d-to-tylv-fo005-14496A31BE70553130A_jpg.rf.f486720c4b95445c2dfad69f93186ac9.jpg,640,640,Tomato mold leaf,428,199,487,308
d-to-tylv-fo005-14496A31BE70553130A_jpg.rf.f486720c4b95445c2dfad69f93186ac9.jpg,640,640,Tomato mold leaf,365,467,403,505
d-to-tylv-fo005-14496A31BE70553130A_jpg.rf.f486720c4b95445c2dfad69f93186ac9.jpg,640,640,Tomato mold leaf,262,499,307,544
d-to-tylv-fo005-14496A31BE70553130A_jpg.rf.f486720c4b95445c2dfad69f93186ac9.jpg,640,640,Tomato mold leaf,320,391,352,435
d-to-tylv-fo005-14496A31BE70553130A_jpg.rf.f486720c4b95445c2dfad69f93186ac9.jpg,640,640,Tomato mold leaf,179,409,218,480
d-to-tylv-fo005-14496A31BE70553130A_jpg.rf.f486720c4b95445c2dfad69f93186ac9.jpg,640,640,Tomato mold leaf,115,397,167,480
5516100468998144-jpeg_jpg.rf.5ae5ca772377083e2118b089caf8e91c.jpg,640,640,Tomato Septoria leaf spot,222,478,351,594
5516100468998144-jpeg_jpg.rf.5ae5ca772377083e2118b089caf8e91c.jpg,640,640,Tomato Septoria leaf spot,385,469,566,576
5516100468998144-jpeg_jpg.rf.5ae5ca772377083e2118b089caf8e91c.jpg,640,640,Tomato Septoria leaf spot,266,392,346,456
5516100468998144-jpeg_jpg.rf.5ae5ca772377083e2118b089caf8e91c.jpg,640,640,Tomato Septoria leaf spot,322,238,453,461
5516100468998144-jpeg_jpg.rf.5ae5ca772377083e2118b089caf8e91c.jpg,640,640,Tomato Septoria leaf spot,71,246,265,446
5516100468998144-jpeg_jpg.rf.5ae5ca772377083e2118b089caf8e91c.jpg,640,640,Tomato Septoria leaf spot,229,170,389,235
2septoria-tomato_jpg.rf.17d3395287cc445dd02c78ef7fb8065a.jpg,640,640,Tomato Septoria leaf spot,40,31,469,591
2septoria-tomato_jpg.rf.17d3395287cc445dd02c78ef7fb8065a.jpg,640,640,Tomato Septoria leaf spot,295,229,600,620
tdisease12_jpg.rf.82755fbd3b5107a183374db87a6228db.jpg,640,640,Tomato mold leaf,146,420,372,578
tdisease12_jpg.rf.82755fbd3b5107a183374db87a6228db.jpg,640,640,Tomato mold leaf,510,408,639,545
tdisease12_jpg.rf.82755fbd3b5107a183374db87a6228db.jpg,640,640,Tomato mold leaf,225,217,396,386
tdisease12_jpg.rf.82755fbd3b5107a183374db87a6228db.jpg,640,640,Tomato mold leaf,423,100,529,268
tdisease12_jpg.rf.82755fbd3b5107a183374db87a6228db.jpg,640,640,Tomato mold leaf,477,228,637,406
5775225744523264_jpeg_jpg.rf.c0d5db376e1b76a57fe490d9c9b8625f.jpg,640,640,Tomato Septoria leaf spot,205,192,423,416
5775225744523264_jpeg_jpg.rf.c0d5db376e1b76a57fe490d9c9b8625f.jpg,640,640,Tomato Septoria leaf spot,441,218,576,416
5775225744523264_jpeg_jpg.rf.c0d5db376e1b76a57fe490d9c9b8625f.jpg,640,640,Tomato Septoria leaf spot,192,191,250,307
5775225744523264_jpeg_jpg.rf.c0d5db376e1b76a57fe490d9c9b8625f.jpg,640,640,Tomato leaf late blight,0,320,103,435
photo-9_jpg.rf.a712725ac8cb9c43be5f06da38a4f075.jpg,640,640,Tomato leaf yellow virus,135,51,544,634
5816740026_d42ef24413_Phytophthora-Infestans_jpg.rf.4e8151adf842154306def3a86b5594e1.jpg,640,640,Tomato leaf mosaic virus,105,35,527,529
tlcv-tomato-leaf-curl-virus-symptoms-on-a-glasshouse-tomato-plant-bmyh62_jpg.rf.791fa537c63ab6eeceae4899fe96df18.jpg,640,640,Tomato leaf bacterial spot,117,555,297,631
tlcv-tomato-leaf-curl-virus-symptoms-on-a-glasshouse-tomato-plant-bmyh62_jpg.rf.791fa537c63ab6eeceae4899fe96df18.jpg,640,640,Tomato leaf bacterial spot,357,480,443,571
tlcv-tomato-leaf-curl-virus-symptoms-on-a-glasshouse-tomato-plant-bmyh62_jpg.rf.791fa537c63ab6eeceae4899fe96df18.jpg,640,640,Tomato leaf bacterial spot,214,252,288,380
tlcv-tomato-leaf-curl-virus-symptoms-on-a-glasshouse-tomato-plant-bmyh62_jpg.rf.791fa537c63ab6eeceae4899fe96df18.jpg,640,640,Tomato leaf bacterial spot,462,188,596,257
tlcv-tomato-leaf-curl-virus-symptoms-on-a-glasshouse-tomato-plant-bmyh62_jpg.rf.791fa537c63ab6eeceae4899fe96df18.jpg,640,640,Tomato leaf bacterial spot,401,235,477,354
tlcv-tomato-leaf-curl-virus-symptoms-on-a-glasshouse-tomato-plant-bmyh62_jpg.rf.791fa537c63ab6eeceae4899fe96df18.jpg,640,640,Tomato leaf bacterial spot,371,205,443,276
tlcv-tomato-leaf-curl-virus-symptoms-on-a-glasshouse-tomato-plant-bmyh62_jpg.rf.791fa537c63ab6eeceae4899fe96df18.jpg,640,640,Tomato leaf bacterial spot,425,151,517,198
tlcv-tomato-leaf-curl-virus-symptoms-on-a-glasshouse-tomato-plant-bmyh62_jpg.rf.791fa537c63ab6eeceae4899fe96df18.jpg,640,640,Tomato leaf bacterial spot,105,166,189,232
tlcv-tomato-leaf-curl-virus-symptoms-on-a-glasshouse-tomato-plant-bmyh62_jpg.rf.791fa537c63ab6eeceae4899fe96df18.jpg,640,640,Tomato leaf bacterial spot,160,166,262,332
tlcv-tomato-leaf-curl-virus-symptoms-on-a-glasshouse-tomato-plant-bmyh62_jpg.rf.791fa537c63ab6eeceae4899fe96df18.jpg,640,640,Tomato leaf bacterial spot,305,220,397,365
tlcv-tomato-leaf-curl-virus-symptoms-on-a-glasshouse-tomato-plant-bmyh62_jpg.rf.791fa537c63ab6eeceae4899fe96df18.jpg,640,640,Tomato leaf bacterial spot,289,338,397,417
tlcv-tomato-leaf-curl-virus-symptoms-on-a-glasshouse-tomato-plant-bmyh62_jpg.rf.791fa537c63ab6eeceae4899fe96df18.jpg,640,640,Tomato leaf bacterial spot,158,414,331,549
tlcv-tomato-leaf-curl-virus-symptoms-on-a-glasshouse-tomato-plant-bmyh62_jpg.rf.791fa537c63ab6eeceae4899fe96df18.jpg,640,640,Tomato leaf bacterial spot,523,359,639,523
tlcv-tomato-leaf-curl-virus-symptoms-on-a-glasshouse-tomato-plant-bmyh62_jpg.rf.791fa537c63ab6eeceae4899fe96df18.jpg,640,640,Tomato leaf bacterial spot,416,460,579,626
20160428_080421_jpg.rf.9ee7e674f6f1891c5fa08fa1f49c7491.jpg,640,640,Tomato leaf late blight,217,64,441,262
20160428_080421_jpg.rf.9ee7e674f6f1891c5fa08fa1f49c7491.jpg,640,640,Tomato leaf late blight,115,27,262,276
20160428_080421_jpg.rf.9ee7e674f6f1891c5fa08fa1f49c7491.jpg,640,640,Tomato leaf late blight,320,173,525,339
20160428_080421_jpg.rf.9ee7e674f6f1891c5fa08fa1f49c7491.jpg,640,640,Tomato leaf late blight,365,372,633,473
20160428_080421_jpg.rf.9ee7e674f6f1891c5fa08fa1f49c7491.jpg,640,640,Tomato leaf late blight,0,359,205,442
septoria-leaf-spot-tomatoes1x2400-17g2jzo_jpg.rf.c0e189a8e26489c5c16ee523d09cb575.jpg,640,640,Tomato Septoria leaf spot,453,397,639,618
septoria-leaf-spot-tomatoes1x2400-17g2jzo_jpg.rf.c0e189a8e26489c5c16ee523d09cb575.jpg,640,640,Tomato Septoria leaf spot,299,411,462,637
septoria-leaf-spot-tomatoes1x2400-17g2jzo_jpg.rf.c0e189a8e26489c5c16ee523d09cb575.jpg,640,640,Tomato Septoria leaf spot,165,328,309,639
septoria-leaf-spot-tomatoes1x2400-17g2jzo_jpg.rf.c0e189a8e26489c5c16ee523d09cb575.jpg,640,640,Tomato Septoria leaf spot,237,357,341,443
septoria-leaf-spot-tomatoes1x2400-17g2jzo_jpg.rf.c0e189a8e26489c5c16ee523d09cb575.jpg,640,640,Tomato Septoria leaf spot,8,214,166,378
septoria-leaf-spot-tomatoes1x2400-17g2jzo_jpg.rf.c0e189a8e26489c5c16ee523d09cb575.jpg,640,640,Tomato Septoria leaf spot,179,2,310,169
septoria-leaf-spot-tomatoes1x2400-17g2jzo_jpg.rf.c0e189a8e26489c5c16ee523d09cb575.jpg,640,640,Tomato Septoria leaf spot,295,211,383,320
septoria-leaf-spot-tomatoes1x2400-17g2jzo_jpg.rf.c0e189a8e26489c5c16ee523d09cb575.jpg,640,640,Tomato Septoria leaf spot,368,177,557,355
septoria-leaf-spot-tomatoes1x2400-17g2jzo_jpg.rf.c0e189a8e26489c5c16ee523d09cb575.jpg,640,640,Tomato Septoria leaf spot,272,1,446,234
5775225744523264-jpeg_jpg.rf.cbaaa067b892a058658986f70f749de5.jpg,640,640,Tomato Septoria leaf spot,188,188,251,304
5775225744523264-jpeg_jpg.rf.cbaaa067b892a058658986f70f749de5.jpg,640,640,Tomato Septoria leaf spot,202,193,420,418
5775225744523264-jpeg_jpg.rf.cbaaa067b892a058658986f70f749de5.jpg,640,640,Tomato Septoria leaf spot,440,216,575,416
55830b60a7cf2-image_jpg.rf.1af8c0c0d99e626d8a599643e0be6294.jpg,640,640,Tomato Septoria leaf spot,27,75,305,250
55830b60a7cf2-image_jpg.rf.1af8c0c0d99e626d8a599643e0be6294.jpg,640,640,Tomato Septoria leaf spot,307,11,613,235
55830b60a7cf2-image_jpg.rf.1af8c0c0d99e626d8a599643e0be6294.jpg,640,640,Tomato Septoria leaf spot,75,176,397,559
ill-tomato-of-tomato-mosaic-virus-DBE17N_jpg.rf.bd132643ec817dcfba02be505506bae3.jpg,640,640,Tomato leaf,68,311,163,475
ill-tomato-of-tomato-mosaic-virus-DBE17N_jpg.rf.bd132643ec817dcfba02be505506bae3.jpg,640,640,Tomato leaf,450,452,513,586
ill-tomato-of-tomato-mosaic-virus-DBE17N_jpg.rf.bd132643ec817dcfba02be505506bae3.jpg,640,640,Tomato leaf,499,322,563,445
ill-tomato-of-tomato-mosaic-virus-DBE17N_jpg.rf.bd132643ec817dcfba02be505506bae3.jpg,640,640,Tomato leaf,165,68,240,214
ill-tomato-of-tomato-mosaic-virus-DBE17N_jpg.rf.bd132643ec817dcfba02be505506bae3.jpg,640,640,Tomato leaf,25,168,237,285
ill-tomato-of-tomato-mosaic-virus-DBE17N_jpg.rf.bd132643ec817dcfba02be505506bae3.jpg,640,640,Tomato leaf,209,225,343,445
confused-early-blight-septoria-zoom_jpg.rf.240a935c1e1ff9ffe5d3def3ca3fb66e.jpg,640,640,Tomato Septoria leaf spot,2,22,631,625
tomato-septoria-leaf-spot-_jpg.rf.8e5711e88cf377a644dfea4a246c1c18.jpg,640,640,Tomato Septoria leaf spot,145,271,229,514
tomato-septoria-leaf-spot-_jpg.rf.8e5711e88cf377a644dfea4a246c1c18.jpg,640,640,Tomato Septoria leaf spot,480,343,580,494
tomato-septoria-leaf-spot-_jpg.rf.8e5711e88cf377a644dfea4a246c1c18.jpg,640,640,Tomato Septoria leaf spot,505,261,609,354
tomato-septoria-leaf-spot-_jpg.rf.8e5711e88cf377a644dfea4a246c1c18.jpg,640,640,Tomato Septoria leaf spot,426,362,517,525
tomato-septoria-leaf-spot-_jpg.rf.8e5711e88cf377a644dfea4a246c1c18.jpg,640,640,Tomato Septoria leaf spot,343,318,425,471
tomato-septoria-leaf-spot-_jpg.rf.8e5711e88cf377a644dfea4a246c1c18.jpg,640,640,Tomato Septoria leaf spot,236,345,382,636
tomato-septoria-leaf-spot-_jpg.rf.8e5711e88cf377a644dfea4a246c1c18.jpg,640,640,Tomato Septoria leaf spot,265,181,368,314
39-late-blight-mold_jpg.rf.1fa634554fbbd42b70d27c6ef8b53e9d.jpg,640,640,Tomato leaf mosaic virus,82,168,420,460
bacterialSpeck03510339f27656b-1scmgh1_jpg.rf.e701a23fac81d7fc3cf751db86b08441.jpg,640,640,Tomato leaf mosaic virus,115,391,231,595
bacterialSpeck03510339f27656b-1scmgh1_jpg.rf.e701a23fac81d7fc3cf751db86b08441.jpg,640,640,Tomato leaf mosaic virus,332,0,613,332
bacterialSpeck03510339f27656b-1scmgh1_jpg.rf.e701a23fac81d7fc3cf751db86b08441.jpg,640,640,Tomato leaf mosaic virus,166,32,308,301
bacterialSpeck03510339f27656b-1scmgh1_jpg.rf.e701a23fac81d7fc3cf751db86b08441.jpg,640,640,Tomato leaf mosaic virus,51,63,225,275
bacterialSpeck03510339f27656b-1scmgh1_jpg.rf.e701a23fac81d7fc3cf751db86b08441.jpg,640,640,Tomato leaf mosaic virus,0,344,95,524
bacterialSpeck03510339f27656b-1scmgh1_jpg.rf.e701a23fac81d7fc3cf751db86b08441.jpg,640,640,Tomato leaf mosaic virus,498,352,634,634
bacterialSpeck03510339f27656b-1scmgh1_jpg.rf.e701a23fac81d7fc3cf751db86b08441.jpg,640,640,Tomato leaf mosaic virus,455,377,532,429
bacterialSpeck03510339f27656b-1scmgh1_jpg.rf.e701a23fac81d7fc3cf751db86b08441.jpg,640,640,Tomato leaf mosaic virus,390,320,455,498
bacterialSpeck03510339f27656b-1scmgh1_jpg.rf.e701a23fac81d7fc3cf751db86b08441.jpg,640,640,Tomato leaf mosaic virus,224,339,371,633
bacterialSpeck03510339f27656b-1scmgh1_jpg.rf.e701a23fac81d7fc3cf751db86b08441.jpg,640,640,Tomato leaf mosaic virus,365,153,423,301
septoria_leaf_spot_of_tomato-1500x750_jpg.rf.2d5486fe431a9c2c8094cc435e1ed8e3.jpg,640,640,Tomato Septoria leaf spot,166,0,472,632
septoria_leaf_spot_of_tomato-1500x750_jpg.rf.2d5486fe431a9c2c8094cc435e1ed8e3.jpg,640,640,Tomato Septoria leaf spot,338,489,538,640
5Tomato-Mosaic-Virus_jpg.rf.6c8bc97656ba973a4e2bd7ecd0b74ba2.jpg,640,640,Tomato leaf,20,377,283,518
5Tomato-Mosaic-Virus_jpg.rf.6c8bc97656ba973a4e2bd7ecd0b74ba2.jpg,640,640,Tomato leaf,147,371,307,435
5Tomato-Mosaic-Virus_jpg.rf.6c8bc97656ba973a4e2bd7ecd0b74ba2.jpg,640,640,Tomato leaf,353,416,596,544
5Tomato-Mosaic-Virus_jpg.rf.6c8bc97656ba973a4e2bd7ecd0b74ba2.jpg,640,640,Tomato leaf,338,198,557,372
5Tomato-Mosaic-Virus_jpg.rf.6c8bc97656ba973a4e2bd7ecd0b74ba2.jpg,640,640,Tomato leaf,243,13,435,289
black_leaf_mold_in_zina_tina_jpg.rf.22e5c5370cc63b920d71f4224105027b.jpg,640,640,Tomato mold leaf,554,146,638,429
black_leaf_mold_in_zina_tina_jpg.rf.22e5c5370cc63b920d71f4224105027b.jpg,640,640,Tomato mold leaf,126,191,319,414
black_leaf_mold_in_zina_tina_jpg.rf.22e5c5370cc63b920d71f4224105027b.jpg,640,640,Tomato mold leaf,372,9,503,362
early_blight1-150x150_jpg.rf.408d814ba4343e939186f45d25664728.jpg,640,640,Tomato Early blight leaf,5,26,636,611
tdisease6_jpg.rf.6f313ca811ddf6c87ef4a61ff44dd70d.jpg,640,640,Tomato mold leaf,448,249,557,346
tdisease6_jpg.rf.6f313ca811ddf6c87ef4a61ff44dd70d.jpg,640,640,Tomato mold leaf,313,372,505,633
tdisease6_jpg.rf.6f313ca811ddf6c87ef4a61ff44dd70d.jpg,640,640,Tomato mold leaf,70,359,268,525
tdisease6_jpg.rf.6f313ca811ddf6c87ef4a61ff44dd70d.jpg,640,640,Tomato mold leaf,256,396,416,615
tdisease6_jpg.rf.6f313ca811ddf6c87ef4a61ff44dd70d.jpg,640,640,Tomato mold leaf,237,25,551,230
tdisease6_jpg.rf.6f313ca811ddf6c87ef4a61ff44dd70d.jpg,640,640,Tomato mold leaf,300,211,474,320
tdisease6_jpg.rf.6f313ca811ddf6c87ef4a61ff44dd70d.jpg,640,640,Tomato mold leaf,38,109,314,340
bnX8Q_jpg.rf.8158013b47c764c7773f35d6aaf6ee9b.jpg,640,640,Tomato Septoria leaf spot,198,179,378,564
bnX8Q_jpg.rf.8158013b47c764c7773f35d6aaf6ee9b.jpg,640,640,Tomato Septoria leaf spot,237,70,358,205
3-tomato-mosaic-virus_web_jpg.rf.ec6dec2be3590f9f006411a48afff896.jpg,640,640,Tomato leaf,512,403,634,519
3-tomato-mosaic-virus_web_jpg.rf.ec6dec2be3590f9f006411a48afff896.jpg,640,640,Tomato leaf,256,218,295,295
3-tomato-mosaic-virus_web_jpg.rf.ec6dec2be3590f9f006411a48afff896.jpg,640,640,Tomato leaf,378,166,499,397
3-tomato-mosaic-virus_web_jpg.rf.ec6dec2be3590f9f006411a48afff896.jpg,640,640,Tomato leaf,237,332,468,474
3-tomato-mosaic-virus_web_jpg.rf.ec6dec2be3590f9f006411a48afff896.jpg,640,640,Tomato leaf,13,391,135,474
3-tomato-mosaic-virus_web_jpg.rf.ec6dec2be3590f9f006411a48afff896.jpg,640,640,Tomato leaf,179,326,244,379
septoria_leaf_spot_of_tomato-1500x750_jpg.rf.1386142454e1252e4677ed4ff57a2b9b.jpg,640,640,Tomato Septoria leaf spot,217,19,429,633
septoria_leaf_spot_of_tomato-1500x750_jpg.rf.1386142454e1252e4677ed4ff57a2b9b.jpg,640,640,Tomato Septoria leaf spot,76,18,256,160
5816170621_e1cce08736_z_jpg.rf.9d0390e9336126f26ade59ffa0f3fc0d.jpg,640,640,Tomato leaf mosaic virus,56,159,522,568
5816170621_e1cce08736_z_jpg.rf.9d0390e9336126f26ade59ffa0f3fc0d.jpg,640,640,Tomato leaf bacterial spot,343,108,639,347
ill-tomato-of-tomato-mosaic-virus-DBE17N_jpg.rf.2a6ef3ac1a405672d847e4183b5893bb.jpg,640,640,Tomato leaf yellow virus,346,440,451,600
ill-tomato-of-tomato-mosaic-virus-DBE17N_jpg.rf.2a6ef3ac1a405672d847e4183b5893bb.jpg,640,640,Tomato leaf yellow virus,371,372,602,531
ill-tomato-of-tomato-mosaic-virus-DBE17N_jpg.rf.2a6ef3ac1a405672d847e4183b5893bb.jpg,640,640,Tomato leaf yellow virus,277,194,455,437
ill-tomato-of-tomato-mosaic-virus-DBE17N_jpg.rf.2a6ef3ac1a405672d847e4183b5893bb.jpg,640,640,Tomato leaf yellow virus,83,149,172,283
ill-tomato-of-tomato-mosaic-virus-DBE17N_jpg.rf.2a6ef3ac1a405672d847e4183b5893bb.jpg,640,640,Tomato leaf yellow virus,472,200,599,382
ill-tomato-of-tomato-mosaic-virus-DBE17N_jpg.rf.2a6ef3ac1a405672d847e4183b5893bb.jpg,640,640,Tomato leaf yellow virus,160,21,249,164
Fig-2016_opt_jpg.rf.aeb500dccd40f508b5127da0bb3e3349.jpg,640,640,Tomato mold leaf,105,0,582,637
Fig-2016_opt_jpg.rf.aeb500dccd40f508b5127da0bb3e3349.jpg,640,640,Tomato mold leaf,274,470,486,639
Fig-2016_opt_jpg.rf.aeb500dccd40f508b5127da0bb3e3349.jpg,640,640,Tomato mold leaf,0,486,197,640
2373320_jpg.rf.f0859560824527a0ee3da7c2e7e9c062.jpg,640,640,Tomato Early blight leaf,191,205,572,412
2373320_jpg.rf.f0859560824527a0ee3da7c2e7e9c062.jpg,640,640,Tomato Early blight leaf,148,2,274,140
2373320_jpg.rf.f0859560824527a0ee3da7c2e7e9c062.jpg,640,640,Tomato Early blight leaf,294,422,477,596
2373320_jpg.rf.f0859560824527a0ee3da7c2e7e9c062.jpg,640,640,Tomato Early blight leaf,480,331,614,600
2373320_jpg.rf.f0859560824527a0ee3da7c2e7e9c062.jpg,640,640,Tomato Early blight leaf,2,414,102,591
LyraEDISServlet_jpg.rf.c67d28333d17dff30b642960c38ea700.jpg,640,640,Tomato leaf mosaic virus,199,34,419,605
SeptoriaTomato-B_jpg.rf.1f603bd8bebfe84ad1ad8503684ace55.jpg,640,640,Tomato Septoria leaf spot,435,0,629,249
SeptoriaTomato-B_jpg.rf.1f603bd8bebfe84ad1ad8503684ace55.jpg,640,640,Tomato Septoria leaf spot,258,238,362,351
SeptoriaTomato-B_jpg.rf.1f603bd8bebfe84ad1ad8503684ace55.jpg,640,640,Tomato Septoria leaf spot,130,209,265,433
SeptoriaTomato-B_jpg.rf.1f603bd8bebfe84ad1ad8503684ace55.jpg,640,640,Tomato Septoria leaf spot,0,187,206,596
SeptoriaTomato-B_jpg.rf.1f603bd8bebfe84ad1ad8503684ace55.jpg,640,640,Tomato Septoria leaf spot,526,239,640,436
SeptoriaTomato-B_jpg.rf.1f603bd8bebfe84ad1ad8503684ace55.jpg,640,640,Tomato Septoria leaf spot,57,411,441,638
SeptoriaTomato-B_jpg.rf.1f603bd8bebfe84ad1ad8503684ace55.jpg,640,640,Tomato Septoria leaf spot,183,0,329,175
late-blight-tomato_jpg.rf.1787e4603dd4bf09d1d4231965395956.jpg,640,640,Tomato leaf yellow virus,352,5,634,186
late-blight-tomato_jpg.rf.1787e4603dd4bf09d1d4231965395956.jpg,640,640,Tomato leaf yellow virus,1,3,317,575
blog_early_blight_628_jpg.rf.80c6320b5f27ac5a0aeb2ed86789f680.jpg,640,640,Tomato Early blight leaf,119,106,362,180
blog_early_blight_628_jpg.rf.80c6320b5f27ac5a0aeb2ed86789f680.jpg,640,640,Tomato Early blight leaf,145,202,369,502
blog_early_blight_628_jpg.rf.80c6320b5f27ac5a0aeb2ed86789f680.jpg,640,640,Tomato Early blight leaf,434,96,638,247
5830204360_757cd7fdfc_z_jpg.rf.0c8515a8f195fb0f68d524693758233e.jpg,640,640,Tomato leaf mosaic virus,0,58,255,455
5830204360_757cd7fdfc_z_jpg.rf.0c8515a8f195fb0f68d524693758233e.jpg,640,640,Tomato leaf mosaic virus,464,171,639,480
5830204360_757cd7fdfc_z_jpg.rf.0c8515a8f195fb0f68d524693758233e.jpg,640,640,Tomato leaf mosaic virus,223,112,465,437
late_blight_tomato_leavesx500_jpg.rf.d9c0858136006c37f30317b0d655c46b.jpg,640,640,Tomato leaf yellow virus,332,276,403,442
late_blight_tomato_leavesx500_jpg.rf.d9c0858136006c37f30317b0d655c46b.jpg,640,640,Tomato leaf yellow virus,371,430,486,519
late_blight_tomato_leavesx500_jpg.rf.d9c0858136006c37f30317b0d655c46b.jpg,640,640,Tomato leaf yellow virus,135,159,224,372
late_blight_tomato_leavesx500_jpg.rf.d9c0858136006c37f30317b0d655c46b.jpg,640,640,Tomato leaf yellow virus,211,276,275,442
late_blight_tomato_leavesx500_jpg.rf.d9c0858136006c37f30317b0d655c46b.jpg,640,640,Tomato leaf yellow virus,250,103,333,263
late_blight_tomato_leavesx500_jpg.rf.d9c0858136006c37f30317b0d655c46b.jpg,640,640,Tomato leaf yellow virus,301,45,384,116
late_blight_tomato_leavesx500_jpg.rf.d9c0858136006c37f30317b0d655c46b.jpg,640,640,Tomato leaf yellow virus,276,212,359,372
late_blight_tomato_leavesx500_jpg.rf.d9c0858136006c37f30317b0d655c46b.jpg,640,640,Tomato leaf yellow virus,199,435,359,532
late_blight_tomato_leavesx500_jpg.rf.d9c0858136006c37f30317b0d655c46b.jpg,640,640,Tomato leaf yellow virus,532,320,633,595
late_blight_tomato_leavesx500_jpg.rf.d9c0858136006c37f30317b0d655c46b.jpg,640,640,Tomato leaf yellow virus,461,218,570,313
late_blight_tomato_leavesx500_jpg.rf.d9c0858136006c37f30317b0d655c46b.jpg,640,640,Tomato leaf yellow virus,384,289,505,455
septoria-leaf-spot-treatment-leaf-spot-septoria-leaf-spot-soil-treatment-septoria-leaf-spot-tomato-organic-treatment_jpg.rf.5fd62e73cf87aaaaae030ecf9eb8ba8c.jpg,640,640,Tomato Septoria leaf spot,0,46,592,540
9511-img_jpg.rf.feb44244f39a8efd9cd7dc3277e3cfee.jpg,640,640,Tomato leaf yellow virus,126,123,197,188
9511-img_jpg.rf.feb44244f39a8efd9cd7dc3277e3cfee.jpg,640,640,Tomato leaf yellow virus,77,119,121,210
9511-img_jpg.rf.feb44244f39a8efd9cd7dc3277e3cfee.jpg,640,640,Tomato leaf yellow virus,442,145,539,233
9511-img_jpg.rf.feb44244f39a8efd9cd7dc3277e3cfee.jpg,640,640,Tomato leaf yellow virus,209,173,269,281
9511-img_jpg.rf.feb44244f39a8efd9cd7dc3277e3cfee.jpg,640,640,Tomato leaf yellow virus,483,218,580,305
9511-img_jpg.rf.feb44244f39a8efd9cd7dc3277e3cfee.jpg,640,640,Tomato leaf yellow virus,187,255,273,312
9511-img_jpg.rf.feb44244f39a8efd9cd7dc3277e3cfee.jpg,640,640,Tomato leaf yellow virus,75,250,158,319
9511-img_jpg.rf.feb44244f39a8efd9cd7dc3277e3cfee.jpg,640,640,Tomato leaf yellow virus,140,332,235,416
9511-img_jpg.rf.feb44244f39a8efd9cd7dc3277e3cfee.jpg,640,640,Tomato leaf yellow virus,342,284,423,479
9511-img_jpg.rf.feb44244f39a8efd9cd7dc3277e3cfee.jpg,640,640,Tomato leaf yellow virus,371,309,491,477
9511-img_jpg.rf.feb44244f39a8efd9cd7dc3277e3cfee.jpg,640,640,Tomato leaf yellow virus,552,390,619,578
9511-img_jpg.rf.feb44244f39a8efd9cd7dc3277e3cfee.jpg,640,640,Tomato leaf yellow virus,62,440,142,618
6336392950972416-jpeg_jpg.rf.7fbd036f9f3fb22ab6835d385c47c9bf.jpg,640,640,Tomato Septoria leaf spot,7,69,153,392
6336392950972416-jpeg_jpg.rf.7fbd036f9f3fb22ab6835d385c47c9bf.jpg,640,640,Tomato Septoria leaf spot,322,178,403,339
6336392950972416-jpeg_jpg.rf.7fbd036f9f3fb22ab6835d385c47c9bf.jpg,640,640,Tomato Septoria leaf spot,163,106,300,452
6336392950972416-jpeg_jpg.rf.7fbd036f9f3fb22ab6835d385c47c9bf.jpg,640,640,Tomato Septoria leaf spot,422,350,493,413
6336392950972416-jpeg_jpg.rf.7fbd036f9f3fb22ab6835d385c47c9bf.jpg,640,640,Tomato Septoria leaf spot,235,330,356,532
6336392950972416-jpeg_jpg.rf.7fbd036f9f3fb22ab6835d385c47c9bf.jpg,640,640,Tomato Septoria leaf spot,306,410,428,579
7-17-Photo3_Septoria-MARY_jpg.rf.67cca5d6585b8bf78545de315739dd3c.jpg,640,640,Tomato Septoria leaf spot,286,7,583,556
7-17-Photo3_Septoria-MARY_jpg.rf.67cca5d6585b8bf78545de315739dd3c.jpg,640,640,Tomato Septoria leaf spot,170,279,256,556
7-17-Photo3_Septoria-MARY_jpg.rf.67cca5d6585b8bf78545de315739dd3c.jpg,640,640,Tomato Septoria leaf spot,568,406,639,619
7-17-Photo3_Septoria-MARY_jpg.rf.67cca5d6585b8bf78545de315739dd3c.jpg,640,640,Tomato Septoria leaf spot,0,0,118,424
septoria-leaf-spot-treatment-leaf-spot-septoria-leaf-spot-soil-treatment-septoria-leaf-spot-tomato-organic-treatment_jpg.rf.4c4597cccd56c24e6808f620c4d9284b.jpg,640,640,Tomato Septoria leaf spot,77,163,637,548
6078710516023296-600x272-jpeg_jpg.rf.3e699236aaf3db4d44e7079256a8dd1a.jpg,640,640,Tomato Septoria leaf spot,76,2,639,636
8226402609_62d16884a7_b_jpg.rf.0adbffed1608bfdfa975b44b0d39be51.jpg,640,640,Tomato leaf,160,166,208,249
8226402609_62d16884a7_b_jpg.rf.0adbffed1608bfdfa975b44b0d39be51.jpg,640,640,Tomato leaf,381,184,413,261
8226402609_62d16884a7_b_jpg.rf.0adbffed1608bfdfa975b44b0d39be51.jpg,640,640,Tomato leaf,468,192,499,297
8226402609_62d16884a7_b_jpg.rf.0adbffed1608bfdfa975b44b0d39be51.jpg,640,640,Tomato leaf,139,215,183,281
8226402609_62d16884a7_b_jpg.rf.0adbffed1608bfdfa975b44b0d39be51.jpg,640,640,Tomato leaf,333,205,376,313
8226402609_62d16884a7_b_jpg.rf.0adbffed1608bfdfa975b44b0d39be51.jpg,640,640,Tomato leaf,241,286,278,323
8226402609_62d16884a7_b_jpg.rf.0adbffed1608bfdfa975b44b0d39be51.jpg,640,640,Tomato leaf,412,295,455,336
8226402609_62d16884a7_b_jpg.rf.0adbffed1608bfdfa975b44b0d39be51.jpg,640,640,Tomato leaf,543,302,640,370
8226402609_62d16884a7_b_jpg.rf.0adbffed1608bfdfa975b44b0d39be51.jpg,640,640,Tomato leaf,400,299,445,381
8226402609_62d16884a7_b_jpg.rf.0adbffed1608bfdfa975b44b0d39be51.jpg,640,640,Tomato leaf,14,281,91,408
8226402609_62d16884a7_b_jpg.rf.0adbffed1608bfdfa975b44b0d39be51.jpg,640,640,Tomato leaf,359,326,388,382
8226402609_62d16884a7_b_jpg.rf.0adbffed1608bfdfa975b44b0d39be51.jpg,640,640,Tomato leaf,448,328,479,387
8226402609_62d16884a7_b_jpg.rf.0adbffed1608bfdfa975b44b0d39be51.jpg,640,640,Tomato leaf,507,328,542,388
8226402609_62d16884a7_b_jpg.rf.0adbffed1608bfdfa975b44b0d39be51.jpg,640,640,Tomato leaf,234,338,277,405
8226402609_62d16884a7_b_jpg.rf.0adbffed1608bfdfa975b44b0d39be51.jpg,640,640,Tomato leaf,123,360,163,418
8226402609_62d16884a7_b_jpg.rf.0adbffed1608bfdfa975b44b0d39be51.jpg,640,640,Tomato leaf,406,389,460,437
8226402609_62d16884a7_b_jpg.rf.0adbffed1608bfdfa975b44b0d39be51.jpg,640,640,Tomato leaf,293,373,392,461
8226402609_62d16884a7_b_jpg.rf.0adbffed1608bfdfa975b44b0d39be51.jpg,640,640,Tomato leaf,229,402,273,461
8226402609_62d16884a7_b_jpg.rf.0adbffed1608bfdfa975b44b0d39be51.jpg,640,640,Tomato leaf,411,409,444,463
8226402609_62d16884a7_b_jpg.rf.0adbffed1608bfdfa975b44b0d39be51.jpg,640,640,Tomato leaf,277,411,311,467
8226402609_62d16884a7_b_jpg.rf.0adbffed1608bfdfa975b44b0d39be51.jpg,640,640,Tomato leaf,175,410,219,487
8226402609_62d16884a7_b_jpg.rf.0adbffed1608bfdfa975b44b0d39be51.jpg,640,640,Tomato leaf,113,450,138,508
8226402609_62d16884a7_b_jpg.rf.0adbffed1608bfdfa975b44b0d39be51.jpg,640,640,Tomato leaf,242,467,287,536
8226402609_62d16884a7_b_jpg.rf.0adbffed1608bfdfa975b44b0d39be51.jpg,640,640,Tomato leaf,300,472,389,537
8226402609_62d16884a7_b_jpg.rf.0adbffed1608bfdfa975b44b0d39be51.jpg,640,640,Tomato leaf,203,468,300,568
8226402609_62d16884a7_b_jpg.rf.0adbffed1608bfdfa975b44b0d39be51.jpg,640,640,Tomato leaf,78,499,107,559
8226402609_62d16884a7_b_jpg.rf.0adbffed1608bfdfa975b44b0d39be51.jpg,640,640,Tomato leaf,102,518,127,560
8226402609_62d16884a7_b_jpg.rf.0adbffed1608bfdfa975b44b0d39be51.jpg,640,640,Tomato leaf,148,512,174,570
8226402609_62d16884a7_b_jpg.rf.0adbffed1608bfdfa975b44b0d39be51.jpg,640,640,Tomato leaf,398,529,470,614
8226402609_62d16884a7_b_jpg.rf.0adbffed1608bfdfa975b44b0d39be51.jpg,640,640,Tomato leaf,170,553,276,635
8226402609_62d16884a7_b_jpg.rf.0adbffed1608bfdfa975b44b0d39be51.jpg,640,640,Tomato leaf,72,578,95,635
b3a52d4eda0deedc34260c4dee847a5b_jpg.rf.e14cf796c394269afe5e620ae3083d5b.jpg,640,640,Tomato Early blight leaf,53,3,619,583
art_15017325188173_a24a66_jpg.rf.f6a4e0bd386299921bd6d0c768a24bff.jpg,640,640,Tomato leaf,127,240,208,369
art_15017325188173_a24a66_jpg.rf.f6a4e0bd386299921bd6d0c768a24bff.jpg,640,640,Tomato leaf,243,278,300,364
art_15017325188173_a24a66_jpg.rf.f6a4e0bd386299921bd6d0c768a24bff.jpg,640,640,Tomato leaf,480,345,554,390
art_15017325188173_a24a66_jpg.rf.f6a4e0bd386299921bd6d0c768a24bff.jpg,640,640,Tomato leaf,190,369,259,437
art_15017325188173_a24a66_jpg.rf.f6a4e0bd386299921bd6d0c768a24bff.jpg,640,640,Tomato leaf,171,396,220,450
art_15017325188173_a24a66_jpg.rf.f6a4e0bd386299921bd6d0c768a24bff.jpg,640,640,Tomato leaf,111,406,151,459
art_15017325188173_a24a66_jpg.rf.f6a4e0bd386299921bd6d0c768a24bff.jpg,640,640,Tomato leaf,520,435,603,490
art_15017325188173_a24a66_jpg.rf.f6a4e0bd386299921bd6d0c768a24bff.jpg,640,640,Tomato leaf,362,432,411,537
art_15017325188173_a24a66_jpg.rf.f6a4e0bd386299921bd6d0c768a24bff.jpg,640,640,Tomato leaf,430,413,495,590
art_15017325188173_a24a66_jpg.rf.f6a4e0bd386299921bd6d0c768a24bff.jpg,640,640,Tomato leaf,124,447,179,581
art_15017325188173_a24a66_jpg.rf.f6a4e0bd386299921bd6d0c768a24bff.jpg,640,640,Tomato leaf,7,448,93,628
art_15017325188173_a24a66_jpg.rf.f6a4e0bd386299921bd6d0c768a24bff.jpg,640,640,Tomato leaf,242,453,310,633
art_15017325188173_a24a66_jpg.rf.f6a4e0bd386299921bd6d0c768a24bff.jpg,640,640,Tomato leaf,506,463,569,640
a_solani_jpg.rf.50211fac0cac9ef3384ce763f7dbcf63.jpg,640,640,Tomato Early blight leaf,29,0,186,286
a_solani_jpg.rf.50211fac0cac9ef3384ce763f7dbcf63.jpg,640,640,Tomato Early blight leaf,450,6,639,386
a_solani_jpg.rf.50211fac0cac9ef3384ce763f7dbcf63.jpg,640,640,Tomato Early blight leaf,150,2,468,638
a_solani_jpg.rf.50211fac0cac9ef3384ce763f7dbcf63.jpg,640,640,Tomato Early blight leaf,569,225,640,500
Septoria_Leaf_Spot_of_Tomato2241-450x300_jpg.rf.6817ecc9811a57b66faee3bbab617dbc.jpg,640,640,Tomato Septoria leaf spot,0,96,468,633
Septoria_Leaf_Spot_of_Tomato2241-450x300_jpg.rf.6817ecc9811a57b66faee3bbab617dbc.jpg,640,640,Tomato Septoria leaf spot,460,57,634,397
early_blight_jpg.rf.e03938915e491146f610f3d550f2b1eb.jpg,640,640,Tomato Early blight leaf,10,2,638,630
septoria_tomato_jpg.rf.6ac93d155cb2ded9adc8bc19d49ba139.jpg,640,640,Tomato Septoria leaf spot,0,0,638,638
Septoria_Leaf_Spot_of_Tomato2241-450x300_jpg.rf.98fa6d01b7ca655ed684db973af848fc.jpg,640,640,Tomato Septoria leaf spot,424,266,639,620
Septoria_Leaf_Spot_of_Tomato2241-450x300_jpg.rf.98fa6d01b7ca655ed684db973af848fc.jpg,640,640,Tomato Septoria leaf spot,0,0,505,566
Septoria_Leaf_Spot_of_Tomato2241-450x300_jpg.rf.40026347c359bda8b709c33bf5c16e79.jpg,640,640,Tomato Septoria leaf spot,453,232,639,577
Septoria_Leaf_Spot_of_Tomato2241-450x300_jpg.rf.40026347c359bda8b709c33bf5c16e79.jpg,640,640,Tomato Septoria leaf spot,0,3,482,566
Septoria_Leaf_Spot_of_Tomato186_jpg.rf.ee63c8c7981be116f4edf41b18117932.jpg,640,640,Tomato Septoria leaf spot,147,134,576,589
Septoria_tomato_Margaret-20B_p8170755_0002_25004_jpg.rf.9e845fcd85311261aa760f0f43c2d848.jpg,640,640,Tomato Septoria leaf spot,26,256,109,449
Septoria_tomato_Margaret-20B_p8170755_0002_25004_jpg.rf.9e845fcd85311261aa760f0f43c2d848.jpg,640,640,Tomato Septoria leaf spot,128,480,211,622
Septoria_tomato_Margaret-20B_p8170755_0002_25004_jpg.rf.9e845fcd85311261aa760f0f43c2d848.jpg,640,640,Tomato Septoria leaf spot,230,193,428,602
Tomato59_JPG_jpg.rf.8182888ba20814e8bb7ab93bb99d0056.jpg,640,640,Tomato leaf late blight,372,101,460,274
Tomato59_JPG_jpg.rf.8182888ba20814e8bb7ab93bb99d0056.jpg,640,640,Tomato leaf late blight,60,154,238,283
Tomato59_JPG_jpg.rf.8182888ba20814e8bb7ab93bb99d0056.jpg,640,640,Tomato leaf late blight,465,91,562,243
Tomato59_JPG_jpg.rf.8182888ba20814e8bb7ab93bb99d0056.jpg,640,640,Tomato leaf late blight,205,87,251,176
Tomato59_JPG_jpg.rf.8182888ba20814e8bb7ab93bb99d0056.jpg,640,640,Tomato leaf late blight,152,108,226,174
Tomato59_JPG_jpg.rf.8182888ba20814e8bb7ab93bb99d0056.jpg,640,640,Tomato leaf late blight,466,498,588,634
Tomato59_JPG_jpg.rf.8182888ba20814e8bb7ab93bb99d0056.jpg,640,640,Tomato leaf late blight,403,457,485,638
Tomato59_JPG_jpg.rf.8182888ba20814e8bb7ab93bb99d0056.jpg,640,640,Tomato leaf late blight,89,360,197,415
Tomato59_JPG_jpg.rf.8182888ba20814e8bb7ab93bb99d0056.jpg,640,640,Tomato leaf late blight,193,420,322,492
Tomato59_JPG_jpg.rf.8182888ba20814e8bb7ab93bb99d0056.jpg,640,640,Tomato leaf late blight,249,499,363,623
tdisease_1_jpg.rf.b33549e64a73d09bcded09da23e8fbd2.jpg,640,640,Tomato mold leaf,279,415,370,560
tdisease_1_jpg.rf.b33549e64a73d09bcded09da23e8fbd2.jpg,640,640,Tomato mold leaf,194,397,311,578
fpls-08-01602-g001_jpg.rf.8d4d2f1b6174ac16ca98092f6c79f18e.jpg,640,640,Tomato leaf bacterial spot,116,0,639,591
fpls-08-01602-g001_jpg.rf.8d4d2f1b6174ac16ca98092f6c79f18e.jpg,640,640,Tomato leaf bacterial spot,38,395,442,639
thumb-500_jpg.rf.c947e025e84bbb80b9e2da6f8ab8d2c0.jpg,640,640,Tomato leaf,77,410,166,588
thumb-500_jpg.rf.c947e025e84bbb80b9e2da6f8ab8d2c0.jpg,640,640,Tomato leaf,378,193,461,282
thumb-500_jpg.rf.c947e025e84bbb80b9e2da6f8ab8d2c0.jpg,640,640,Tomato leaf,281,249,397,314
thumb-500_jpg.rf.c947e025e84bbb80b9e2da6f8ab8d2c0.jpg,640,640,Tomato leaf,538,442,615,513
thumb-500_jpg.rf.c947e025e84bbb80b9e2da6f8ab8d2c0.jpg,640,640,Tomato leaf,205,243,308,429
thumb-500_jpg.rf.c947e025e84bbb80b9e2da6f8ab8d2c0.jpg,640,640,Tomato leaf,71,135,237,256
thumb-500_jpg.rf.c947e025e84bbb80b9e2da6f8ab8d2c0.jpg,640,640,Tomato leaf,76,237,212,314
thumb-500_jpg.rf.c947e025e84bbb80b9e2da6f8ab8d2c0.jpg,640,640,Tomato leaf,473,262,570,378
thumb-500_jpg.rf.c947e025e84bbb80b9e2da6f8ab8d2c0.jpg,640,640,Tomato leaf,313,416,505,570
thumb-500_jpg.rf.c947e025e84bbb80b9e2da6f8ab8d2c0.jpg,640,640,Tomato leaf,237,320,429,474
tdisease6_jpg.rf.27e16cbc778977f7701910f44ec30f86.jpg,640,640,Tomato mold leaf,449,248,557,343
tdisease6_jpg.rf.27e16cbc778977f7701910f44ec30f86.jpg,640,640,Tomato mold leaf,311,374,500,638
tdisease6_jpg.rf.27e16cbc778977f7701910f44ec30f86.jpg,640,640,Tomato mold leaf,69,359,271,522
tdisease6_jpg.rf.27e16cbc778977f7701910f44ec30f86.jpg,640,640,Tomato mold leaf,256,399,416,616
tdisease6_jpg.rf.27e16cbc778977f7701910f44ec30f86.jpg,640,640,Tomato mold leaf,236,23,553,232
tdisease6_jpg.rf.27e16cbc778977f7701910f44ec30f86.jpg,640,640,Tomato mold leaf,298,209,477,320
tdisease6_jpg.rf.27e16cbc778977f7701910f44ec30f86.jpg,640,640,Tomato mold leaf,37,111,315,337
Tomato-2Bleaf_jpg.rf.2dba83388f8eaa39a02503f0fea07a0d.jpg,640,640,Tomato leaf late blight,6,262,249,627
Tomato-2Bleaf_jpg.rf.2dba83388f8eaa39a02503f0fea07a0d.jpg,640,640,Tomato leaf late blight,275,345,383,564
Tomato-2Bleaf_jpg.rf.2dba83388f8eaa39a02503f0fea07a0d.jpg,640,640,Tomato leaf late blight,415,153,628,410
Tomato-2Bleaf_jpg.rf.2dba83388f8eaa39a02503f0fea07a0d.jpg,640,640,Tomato leaf late blight,243,51,365,352
Tomato-2Bleaf_jpg.rf.2dba83388f8eaa39a02503f0fea07a0d.jpg,640,640,Tomato leaf late blight,52,32,295,301
tlcv-tomato-leaf-curl-virus-symptoms-on-a-glasshouse-tomato-plant-bmyh62_jpg.rf.4819069f548432e73dc04f33d4a2a3ed.jpg,640,640,Tomato leaf,88,392,189,461
tlcv-tomato-leaf-curl-virus-symptoms-on-a-glasshouse-tomato-plant-bmyh62_jpg.rf.4819069f548432e73dc04f33d4a2a3ed.jpg,640,640,Tomato leaf,410,438,510,524
tlcv-tomato-leaf-curl-virus-symptoms-on-a-glasshouse-tomato-plant-bmyh62_jpg.rf.4819069f548432e73dc04f33d4a2a3ed.jpg,640,640,Tomato leaf,23,316,169,415
tlcv-tomato-leaf-curl-virus-symptoms-on-a-glasshouse-tomato-plant-bmyh62_jpg.rf.4819069f548432e73dc04f33d4a2a3ed.jpg,640,640,Tomato leaf,174,334,261,421
tlcv-tomato-leaf-curl-virus-symptoms-on-a-glasshouse-tomato-plant-bmyh62_jpg.rf.4819069f548432e73dc04f33d4a2a3ed.jpg,640,640,Tomato leaf,340,324,478,510
tlcv-tomato-leaf-curl-virus-symptoms-on-a-glasshouse-tomato-plant-bmyh62_jpg.rf.4819069f548432e73dc04f33d4a2a3ed.jpg,640,640,Tomato leaf,222,260,347,423
tlcv-tomato-leaf-curl-virus-symptoms-on-a-glasshouse-tomato-plant-bmyh62_jpg.rf.4819069f548432e73dc04f33d4a2a3ed.jpg,640,640,Tomato leaf,148,250,250,384
tlcv-tomato-leaf-curl-virus-symptoms-on-a-glasshouse-tomato-plant-bmyh62_jpg.rf.4819069f548432e73dc04f33d4a2a3ed.jpg,640,640,Tomato leaf,336,272,438,413
tlcv-tomato-leaf-curl-virus-symptoms-on-a-glasshouse-tomato-plant-bmyh62_jpg.rf.4819069f548432e73dc04f33d4a2a3ed.jpg,640,640,Tomato leaf,251,208,374,311
tlcv-tomato-leaf-curl-virus-symptoms-on-a-glasshouse-tomato-plant-bmyh62_jpg.rf.4819069f548432e73dc04f33d4a2a3ed.jpg,640,640,Tomato leaf,19,48,173,235
tlcv-tomato-leaf-curl-virus-symptoms-on-a-glasshouse-tomato-plant-bmyh62_jpg.rf.4819069f548432e73dc04f33d4a2a3ed.jpg,640,640,Tomato leaf,334,95,534,271
tlcv-tomato-leaf-curl-virus-symptoms-on-a-glasshouse-tomato-plant-bmyh62_jpg.rf.4819069f548432e73dc04f33d4a2a3ed.jpg,640,640,Tomato leaf,241,47,347,158
tlcv-tomato-leaf-curl-virus-symptoms-on-a-glasshouse-tomato-plant-bmyh62_jpg.rf.4819069f548432e73dc04f33d4a2a3ed.jpg,640,640,Tomato leaf,104,1,304,164
tlcv-tomato-leaf-curl-virus-symptoms-on-a-glasshouse-tomato-plant-bmyh62_jpg.rf.4819069f548432e73dc04f33d4a2a3ed.jpg,640,640,Tomato leaf,401,26,595,143
tmv-tomato-16_jpg.rf.4ce71dcd6e488832a5fdb25b5aecb9fb.jpg,640,640,Tomato leaf yellow virus,87,0,639,568
TMV-3_jpg.rf.64d8ee43291d7bfecc6fb0d43aea589b.jpg,640,640,Tomato leaf,550,352,627,416
TMV-3_jpg.rf.64d8ee43291d7bfecc6fb0d43aea589b.jpg,640,640,Tomato leaf,352,480,410,525
TMV-3_jpg.rf.64d8ee43291d7bfecc6fb0d43aea589b.jpg,640,640,Tomato leaf,166,397,249,486
TMV-3_jpg.rf.64d8ee43291d7bfecc6fb0d43aea589b.jpg,640,640,Tomato leaf,345,294,467,358
TMV-3_jpg.rf.64d8ee43291d7bfecc6fb0d43aea589b.jpg,640,640,Tomato leaf,218,288,327,390
23601051_1572608349449262_2029169498_o_jpg.rf.e353b87c853bcf45e5bcdfed8b02b589.jpg,640,640,Tomato mold leaf,0,326,391,634
23601051_1572608349449262_2029169498_o_jpg.rf.e353b87c853bcf45e5bcdfed8b02b589.jpg,640,640,Tomato mold leaf,218,45,493,436
3182_jpg.rf.8533c077cf4ad486c471d650a759a0d2.jpg,640,640,Tomato leaf mosaic virus,45,39,622,590
2017-08-27-2B-2BLate-2BBlight-2Bon-2BGypsy-2B1_jpg.rf.cc086214cb2d78f1ecfa86ffba2eb131.jpg,640,640,Tomato leaf yellow virus,162,65,411,545
32-Septoria-leaf-spot_jpg.rf.222ba7e7d0d9ea64cfe4d29394d7f3b4.jpg,640,640,Tomato Septoria leaf spot,0,1,638,638
30290_jpg.rf.ac243b07ca1c54a654b0995e9ee9114d.jpg,640,640,Tomato leaf mosaic virus,64,57,558,634
IMG_7442-20resized_0_preview_jpg.rf.4311e819d22002230a433ea7b94475b6.jpg,640,640,Tomato mold leaf,429,0,589,391
IMG_7442-20resized_0_preview_jpg.rf.4311e819d22002230a433ea7b94475b6.jpg,640,640,Tomato mold leaf,6,25,237,633
IMG_7442-20resized_0_preview_jpg.rf.4311e819d22002230a433ea7b94475b6.jpg,640,640,Tomato mold leaf,256,134,410,634
23633262_1572609386115825_1396180255_o_jpg.rf.9ba7be9783d6870ef087646d9b5bd42c.jpg,640,640,Tomato mold leaf,116,122,436,519
32-Septoria-leaf-spot_jpg.rf.f67ca28641f7b10b35c3ad17a1c6be18.jpg,640,640,Tomato Septoria leaf spot,6,19,640,633
2373320_jpg.rf.daf0e466b0f49433a9d9e6a47c6fb960.jpg,640,640,Tomato Early blight leaf,192,205,570,409
2373320_jpg.rf.daf0e466b0f49433a9d9e6a47c6fb960.jpg,640,640,Tomato Early blight leaf,148,0,275,142
2373320_jpg.rf.daf0e466b0f49433a9d9e6a47c6fb960.jpg,640,640,Tomato Early blight leaf,295,422,473,596
2373320_jpg.rf.daf0e466b0f49433a9d9e6a47c6fb960.jpg,640,640,Tomato Early blight leaf,479,333,615,601
2373320_jpg.rf.daf0e466b0f49433a9d9e6a47c6fb960.jpg,640,640,Tomato Early blight leaf,0,416,103,590
29994445671_b6914b44d0_b_jpg.rf.6230f2015714e73c288e3b2ca4bb05e8.jpg,640,640,Tomato leaf bacterial spot,518,288,576,346
29994445671_b6914b44d0_b_jpg.rf.6230f2015714e73c288e3b2ca4bb05e8.jpg,640,640,Tomato leaf bacterial spot,409,276,468,333
29994445671_b6914b44d0_b_jpg.rf.6230f2015714e73c288e3b2ca4bb05e8.jpg,640,640,Tomato leaf bacterial spot,385,268,409,327
29994445671_b6914b44d0_b_jpg.rf.6230f2015714e73c288e3b2ca4bb05e8.jpg,640,640,Tomato leaf bacterial spot,147,282,179,359
29994445671_b6914b44d0_b_jpg.rf.6230f2015714e73c288e3b2ca4bb05e8.jpg,640,640,Tomato leaf bacterial spot,192,294,231,346
29994445671_b6914b44d0_b_jpg.rf.6230f2015714e73c288e3b2ca4bb05e8.jpg,640,640,Tomato leaf bacterial spot,243,320,288,365
29994445671_b6914b44d0_b_jpg.rf.6230f2015714e73c288e3b2ca4bb05e8.jpg,640,640,Tomato leaf bacterial spot,288,230,320,295
29994445671_b6914b44d0_b_jpg.rf.6230f2015714e73c288e3b2ca4bb05e8.jpg,640,640,Tomato leaf bacterial spot,326,282,365,326
29994445671_b6914b44d0_b_jpg.rf.6230f2015714e73c288e3b2ca4bb05e8.jpg,640,640,Tomato leaf bacterial spot,19,45,135,211
29994445671_b6914b44d0_b_jpg.rf.6230f2015714e73c288e3b2ca4bb05e8.jpg,640,640,Tomato leaf bacterial spot,141,141,218,256
29994445671_b6914b44d0_b_jpg.rf.6230f2015714e73c288e3b2ca4bb05e8.jpg,640,640,Tomato leaf bacterial spot,532,198,615,372
29994445671_b6914b44d0_b_jpg.rf.6230f2015714e73c288e3b2ca4bb05e8.jpg,640,640,Tomato leaf bacterial spot,524,0,632,172
29994445671_b6914b44d0_b_jpg.rf.6230f2015714e73c288e3b2ca4bb05e8.jpg,640,640,Tomato leaf bacterial spot,365,0,480,134
29994445671_b6914b44d0_b_jpg.rf.6230f2015714e73c288e3b2ca4bb05e8.jpg,640,640,Tomato leaf bacterial spot,103,0,269,154
29994445671_b6914b44d0_b_jpg.rf.6230f2015714e73c288e3b2ca4bb05e8.jpg,640,640,Tomato leaf bacterial spot,172,442,243,545
29994445671_b6914b44d0_b_jpg.rf.6230f2015714e73c288e3b2ca4bb05e8.jpg,640,640,Tomato leaf bacterial spot,0,358,178,518
29994445671_b6914b44d0_b_jpg.rf.6230f2015714e73c288e3b2ca4bb05e8.jpg,640,640,Tomato leaf bacterial spot,326,83,525,192
29994445671_b6914b44d0_b_jpg.rf.6230f2015714e73c288e3b2ca4bb05e8.jpg,640,640,Tomato leaf bacterial spot,410,173,493,295
29994445671_b6914b44d0_b_jpg.rf.6230f2015714e73c288e3b2ca4bb05e8.jpg,640,640,Tomato leaf bacterial spot,493,378,582,564
29994445671_b6914b44d0_b_jpg.rf.6230f2015714e73c288e3b2ca4bb05e8.jpg,640,640,Tomato leaf bacterial spot,442,352,513,532
29994445671_b6914b44d0_b_jpg.rf.6230f2015714e73c288e3b2ca4bb05e8.jpg,640,640,Tomato leaf bacterial spot,263,384,360,505
29994445671_b6914b44d0_b_jpg.rf.6230f2015714e73c288e3b2ca4bb05e8.jpg,640,640,Tomato leaf bacterial spot,191,397,327,589
29994445671_b6914b44d0_b_jpg.rf.6230f2015714e73c288e3b2ca4bb05e8.jpg,640,640,Tomato leaf bacterial spot,313,332,422,506
TomatoLateBlight-3-Underside-2ebj05b-300x225_jpg.rf.e94c7a452b41bd47800e940232200d4a.jpg,640,640,Tomato leaf mosaic virus,0,0,638,638
5866245865865216-jpeg_jpg.rf.19e2fd2d7e9d894c380a0bcb1ae2a005.jpg,640,640,Tomato Septoria leaf spot,91,105,294,503
5866245865865216-jpeg_jpg.rf.19e2fd2d7e9d894c380a0bcb1ae2a005.jpg,640,640,Tomato Septoria leaf spot,340,69,506,443
Late_blight_on_tomato_leaf_-287871756748-29_jpg.rf.b911d6c818336480977e5d0279be2626.jpg,640,640,Tomato leaf yellow virus,38,8,631,626
5Tomato-Mosaic-Virus_jpg.rf.9183b71398b225c43b6c7408c72afbc2.jpg,640,640,Tomato leaf,19,375,283,520
5Tomato-Mosaic-Virus_jpg.rf.9183b71398b225c43b6c7408c72afbc2.jpg,640,640,Tomato leaf,148,373,309,433
5Tomato-Mosaic-Virus_jpg.rf.9183b71398b225c43b6c7408c72afbc2.jpg,640,640,Tomato leaf,354,416,595,547
5Tomato-Mosaic-Virus_jpg.rf.9183b71398b225c43b6c7408c72afbc2.jpg,640,640,Tomato leaf,340,196,558,373
5Tomato-Mosaic-Virus_jpg.rf.9183b71398b225c43b6c7408c72afbc2.jpg,640,640,Tomato leaf,243,11,432,286
TomatoLeafMold1-50QUALITY-16lgkq6_jpg.rf.34f2e2c5b7ad72de889d53a3e713e7c0.jpg,640,640,Tomato mold leaf,0,133,514,579
5c77186a4ea326e5495c9d03cd89ce16_jpg.rf.4ebcde8dfad05ee30f6484e3627cde95.jpg,640,640,Tomato Septoria leaf spot,352,0,634,243
5c77186a4ea326e5495c9d03cd89ce16_jpg.rf.4ebcde8dfad05ee30f6484e3627cde95.jpg,640,640,Tomato Septoria leaf spot,224,31,365,307
5c77186a4ea326e5495c9d03cd89ce16_jpg.rf.4ebcde8dfad05ee30f6484e3627cde95.jpg,640,640,Tomato Septoria leaf spot,186,332,455,634
tomatofactsheet-png_png_jpg.rf.edf1056d2286b4f15db4c825b4be8a7c.jpg,640,640,Tomato Septoria leaf spot,278,366,627,639
tomatofactsheet-png_png_jpg.rf.edf1056d2286b4f15db4c825b4be8a7c.jpg,640,640,Tomato Septoria leaf spot,5,20,374,517
tomatofactsheet-png_png_jpg.rf.edf1056d2286b4f15db4c825b4be8a7c.jpg,640,640,Tomato Septoria leaf spot,386,20,639,325
Late_blight_on_tomato_leaf_-287871756748-29_jpg.rf.256357fc4e5bc9fa7c4c3dc8e6a05825.jpg,640,640,Tomato leaf mosaic virus,183,189,489,433
tomatoearlyblight_jpg.rf.f918b79fc0b29360b55007dbc6f9f0eb.jpg,640,640,Tomato Early blight leaf,0,269,346,634
tomatoearlyblight_jpg.rf.6c201d63e6c36399f9c89425a802929f.jpg,640,640,Tomato Early blight leaf,0,220,348,629
tomatofactsheet-png_png_jpg.rf.825fc868adfe8225d27d4547fb2e2f4c.jpg,640,640,Tomato Septoria leaf spot,341,8,639,344
tomatofactsheet-png_png_jpg.rf.825fc868adfe8225d27d4547fb2e2f4c.jpg,640,640,Tomato Septoria leaf spot,0,67,371,571
tomatofactsheet-png_png_jpg.rf.825fc868adfe8225d27d4547fb2e2f4c.jpg,640,640,Tomato Septoria leaf spot,312,379,599,639
Tomato-mosaic-virus_jpg.rf.1101b1cbb30d57ba68dc3ede3e7379dd.jpg,640,640,Tomato leaf,12,7,314,295
Tomato-mosaic-virus_jpg.rf.1101b1cbb30d57ba68dc3ede3e7379dd.jpg,640,640,Tomato leaf,6,409,269,634
Tomato-mosaic-virus_jpg.rf.1101b1cbb30d57ba68dc3ede3e7379dd.jpg,640,640,Tomato leaf,231,358,474,634
Tomato-mosaic-virus_jpg.rf.1101b1cbb30d57ba68dc3ede3e7379dd.jpg,640,640,Tomato leaf,212,12,461,314
Tomato-mosaic-virus_jpg.rf.1101b1cbb30d57ba68dc3ede3e7379dd.jpg,640,640,Tomato leaf,372,205,633,429
dahliaviralsymptoms2lowresjpg_jpg.rf.f4e23d175325537f474f4525ef09f7a9.jpg,640,640,Tomato leaf,328,388,499,634
dahliaviralsymptoms2lowresjpg_jpg.rf.f4e23d175325537f474f4525ef09f7a9.jpg,640,640,Tomato leaf,135,354,328,592
dahliaviralsymptoms2lowresjpg_jpg.rf.f4e23d175325537f474f4525ef09f7a9.jpg,640,640,Tomato leaf,157,111,328,342
dahliaviralsymptoms2lowresjpg_jpg.rf.f4e23d175325537f474f4525ef09f7a9.jpg,640,640,Tomato leaf,382,58,516,340
Botrytis-Tomato-Seedlings-2-copy-50QUALITY-17wck0d_jpg.rf.6d5ea30b155e5ad47ccd5010782eb30e.jpg,640,640,Tomato mold leaf,71,397,231,601
Botrytis-Tomato-Seedlings-2-copy-50QUALITY-17wck0d_jpg.rf.6d5ea30b155e5ad47ccd5010782eb30e.jpg,640,640,Tomato mold leaf,186,154,326,397
Botrytis-Tomato-Seedlings-2-copy-50QUALITY-17wck0d_jpg.rf.6d5ea30b155e5ad47ccd5010782eb30e.jpg,640,640,Tomato mold leaf,467,211,570,468
Botrytis-Tomato-Seedlings-2-copy-50QUALITY-17wck0d_jpg.rf.6d5ea30b155e5ad47ccd5010782eb30e.jpg,640,640,Tomato mold leaf,448,346,525,589
Botrytis-Tomato-Seedlings-2-copy-50QUALITY-17wck0d_jpg.rf.6d5ea30b155e5ad47ccd5010782eb30e.jpg,640,640,Tomato mold leaf,339,332,467,634
Botrytis-Tomato-Seedlings-2-copy-50QUALITY-17wck0d_jpg.rf.6d5ea30b155e5ad47ccd5010782eb30e.jpg,640,640,Tomato mold leaf,346,166,442,314
Botrytis-Tomato-Seedlings-2-copy-50QUALITY-17wck0d_jpg.rf.6d5ea30b155e5ad47ccd5010782eb30e.jpg,640,640,Tomato mold leaf,39,187,205,276
Botrytis-Tomato-Seedlings-2-copy-50QUALITY-17wck0d_jpg.rf.6d5ea30b155e5ad47ccd5010782eb30e.jpg,640,640,Tomato mold leaf,70,294,224,435
Botrytis-Tomato-Seedlings-2-copy-50QUALITY-17wck0d_jpg.rf.6d5ea30b155e5ad47ccd5010782eb30e.jpg,640,640,Tomato mold leaf,160,428,391,621
d41c86a650e49b8066d6b347d8e9d3ad_jpg.rf.753f7d39c6a7e1e42c822ce994c5b394.jpg,640,640,Tomato leaf,358,115,460,173
d41c86a650e49b8066d6b347d8e9d3ad_jpg.rf.753f7d39c6a7e1e42c822ce994c5b394.jpg,640,640,Tomato leaf,122,71,231,198
d41c86a650e49b8066d6b347d8e9d3ad_jpg.rf.753f7d39c6a7e1e42c822ce994c5b394.jpg,640,640,Tomato leaf,384,7,538,108
d41c86a650e49b8066d6b347d8e9d3ad_jpg.rf.753f7d39c6a7e1e42c822ce994c5b394.jpg,640,640,Tomato leaf,519,90,628,218
d41c86a650e49b8066d6b347d8e9d3ad_jpg.rf.753f7d39c6a7e1e42c822ce994c5b394.jpg,640,640,Tomato leaf,422,179,550,313
d41c86a650e49b8066d6b347d8e9d3ad_jpg.rf.753f7d39c6a7e1e42c822ce994c5b394.jpg,640,640,Tomato leaf,384,396,519,570
d41c86a650e49b8066d6b347d8e9d3ad_jpg.rf.753f7d39c6a7e1e42c822ce994c5b394.jpg,640,640,Tomato leaf,262,326,416,480
Botrytis-Tomato-Seedlings-2-copy-50QUALITY-17wck0d_jpg.rf.c4568a261491e13e11cd031e86dc8474.jpg,640,640,Tomato mold leaf,72,397,231,605
Botrytis-Tomato-Seedlings-2-copy-50QUALITY-17wck0d_jpg.rf.c4568a261491e13e11cd031e86dc8474.jpg,640,640,Tomato mold leaf,185,153,325,396
Botrytis-Tomato-Seedlings-2-copy-50QUALITY-17wck0d_jpg.rf.c4568a261491e13e11cd031e86dc8474.jpg,640,640,Tomato mold leaf,465,212,569,466
Botrytis-Tomato-Seedlings-2-copy-50QUALITY-17wck0d_jpg.rf.c4568a261491e13e11cd031e86dc8474.jpg,640,640,Tomato mold leaf,448,343,525,588
Botrytis-Tomato-Seedlings-2-copy-50QUALITY-17wck0d_jpg.rf.c4568a261491e13e11cd031e86dc8474.jpg,640,640,Tomato mold leaf,340,335,468,634
Botrytis-Tomato-Seedlings-2-copy-50QUALITY-17wck0d_jpg.rf.c4568a261491e13e11cd031e86dc8474.jpg,640,640,Tomato mold leaf,343,163,443,317
Botrytis-Tomato-Seedlings-2-copy-50QUALITY-17wck0d_jpg.rf.c4568a261491e13e11cd031e86dc8474.jpg,640,640,Tomato mold leaf,35,183,208,279
Botrytis-Tomato-Seedlings-2-copy-50QUALITY-17wck0d_jpg.rf.c4568a261491e13e11cd031e86dc8474.jpg,640,640,Tomato mold leaf,68,296,223,436
Botrytis-Tomato-Seedlings-2-copy-50QUALITY-17wck0d_jpg.rf.c4568a261491e13e11cd031e86dc8474.jpg,640,640,Tomato mold leaf,162,431,391,622
dahliaviralsymptoms2lowresjpg_jpg.rf.b516b955490935e4af66f7b35cdbe43f.jpg,640,640,Tomato leaf,326,391,500,634
dahliaviralsymptoms2lowresjpg_jpg.rf.b516b955490935e4af66f7b35cdbe43f.jpg,640,640,Tomato leaf,135,353,327,596
dahliaviralsymptoms2lowresjpg_jpg.rf.b516b955490935e4af66f7b35cdbe43f.jpg,640,640,Tomato leaf,160,109,326,340
dahliaviralsymptoms2lowresjpg_jpg.rf.b516b955490935e4af66f7b35cdbe43f.jpg,640,640,Tomato leaf,384,58,511,339
TYLCV1_jpg.rf.e98be324cd101e5a49c6de75f70c405c.jpg,640,640,Tomato leaf bacterial spot,378,371,455,423
TYLCV1_jpg.rf.e98be324cd101e5a49c6de75f70c405c.jpg,640,640,Tomato leaf bacterial spot,77,442,166,545
TYLCV1_jpg.rf.e98be324cd101e5a49c6de75f70c405c.jpg,640,640,Tomato leaf bacterial spot,225,493,326,576
TYLCV1_jpg.rf.e98be324cd101e5a49c6de75f70c405c.jpg,640,640,Tomato leaf bacterial spot,340,268,423,384
TYLCV1_jpg.rf.e98be324cd101e5a49c6de75f70c405c.jpg,640,640,Tomato leaf bacterial spot,198,295,301,378
blog_early_blight_628_jpg.rf.23913cedacca0e258d00a45f50af30d3.jpg,640,640,Tomato Early blight leaf,113,104,358,182
blog_early_blight_628_jpg.rf.23913cedacca0e258d00a45f50af30d3.jpg,640,640,Tomato Early blight leaf,429,89,637,243
blog_early_blight_628_jpg.rf.23913cedacca0e258d00a45f50af30d3.jpg,640,640,Tomato Early blight leaf,142,200,370,505
pm3_jpg.rf.42f5c1b36d9d6876234c7f262860531e.jpg,640,640,Tomato mold leaf,0,0,638,494
bugs-and-blight-061_jpg.rf.ea3d0e38efbee8007b4e3fb61edcaae9.jpg,640,640,Tomato Early blight leaf,220,365,335,549
bugs-and-blight-061_jpg.rf.ea3d0e38efbee8007b4e3fb61edcaae9.jpg,640,640,Tomato Early blight leaf,345,251,426,443
bugs-and-blight-061_jpg.rf.ea3d0e38efbee8007b4e3fb61edcaae9.jpg,640,640,Tomato Early blight leaf,239,262,330,349
bugs-and-blight-061_jpg.rf.ea3d0e38efbee8007b4e3fb61edcaae9.jpg,640,640,Tomato Early blight leaf,246,192,349,263
PHOTO_1333642740144_jpg.rf.5943058e586a406f153c288b9810dedf.jpg,640,640,Tomato Septoria leaf spot,276,480,359,589
PHOTO_1333642740144_jpg.rf.5943058e586a406f153c288b9810dedf.jpg,640,640,Tomato Septoria leaf spot,358,295,480,416
PHOTO_1333642740144_jpg.rf.5943058e586a406f153c288b9810dedf.jpg,640,640,Tomato Septoria leaf spot,435,64,532,384
PHOTO_1333642740144_jpg.rf.5943058e586a406f153c288b9810dedf.jpg,640,640,Tomato Septoria leaf spot,231,115,358,301
PHOTO_1333642740144_jpg.rf.5943058e586a406f153c288b9810dedf.jpg,640,640,Tomato Septoria leaf spot,95,250,231,519
clothes014_jpg.rf.b01aa6ce9bd0eb2191ae1c4db563eb90.jpg,640,640,Tomato leaf mosaic virus,403,25,557,390
clothes014_jpg.rf.b01aa6ce9bd0eb2191ae1c4db563eb90.jpg,640,640,Tomato leaf mosaic virus,160,96,403,621
pp1244-05_jpeg_jpg.rf.b7b1d8c1b6073c4d3606e162cb9a7ac1.jpg,640,640,Tomato leaf mosaic virus,8,8,639,637
PHOTO_1333642732277_jpg.rf.b0d340eed0ab10e96182695e0ff00933.jpg,640,640,Tomato Septoria leaf spot,167,25,262,173
PHOTO_1333642732277_jpg.rf.b0d340eed0ab10e96182695e0ff00933.jpg,640,640,Tomato Septoria leaf spot,314,6,403,103
PHOTO_1333642732277_jpg.rf.b0d340eed0ab10e96182695e0ff00933.jpg,640,640,Tomato Septoria leaf spot,487,192,615,366
PHOTO_1333642732277_jpg.rf.b0d340eed0ab10e96182695e0ff00933.jpg,640,640,Tomato Septoria leaf spot,429,25,589,244
PHOTO_1333642732277_jpg.rf.b0d340eed0ab10e96182695e0ff00933.jpg,640,640,Tomato Septoria leaf spot,333,313,422,461
PHOTO_1333642732277_jpg.rf.b0d340eed0ab10e96182695e0ff00933.jpg,640,640,Tomato Septoria leaf spot,230,448,327,583
PHOTO_1333642732277_jpg.rf.b0d340eed0ab10e96182695e0ff00933.jpg,640,640,Tomato Septoria leaf spot,230,211,345,468
d-to-tylv-fo005-14496A31BE70553130A_jpg.rf.ea73a9cc713dd43523395abfb6a1c10f.jpg,640,640,Tomato mold leaf,377,125,435,185
d-to-tylv-fo005-14496A31BE70553130A_jpg.rf.ea73a9cc713dd43523395abfb6a1c10f.jpg,640,640,Tomato mold leaf,219,376,273,467
d-to-tylv-fo005-14496A31BE70553130A_jpg.rf.ea73a9cc713dd43523395abfb6a1c10f.jpg,640,640,Tomato mold leaf,428,80,479,157
d-to-tylv-fo005-14496A31BE70553130A_jpg.rf.ea73a9cc713dd43523395abfb6a1c10f.jpg,640,640,Tomato mold leaf,2,242,88,413
d-to-tylv-fo005-14496A31BE70553130A_jpg.rf.ea73a9cc713dd43523395abfb6a1c10f.jpg,640,640,Tomato mold leaf,34,412,109,485
d-to-tylv-fo005-14496A31BE70553130A_jpg.rf.ea73a9cc713dd43523395abfb6a1c10f.jpg,640,640,Tomato mold leaf,55,488,108,579
d-to-tylv-fo005-14496A31BE70553130A_jpg.rf.ea73a9cc713dd43523395abfb6a1c10f.jpg,640,640,Tomato mold leaf,99,491,139,603
d-to-tylv-fo005-14496A31BE70553130A_jpg.rf.ea73a9cc713dd43523395abfb6a1c10f.jpg,640,640,Tomato mold leaf,139,543,205,639
d-to-tylv-fo005-14496A31BE70553130A_jpg.rf.ea73a9cc713dd43523395abfb6a1c10f.jpg,640,640,Tomato mold leaf,215,566,260,639
d-to-tylv-fo005-14496A31BE70553130A_jpg.rf.ea73a9cc713dd43523395abfb6a1c10f.jpg,640,640,Tomato mold leaf,446,478,499,551
d-to-tylv-fo005-14496A31BE70553130A_jpg.rf.ea73a9cc713dd43523395abfb6a1c10f.jpg,640,640,Tomato mold leaf,523,378,562,451
d-to-tylv-fo005-14496A31BE70553130A_jpg.rf.ea73a9cc713dd43523395abfb6a1c10f.jpg,640,640,Tomato mold leaf,385,255,457,354
d-to-tylv-fo005-14496A31BE70553130A_jpg.rf.ea73a9cc713dd43523395abfb6a1c10f.jpg,640,640,Tomato mold leaf,423,371,451,425
d-to-tylv-fo005-14496A31BE70553130A_jpg.rf.ea73a9cc713dd43523395abfb6a1c10f.jpg,640,640,Tomato mold leaf,339,240,382,282
d-to-tylv-fo005-14496A31BE70553130A_jpg.rf.ea73a9cc713dd43523395abfb6a1c10f.jpg,640,640,Tomato mold leaf,456,112,567,191
d-to-tylv-fo005-14496A31BE70553130A_jpg.rf.ea73a9cc713dd43523395abfb6a1c10f.jpg,640,640,Tomato mold leaf,426,197,485,306
d-to-tylv-fo005-14496A31BE70553130A_jpg.rf.ea73a9cc713dd43523395abfb6a1c10f.jpg,640,640,Tomato mold leaf,365,469,402,508
d-to-tylv-fo005-14496A31BE70553130A_jpg.rf.ea73a9cc713dd43523395abfb6a1c10f.jpg,640,640,Tomato mold leaf,265,500,308,543
d-to-tylv-fo005-14496A31BE70553130A_jpg.rf.ea73a9cc713dd43523395abfb6a1c10f.jpg,640,640,Tomato mold leaf,317,392,354,434
d-to-tylv-fo005-14496A31BE70553130A_jpg.rf.ea73a9cc713dd43523395abfb6a1c10f.jpg,640,640,Tomato mold leaf,178,413,220,482
d-to-tylv-fo005-14496A31BE70553130A_jpg.rf.ea73a9cc713dd43523395abfb6a1c10f.jpg,640,640,Tomato mold leaf,117,395,168,477
curling-issues_jpg.rf.e2335e16486942810f05e79c6b499359.jpg,640,640,Tomato leaf late blight,275,301,468,487
curling-issues_jpg.rf.e2335e16486942810f05e79c6b499359.jpg,640,640,Tomato leaf late blight,102,346,327,557
curling-issues_jpg.rf.e2335e16486942810f05e79c6b499359.jpg,640,640,Tomato leaf late blight,339,179,596,327
pp1244-05_jpeg_jpg.rf.78eeb5f43f1c4e19df27d33bd700fb49.jpg,640,640,Tomato leaf mosaic virus,6,6,634,634
late_blight_2013_longisland2x1200_jpg.rf.a572ec9da80a52ec36166e6275263dc0.jpg,640,640,Tomato leaf mosaic virus,0,116,638,612
5775225744523264_jpeg_jpg.rf.9425b0ef4ea538d76dfde9c062c665d6.jpg,640,640,Tomato Septoria leaf spot,203,194,420,418
5775225744523264_jpeg_jpg.rf.9425b0ef4ea538d76dfde9c062c665d6.jpg,640,640,Tomato Septoria leaf spot,442,216,576,416
5775225744523264_jpeg_jpg.rf.9425b0ef4ea538d76dfde9c062c665d6.jpg,640,640,Tomato Septoria leaf spot,190,189,253,305
5775225744523264_jpeg_jpg.rf.9425b0ef4ea538d76dfde9c062c665d6.jpg,640,640,Tomato leaf late blight,2,322,105,433
tomato-plant-is-infected-with-septoria-leaf-spot_jpg.rf.704a7d3262672f2091174d878c26caef.jpg,640,640,Tomato Septoria leaf spot,201,106,384,477
tomato-plant-is-infected-with-septoria-leaf-spot_jpg.rf.704a7d3262672f2091174d878c26caef.jpg,640,640,Tomato Septoria leaf spot,390,354,588,638
IMG_2254-JPG_jpg.rf.228e63a979b5446b3312f312abf57f9c.jpg,640,640,Tomato Early blight leaf,287,13,573,473
IMG_2254-JPG_jpg.rf.228e63a979b5446b3312f312abf57f9c.jpg,640,640,Tomato Early blight leaf,0,97,265,563
5830204360_757cd7fdfc_z_jpg.rf.4e7d369be8f18a7a9f38f8eee0a1e578.jpg,640,640,Tomato mold leaf,6,12,225,634
5830204360_757cd7fdfc_z_jpg.rf.4e7d369be8f18a7a9f38f8eee0a1e578.jpg,640,640,Tomato mold leaf,435,12,634,634
5830204360_757cd7fdfc_z_jpg.rf.4e7d369be8f18a7a9f38f8eee0a1e578.jpg,640,640,Tomato mold leaf,230,13,461,621
IMG_2254_JPG_jpg.rf.ffd0038e9f6b6867d9204531374ce5bd.jpg,640,640,Tomato leaf yellow virus,211,7,557,615
IMG_2254_JPG_jpg.rf.ffd0038e9f6b6867d9204531374ce5bd.jpg,640,640,Tomato leaf yellow virus,6,12,302,628
tomato-plant-is-infected-with-septoria-leaf-spot_jpg.rf.2307f689891a920472105963e4b9e83e.jpg,640,640,Tomato Septoria leaf spot,235,146,472,537
tomato-plant-is-infected-with-septoria-leaf-spot_jpg.rf.2307f689891a920472105963e4b9e83e.jpg,640,640,Tomato Septoria leaf spot,0,29,235,342
5816740026_d42ef24413_Phytophthora-Infestans_jpg.rf.b09d1f82dc5fd4358c54f635aa91c527.jpg,640,640,Tomato leaf mosaic virus,151,130,517,582
Late_Blight_2_jpg.rf.58e596681223261a413ea7ed0de1737e.jpg,640,640,Tomato leaf yellow virus,16,143,316,514
IMG_2061_JPG_jpg.rf.da44e5d6fbcc738bda87b4f9099d7689.jpg,640,640,Tomato leaf late blight,136,122,313,445
IMG_2061_JPG_jpg.rf.da44e5d6fbcc738bda87b4f9099d7689.jpg,640,640,Tomato leaf late blight,362,93,539,202
5579e3247db73-image_jpg.rf.ea2ca2cb82a0cd1e42b4982d25ae7c59.jpg,640,640,Tomato Septoria leaf spot,398,68,629,188
5579e3247db73-image_jpg.rf.ea2ca2cb82a0cd1e42b4982d25ae7c59.jpg,640,640,Tomato Septoria leaf spot,382,163,636,286
5579e3247db73-image_jpg.rf.ea2ca2cb82a0cd1e42b4982d25ae7c59.jpg,640,640,Tomato Septoria leaf spot,11,198,269,367
5579e3247db73-image_jpg.rf.ea2ca2cb82a0cd1e42b4982d25ae7c59.jpg,640,640,Tomato Septoria leaf spot,345,285,577,413
5579e3247db73-image_jpg.rf.ea2ca2cb82a0cd1e42b4982d25ae7c59.jpg,640,640,Tomato Septoria leaf spot,91,300,314,469
5579e3247db73-image_jpg.rf.ea2ca2cb82a0cd1e42b4982d25ae7c59.jpg,640,640,Tomato Septoria leaf spot,37,425,226,540
5579e3247db73-image_jpg.rf.ea2ca2cb82a0cd1e42b4982d25ae7c59.jpg,640,640,Tomato Septoria leaf spot,269,364,443,605
5579e3247db73-image_jpg.rf.ea2ca2cb82a0cd1e42b4982d25ae7c59.jpg,640,640,Tomato Septoria leaf spot,159,15,306,155
tomato-plant-virus-tomato-yellow-leaf-curl-virus-tomato-plant-disease-mosaic-virus_jpg.rf.61de239badc3192680cae1789582d6f6.jpg,640,640,Tomato leaf bacterial spot,153,25,250,153
tomato-plant-virus-tomato-yellow-leaf-curl-virus-tomato-plant-disease-mosaic-virus_jpg.rf.61de239badc3192680cae1789582d6f6.jpg,640,640,Tomato leaf bacterial spot,448,52,569,141
tomato-plant-virus-tomato-yellow-leaf-curl-virus-tomato-plant-disease-mosaic-virus_jpg.rf.61de239badc3192680cae1789582d6f6.jpg,640,640,Tomato leaf bacterial spot,211,435,326,576
tomato-plant-virus-tomato-yellow-leaf-curl-virus-tomato-plant-disease-mosaic-virus_jpg.rf.61de239badc3192680cae1789582d6f6.jpg,640,640,Tomato leaf bacterial spot,326,249,409,326
tomato-plant-virus-tomato-yellow-leaf-curl-virus-tomato-plant-disease-mosaic-virus_jpg.rf.61de239badc3192680cae1789582d6f6.jpg,640,640,Tomato leaf bacterial spot,0,269,89,377
tomato-plant-virus-tomato-yellow-leaf-curl-virus-tomato-plant-disease-mosaic-virus_jpg.rf.61de239badc3192680cae1789582d6f6.jpg,640,640,Tomato leaf bacterial spot,32,77,96,186
tomato-plant-virus-tomato-yellow-leaf-curl-virus-tomato-plant-disease-mosaic-virus_jpg.rf.61de239badc3192680cae1789582d6f6.jpg,640,640,Tomato leaf bacterial spot,102,77,173,166
tomato-plant-virus-tomato-yellow-leaf-curl-virus-tomato-plant-disease-mosaic-virus_jpg.rf.61de239badc3192680cae1789582d6f6.jpg,640,640,Tomato leaf bacterial spot,262,83,455,219
tomato-plant-virus-tomato-yellow-leaf-curl-virus-tomato-plant-disease-mosaic-virus_jpg.rf.61de239badc3192680cae1789582d6f6.jpg,640,640,Tomato leaf bacterial spot,390,236,608,378
tomato-plant-virus-tomato-yellow-leaf-curl-virus-tomato-plant-disease-mosaic-virus_jpg.rf.61de239badc3192680cae1789582d6f6.jpg,640,640,Tomato leaf bacterial spot,429,326,603,486
tomato-plant-virus-tomato-yellow-leaf-curl-virus-tomato-plant-disease-mosaic-virus_jpg.rf.61de239badc3192680cae1789582d6f6.jpg,640,640,Tomato leaf bacterial spot,173,307,384,461
tomato-plant-virus-tomato-yellow-leaf-curl-virus-tomato-plant-disease-mosaic-virus_jpg.rf.61de239badc3192680cae1789582d6f6.jpg,640,640,Tomato leaf bacterial spot,365,415,519,634
lb_leaf_lesions2x1200_jpg.rf.0e989884ad3bcb7444c79dd075384038.jpg,640,640,Tomato leaf mosaic virus,204,131,484,512
late_blight_drought_leaves1x1200_jpg.rf.5d0dd4b80b186e623022eedcbfffadb7.jpg,640,640,Tomato leaf mosaic virus,8,32,210,256
late_blight_drought_leaves1x1200_jpg.rf.5d0dd4b80b186e623022eedcbfffadb7.jpg,640,640,Tomato leaf mosaic virus,360,0,543,295
late_blight_drought_leaves1x1200_jpg.rf.5d0dd4b80b186e623022eedcbfffadb7.jpg,640,640,Tomato leaf mosaic virus,258,4,457,347
late_blight_drought_leaves1x1200_jpg.rf.5d0dd4b80b186e623022eedcbfffadb7.jpg,640,640,Tomato leaf mosaic virus,5,205,169,408
late_blight_drought_leaves1x1200_jpg.rf.5d0dd4b80b186e623022eedcbfffadb7.jpg,640,640,Tomato leaf mosaic virus,491,45,638,379
late_blight_drought_leaves1x1200_jpg.rf.5d0dd4b80b186e623022eedcbfffadb7.jpg,640,640,Tomato leaf mosaic virus,139,218,308,418
late_blight_drought_leaves1x1200_jpg.rf.5d0dd4b80b186e623022eedcbfffadb7.jpg,640,640,Tomato leaf mosaic virus,9,358,160,480
late_blight_drought_leaves1x1200_jpg.rf.5d0dd4b80b186e623022eedcbfffadb7.jpg,640,640,Tomato leaf mosaic virus,448,241,639,528
late_blight_drought_leaves1x1200_jpg.rf.5d0dd4b80b186e623022eedcbfffadb7.jpg,640,640,Tomato leaf mosaic virus,359,317,533,505
late_blight_drought_leaves1x1200_jpg.rf.5d0dd4b80b186e623022eedcbfffadb7.jpg,640,640,Tomato leaf mosaic virus,155,385,324,610
late_blight_drought_leaves1x1200_jpg.rf.5d0dd4b80b186e623022eedcbfffadb7.jpg,640,640,Tomato leaf mosaic virus,33,438,185,639
late_blight_drought_leaves1x1200_jpg.rf.5d0dd4b80b186e623022eedcbfffadb7.jpg,640,640,Tomato leaf mosaic virus,296,373,498,639
late_blight_drought_leaves1x1200_jpg.rf.f0378ca39b141a76ec2c689388ccd3f1.jpg,640,640,Tomato leaf yellow virus,244,200,384,346
late_blight_drought_leaves1x1200_jpg.rf.f0378ca39b141a76ec2c689388ccd3f1.jpg,640,640,Tomato leaf yellow virus,505,319,633,416
late_blight_drought_leaves1x1200_jpg.rf.f0378ca39b141a76ec2c689388ccd3f1.jpg,640,640,Tomato leaf yellow virus,90,26,212,320
late_blight_drought_leaves1x1200_jpg.rf.f0378ca39b141a76ec2c689388ccd3f1.jpg,640,640,Tomato leaf yellow virus,185,26,313,352
late_blight_drought_leaves1x1200_jpg.rf.f0378ca39b141a76ec2c689388ccd3f1.jpg,640,640,Tomato leaf yellow virus,403,6,569,199
late_blight_drought_leaves1x1200_jpg.rf.f0378ca39b141a76ec2c689388ccd3f1.jpg,640,640,Tomato leaf yellow virus,518,396,634,582
late_blight_drought_leaves1x1200_jpg.rf.f0378ca39b141a76ec2c689388ccd3f1.jpg,640,640,Tomato leaf yellow virus,378,378,505,576
late_blight_drought_leaves1x1200_jpg.rf.f0378ca39b141a76ec2c689388ccd3f1.jpg,640,640,Tomato leaf yellow virus,345,211,481,384
late_blight_drought_leaves1x1200_jpg.rf.f0378ca39b141a76ec2c689388ccd3f1.jpg,640,640,Tomato leaf yellow virus,212,403,372,634
late_blight_drought_leaves1x1200_jpg.rf.f0378ca39b141a76ec2c689388ccd3f1.jpg,640,640,Tomato leaf yellow virus,147,359,288,519
late_blight_drought_leaves1x1200_jpg.rf.f0378ca39b141a76ec2c689388ccd3f1.jpg,640,640,Tomato leaf yellow virus,51,302,186,563
late_blight_drought_leaves1x1200_jpg.rf.f0378ca39b141a76ec2c689388ccd3f1.jpg,640,640,Tomato leaf yellow virus,0,115,95,429
Leaf-2Bsymptoms-2BMDA_jpg.rf.769a7eef2fcf35e91617e7446e4159f7.jpg,640,640,Tomato leaf mosaic virus,344,252,638,639
Leaf-2Bsymptoms-2BMDA_jpg.rf.769a7eef2fcf35e91617e7446e4159f7.jpg,640,640,Tomato leaf mosaic virus,68,126,307,526
Leaf-2Bsymptoms-2BMDA_jpg.rf.769a7eef2fcf35e91617e7446e4159f7.jpg,640,640,Tomato leaf mosaic virus,188,0,494,285
late_blight_drought_leaves1x1200_jpg.rf.fa3fe76247c846384c55a72da0f87424.jpg,640,640,Tomato leaf mosaic virus,105,0,303,182
late_blight_drought_leaves1x1200_jpg.rf.fa3fe76247c846384c55a72da0f87424.jpg,640,640,Tomato leaf mosaic virus,426,55,605,367
late_blight_drought_leaves1x1200_jpg.rf.fa3fe76247c846384c55a72da0f87424.jpg,640,640,Tomato leaf mosaic virus,319,33,513,376
late_blight_drought_leaves1x1200_jpg.rf.fa3fe76247c846384c55a72da0f87424.jpg,640,640,Tomato leaf mosaic virus,33,108,196,310
late_blight_drought_leaves1x1200_jpg.rf.fa3fe76247c846384c55a72da0f87424.jpg,640,640,Tomato leaf mosaic virus,516,162,639,496
late_blight_drought_leaves1x1200_jpg.rf.fa3fe76247c846384c55a72da0f87424.jpg,640,640,Tomato leaf mosaic virus,149,179,317,376
late_blight_drought_leaves1x1200_jpg.rf.fa3fe76247c846384c55a72da0f87424.jpg,640,640,Tomato leaf mosaic virus,0,250,140,370
late_blight_drought_leaves1x1200_jpg.rf.fa3fe76247c846384c55a72da0f87424.jpg,640,640,Tomato leaf mosaic virus,403,329,589,616
late_blight_drought_leaves1x1200_jpg.rf.fa3fe76247c846384c55a72da0f87424.jpg,640,640,Tomato leaf mosaic virus,311,363,482,549
late_blight_drought_leaves1x1200_jpg.rf.fa3fe76247c846384c55a72da0f87424.jpg,640,640,Tomato leaf mosaic virus,89,337,256,558
late_blight_drought_leaves1x1200_jpg.rf.fa3fe76247c846384c55a72da0f87424.jpg,640,640,Tomato leaf mosaic virus,0,329,111,536
late_blight_drought_leaves1x1200_jpg.rf.fa3fe76247c846384c55a72da0f87424.jpg,640,640,Tomato leaf mosaic virus,212,389,410,640
tomato-plant-virus-tomato-yellow-leaf-curl-virus-tomato-plant-disease-mosaic-virus_jpg.rf.921b5c91ec5651b71b1f19e2eb089c07.jpg,640,640,Tomato leaf,450,484,525,578
tomato-plant-virus-tomato-yellow-leaf-curl-virus-tomato-plant-disease-mosaic-virus_jpg.rf.921b5c91ec5651b71b1f19e2eb089c07.jpg,640,640,Tomato leaf,530,474,599,585
tomato-plant-virus-tomato-yellow-leaf-curl-virus-tomato-plant-disease-mosaic-virus_jpg.rf.921b5c91ec5651b71b1f19e2eb089c07.jpg,640,640,Tomato leaf,196,436,282,556
tomato-plant-virus-tomato-yellow-leaf-curl-virus-tomato-plant-disease-mosaic-virus_jpg.rf.921b5c91ec5651b71b1f19e2eb089c07.jpg,640,640,Tomato leaf,225,305,313,393
tomato-plant-virus-tomato-yellow-leaf-curl-virus-tomato-plant-disease-mosaic-virus_jpg.rf.921b5c91ec5651b71b1f19e2eb089c07.jpg,640,640,Tomato leaf,30,246,258,399
tomato-plant-virus-tomato-yellow-leaf-curl-virus-tomato-plant-disease-mosaic-virus_jpg.rf.921b5c91ec5651b71b1f19e2eb089c07.jpg,640,640,Tomato leaf,538,269,639,377
tomato-plant-virus-tomato-yellow-leaf-curl-virus-tomato-plant-disease-mosaic-virus_jpg.rf.921b5c91ec5651b71b1f19e2eb089c07.jpg,640,640,Tomato leaf,252,178,480,347
tomato-plant-virus-tomato-yellow-leaf-curl-virus-tomato-plant-disease-mosaic-virus_jpg.rf.921b5c91ec5651b71b1f19e2eb089c07.jpg,640,640,Tomato leaf,323,63,446,217
tomato-plant-virus-tomato-yellow-leaf-curl-virus-tomato-plant-disease-mosaic-virus_jpg.rf.921b5c91ec5651b71b1f19e2eb089c07.jpg,640,640,Tomato leaf,132,0,299,226
tomato-plant-virus-tomato-yellow-leaf-curl-virus-tomato-plant-disease-mosaic-virus_jpg.rf.921b5c91ec5651b71b1f19e2eb089c07.jpg,640,640,Tomato leaf,371,489,475,626
tomato-plant-virus-tomato-yellow-leaf-curl-virus-tomato-plant-disease-mosaic-virus_jpg.rf.921b5c91ec5651b71b1f19e2eb089c07.jpg,640,640,Tomato leaf,55,480,180,583
image5_300x300-2523-JPG-1472755422_jpg.rf.03c63d4d73c9f112eb67030cafeb8050.jpg,640,640,Tomato leaf late blight,246,429,459,640
image5_300x300-2523-JPG-1472755422_jpg.rf.03c63d4d73c9f112eb67030cafeb8050.jpg,640,640,Tomato leaf late blight,28,365,210,604
image5_300x300-2523-JPG-1472755422_jpg.rf.03c63d4d73c9f112eb67030cafeb8050.jpg,640,640,Tomato leaf late blight,226,122,629,486
image5_300x300-2523-JPG-1472755422_jpg.rf.03c63d4d73c9f112eb67030cafeb8050.jpg,640,640,Tomato leaf late blight,142,123,311,346
image5_300x300-2523-JPG-1472755422_jpg.rf.03c63d4d73c9f112eb67030cafeb8050.jpg,640,640,Tomato leaf late blight,161,0,595,148
illustration-thematique-urbino-fig5-plante-20tylcv_jpg.rf.5339881e7a65a5e862a063ff802883bd.jpg,640,640,Tomato leaf,368,101,417,141
illustration-thematique-urbino-fig5-plante-20tylcv_jpg.rf.5339881e7a65a5e862a063ff802883bd.jpg,640,640,Tomato leaf,189,169,226,206
illustration-thematique-urbino-fig5-plante-20tylcv_jpg.rf.5339881e7a65a5e862a063ff802883bd.jpg,640,640,Tomato leaf,196,210,239,284
illustration-thematique-urbino-fig5-plante-20tylcv_jpg.rf.5339881e7a65a5e862a063ff802883bd.jpg,640,640,Tomato leaf,224,249,279,313
illustration-thematique-urbino-fig5-plante-20tylcv_jpg.rf.5339881e7a65a5e862a063ff802883bd.jpg,640,640,Tomato leaf,320,268,378,324
illustration-thematique-urbino-fig5-plante-20tylcv_jpg.rf.5339881e7a65a5e862a063ff802883bd.jpg,640,640,Tomato leaf,569,288,640,366
illustration-thematique-urbino-fig5-plante-20tylcv_jpg.rf.5339881e7a65a5e862a063ff802883bd.jpg,640,640,Tomato leaf,266,333,314,398
illustration-thematique-urbino-fig5-plante-20tylcv_jpg.rf.5339881e7a65a5e862a063ff802883bd.jpg,640,640,Tomato leaf,348,352,422,437
illustration-thematique-urbino-fig5-plante-20tylcv_jpg.rf.5339881e7a65a5e862a063ff802883bd.jpg,640,640,Tomato leaf,552,347,630,418
illustration-thematique-urbino-fig5-plante-20tylcv_jpg.rf.5339881e7a65a5e862a063ff802883bd.jpg,640,640,Tomato leaf,301,390,358,498
illustration-thematique-urbino-fig5-plante-20tylcv_jpg.rf.5339881e7a65a5e862a063ff802883bd.jpg,640,640,Tomato leaf,278,503,321,545
illustration-thematique-urbino-fig5-plante-20tylcv_jpg.rf.5339881e7a65a5e862a063ff802883bd.jpg,640,640,Tomato leaf,275,544,316,575
illustration-thematique-urbino-fig5-plante-20tylcv_jpg.rf.5339881e7a65a5e862a063ff802883bd.jpg,640,640,Tomato leaf,275,559,315,616
illustration-thematique-urbino-fig5-plante-20tylcv_jpg.rf.5339881e7a65a5e862a063ff802883bd.jpg,640,640,Tomato leaf,333,54,373,129
late_blight_tomato_leaf_spore1x1200_jpg.rf.262589f455cef2d27de1e68f6a2802e8.jpg,640,640,Tomato leaf yellow virus,40,343,303,614
late_blight_tomato_leaf_spore1x1200_jpg.rf.262589f455cef2d27de1e68f6a2802e8.jpg,640,640,Tomato leaf yellow virus,313,257,639,611
late_blight_tomato_leaf_spore1x1200_jpg.rf.262589f455cef2d27de1e68f6a2802e8.jpg,640,640,Tomato leaf yellow virus,173,42,639,360
70_jpg.rf.bf3712a760c11d0c8eb94801b96af54e.jpg,640,640,Tomato leaf mosaic virus,138,0,510,638
late_blight_tomato_leavesx500_jpg.rf.c7b15663e52288e08a572a99ab77e644.jpg,640,640,Tomato leaf mosaic virus,88,102,222,196
late_blight_tomato_leavesx500_jpg.rf.c7b15663e52288e08a572a99ab77e644.jpg,640,640,Tomato leaf mosaic virus,348,122,412,256
late_blight_tomato_leavesx500_jpg.rf.c7b15663e52288e08a572a99ab77e644.jpg,640,640,Tomato leaf mosaic virus,427,169,499,300
late_blight_tomato_leavesx500_jpg.rf.c7b15663e52288e08a572a99ab77e644.jpg,640,640,Tomato leaf mosaic virus,263,211,382,363
late_blight_tomato_leavesx500_jpg.rf.c7b15663e52288e08a572a99ab77e644.jpg,640,640,Tomato leaf mosaic virus,369,298,429,392
late_blight_tomato_leavesx500_jpg.rf.c7b15663e52288e08a572a99ab77e644.jpg,640,640,Tomato leaf mosaic virus,125,295,258,431
late_blight_tomato_leavesx500_jpg.rf.c7b15663e52288e08a572a99ab77e644.jpg,640,640,Tomato leaf mosaic virus,176,500,322,592
illustration-thematique-urbino-fig5-plante-20tylcv_jpg.rf.7a52429432cdc78a043cef3e5eb81eb1.jpg,640,640,Tomato leaf,214,106,261,143
illustration-thematique-urbino-fig5-plante-20tylcv_jpg.rf.7a52429432cdc78a043cef3e5eb81eb1.jpg,640,640,Tomato leaf,407,163,444,200
illustration-thematique-urbino-fig5-plante-20tylcv_jpg.rf.7a52429432cdc78a043cef3e5eb81eb1.jpg,640,640,Tomato leaf,400,205,438,279
illustration-thematique-urbino-fig5-plante-20tylcv_jpg.rf.7a52429432cdc78a043cef3e5eb81eb1.jpg,640,640,Tomato leaf,360,246,412,309
illustration-thematique-urbino-fig5-plante-20tylcv_jpg.rf.7a52429432cdc78a043cef3e5eb81eb1.jpg,640,640,Tomato leaf,261,271,318,325
illustration-thematique-urbino-fig5-plante-20tylcv_jpg.rf.7a52429432cdc78a043cef3e5eb81eb1.jpg,640,640,Tomato leaf,4,304,71,379
illustration-thematique-urbino-fig5-plante-20tylcv_jpg.rf.7a52429432cdc78a043cef3e5eb81eb1.jpg,640,640,Tomato leaf,330,333,375,395
illustration-thematique-urbino-fig5-plante-20tylcv_jpg.rf.7a52429432cdc78a043cef3e5eb81eb1.jpg,640,640,Tomato leaf,224,357,295,438
illustration-thematique-urbino-fig5-plante-20tylcv_jpg.rf.7a52429432cdc78a043cef3e5eb81eb1.jpg,640,640,Tomato leaf,14,362,91,430
illustration-thematique-urbino-fig5-plante-20tylcv_jpg.rf.7a52429432cdc78a043cef3e5eb81eb1.jpg,640,640,Tomato leaf,292,391,343,497
illustration-thematique-urbino-fig5-plante-20tylcv_jpg.rf.7a52429432cdc78a043cef3e5eb81eb1.jpg,640,640,Tomato leaf,331,503,371,543
illustration-thematique-urbino-fig5-plante-20tylcv_jpg.rf.7a52429432cdc78a043cef3e5eb81eb1.jpg,640,640,Tomato leaf,338,544,376,571
illustration-thematique-urbino-fig5-plante-20tylcv_jpg.rf.7a52429432cdc78a043cef3e5eb81eb1.jpg,640,640,Tomato leaf,340,558,378,614
illustration-thematique-urbino-fig5-plante-20tylcv_jpg.rf.7a52429432cdc78a043cef3e5eb81eb1.jpg,640,640,Tomato leaf,258,56,295,132
late_blight_tomato_leaf5x12001-650x305_jpg.rf.be9d93f12929ea09c883fbe703119dca.jpg,640,640,Tomato leaf yellow virus,64,6,621,634
late_blight_tomato_leaf5x12001-650x305_jpg.rf.50231572e5b9d5adbd85a808b90fb612.jpg,640,640,Tomato leaf mosaic virus,206,3,506,640
ill-tomato-of-tomato-mosaic-virus-DBE17N_jpg.rf.05dfbed2ae12e7a278de7568da6bd601.jpg,640,640,Tomato leaf yellow virus,142,412,231,566
ill-tomato-of-tomato-mosaic-virus-DBE17N_jpg.rf.05dfbed2ae12e7a278de7568da6bd601.jpg,640,640,Tomato leaf yellow virus,13,329,233,465
ill-tomato-of-tomato-mosaic-virus-DBE17N_jpg.rf.05dfbed2ae12e7a278de7568da6bd601.jpg,640,640,Tomato leaf yellow virus,200,186,354,417
ill-tomato-of-tomato-mosaic-virus-DBE17N_jpg.rf.05dfbed2ae12e7a278de7568da6bd601.jpg,640,640,Tomato leaf yellow virus,497,212,572,340
ill-tomato-of-tomato-mosaic-virus-DBE17N_jpg.rf.05dfbed2ae12e7a278de7568da6bd601.jpg,640,640,Tomato leaf yellow virus,67,142,178,316
ill-tomato-of-tomato-mosaic-virus-DBE17N_jpg.rf.05dfbed2ae12e7a278de7568da6bd601.jpg,640,640,Tomato leaf yellow virus,461,67,535,205
illustration-thematique-urbino-fig5_plante-20tylcv_jpg.rf.f860d80a431327b207077dec445bb67b.jpg,640,640,Tomato leaf bacterial spot,390,112,436,148
illustration-thematique-urbino-fig5_plante-20tylcv_jpg.rf.f860d80a431327b207077dec445bb67b.jpg,640,640,Tomato leaf bacterial spot,360,60,394,132
illustration-thematique-urbino-fig5_plante-20tylcv_jpg.rf.f860d80a431327b207077dec445bb67b.jpg,640,640,Tomato leaf bacterial spot,249,558,285,611
illustration-thematique-urbino-fig5_plante-20tylcv_jpg.rf.f860d80a431327b207077dec445bb67b.jpg,640,640,Tomato leaf bacterial spot,254,499,292,536
illustration-thematique-urbino-fig5_plante-20tylcv_jpg.rf.f860d80a431327b207077dec445bb67b.jpg,640,640,Tomato leaf bacterial spot,253,543,290,569
illustration-thematique-urbino-fig5_plante-20tylcv_jpg.rf.f860d80a431327b207077dec445bb67b.jpg,640,640,Tomato leaf bacterial spot,569,320,634,392
illustration-thematique-urbino-fig5_plante-20tylcv_jpg.rf.f860d80a431327b207077dec445bb67b.jpg,640,640,Tomato leaf bacterial spot,546,379,619,443
illustration-thematique-urbino-fig5_plante-20tylcv_jpg.rf.f860d80a431327b207077dec445bb67b.jpg,640,640,Tomato leaf bacterial spot,265,333,306,393
illustration-thematique-urbino-fig5_plante-20tylcv_jpg.rf.f860d80a431327b207077dec445bb67b.jpg,640,640,Tomato leaf bacterial spot,232,245,280,305
illustration-thematique-urbino-fig5_plante-20tylcv_jpg.rf.f860d80a431327b207077dec445bb67b.jpg,640,640,Tomato leaf bacterial spot,208,202,243,273
illustration-thematique-urbino-fig5_plante-20tylcv_jpg.rf.f860d80a431327b207077dec445bb67b.jpg,640,640,Tomato leaf bacterial spot,205,157,239,192
illustration-thematique-urbino-fig5_plante-20tylcv_jpg.rf.f860d80a431327b207077dec445bb67b.jpg,640,640,Tomato leaf bacterial spot,325,274,379,325
illustration-thematique-urbino-fig5_plante-20tylcv_jpg.rf.f860d80a431327b207077dec445bb67b.jpg,640,640,Tomato leaf bacterial spot,343,362,409,440
illustration-thematique-urbino-fig5_plante-20tylcv_jpg.rf.f860d80a431327b207077dec445bb67b.jpg,640,640,Tomato leaf bacterial spot,294,405,340,485
6134794031202304-600x272-jpeg_jpg.rf.3f873553e874937fd82a4148aa630bec.jpg,640,640,Tomato Septoria leaf spot,0,0,497,638
6134794031202304-600x272-jpeg_jpg.rf.3f873553e874937fd82a4148aa630bec.jpg,640,640,Tomato Septoria leaf spot,373,121,639,607
late_blight_tomato_leavesx500_jpg.rf.131fcc8e2871ee715b3f3107d41d9605.jpg,640,640,Tomato leaf mosaic virus,455,149,583,233
late_blight_tomato_leavesx500_jpg.rf.131fcc8e2871ee715b3f3107d41d9605.jpg,640,640,Tomato leaf mosaic virus,263,114,319,245
late_blight_tomato_leavesx500_jpg.rf.131fcc8e2871ee715b3f3107d41d9605.jpg,640,640,Tomato leaf mosaic virus,169,141,231,267
late_blight_tomato_leavesx500_jpg.rf.131fcc8e2871ee715b3f3107d41d9605.jpg,640,640,Tomato leaf mosaic virus,272,215,379,360
late_blight_tomato_leavesx500_jpg.rf.131fcc8e2871ee715b3f3107d41d9605.jpg,640,640,Tomato leaf mosaic virus,211,281,265,372
late_blight_tomato_leavesx500_jpg.rf.131fcc8e2871ee715b3f3107d41d9605.jpg,640,640,Tomato leaf mosaic virus,374,328,497,454
late_blight_tomato_leavesx500_jpg.rf.131fcc8e2871ee715b3f3107d41d9605.jpg,640,640,Tomato leaf mosaic virus,266,516,409,596
late_blight_tomato_leaf__jpg.rf.53474b49c81e7aeb8237008ff0bc3996.jpg,640,640,Tomato leaf yellow virus,62,362,111,536
late_blight_tomato_leaf__jpg.rf.53474b49c81e7aeb8237008ff0bc3996.jpg,640,640,Tomato leaf yellow virus,0,43,123,334
late_blight_tomato_leaf__jpg.rf.53474b49c81e7aeb8237008ff0bc3996.jpg,640,640,Tomato leaf yellow virus,454,8,525,126
late_blight_tomato_leaf__jpg.rf.53474b49c81e7aeb8237008ff0bc3996.jpg,640,640,Tomato leaf yellow virus,539,163,639,506
late_blight_tomato_leaf__jpg.rf.53474b49c81e7aeb8237008ff0bc3996.jpg,640,640,Tomato leaf yellow virus,380,197,546,371
late_blight_tomato_leaf__jpg.rf.53474b49c81e7aeb8237008ff0bc3996.jpg,640,640,Tomato leaf yellow virus,166,434,399,568
late_blight_tomato_leaf__jpg.rf.53474b49c81e7aeb8237008ff0bc3996.jpg,640,640,Tomato leaf yellow virus,189,168,420,368
late_blight_tomato_leaf__jpg.rf.3ffffe45e0abefb4c67e29cdc3a50a57.jpg,640,640,Tomato leaf mosaic virus,214,155,471,386
late_blight_tomato_leaf__jpg.rf.3ffffe45e0abefb4c67e29cdc3a50a57.jpg,640,640,Tomato leaf mosaic virus,74,165,263,360
late_blight_tomato_leaf__jpg.rf.3ffffe45e0abefb4c67e29cdc3a50a57.jpg,640,640,Tomato leaf mosaic virus,0,118,128,474
late_blight_tomato_leaf__jpg.rf.3ffffe45e0abefb4c67e29cdc3a50a57.jpg,640,640,Tomato leaf mosaic virus,497,390,592,572
late_blight_tomato_leaf__jpg.rf.3ffffe45e0abefb4c67e29cdc3a50a57.jpg,640,640,Tomato leaf mosaic virus,208,421,457,587
late_blight_tomato_leaf__jpg.rf.3ffffe45e0abefb4c67e29cdc3a50a57.jpg,640,640,Tomato leaf mosaic virus,144,0,231,111
Bacterial_spots2276_jpg.rf.84735668329fe8a61096622603a2259f.jpg,640,640,Tomato leaf mosaic virus,155,223,497,457
d921379d91ab785e114f5c37dd2d40f556f040a1_jpg.rf.fa585c889e101eed5c8d26245a42756d.jpg,640,640,Tomato Early blight leaf,184,6,475,620
bnX8Q_jpg.rf.3afb4c3c3a276fffd0fd582f0918336f.jpg,640,640,Tomato Septoria leaf spot,239,69,359,191
bnX8Q_jpg.rf.3afb4c3c3a276fffd0fd582f0918336f.jpg,640,640,Tomato Septoria leaf spot,141,178,378,562
Septoria_leaf_spot_tomato_jpg.rf.1181e62b5b94e74e2046d497fa1b1121.jpg,640,640,Tomato Septoria leaf spot,26,20,488,583
Septoria_tomato_Margaret-20B_p8170755_0002_25004_jpg.rf.b4f1b40bcc79dab6ce82f2ac46a0b360.jpg,640,640,Tomato Septoria leaf spot,21,262,118,459
Septoria_tomato_Margaret-20B_p8170755_0002_25004_jpg.rf.b4f1b40bcc79dab6ce82f2ac46a0b360.jpg,640,640,Tomato Septoria leaf spot,225,184,440,601
Septoria_tomato_Margaret-20B_p8170755_0002_25004_jpg.rf.b4f1b40bcc79dab6ce82f2ac46a0b360.jpg,640,640,Tomato Septoria leaf spot,131,482,224,627
Early_blight_1-jpg-1376579808_jpg.rf.45649cd2b6bdd06ac330e109fa5bff43.jpg,640,640,Tomato Early blight leaf,61,259,253,596
Early_blight_1-jpg-1376579808_jpg.rf.45649cd2b6bdd06ac330e109fa5bff43.jpg,640,640,Tomato Early blight leaf,224,294,344,555
Early_blight_1-jpg-1376579808_jpg.rf.45649cd2b6bdd06ac330e109fa5bff43.jpg,640,640,Tomato Early blight leaf,192,94,350,314
Early_blight_1-jpg-1376579808_jpg.rf.45649cd2b6bdd06ac330e109fa5bff43.jpg,640,640,Tomato Early blight leaf,93,0,236,289
stock-photo-tomato-mosaic-virus-disease-on-tomato-559799668_jpg.rf.87dbc618e98adabf06239f33e64c188a.jpg,640,640,Tomato leaf yellow virus,55,0,269,198
stock-photo-tomato-mosaic-virus-disease-on-tomato-559799668_jpg.rf.87dbc618e98adabf06239f33e64c188a.jpg,640,640,Tomato leaf yellow virus,303,5,420,233
stock-photo-tomato-mosaic-virus-disease-on-tomato-559799668_jpg.rf.87dbc618e98adabf06239f33e64c188a.jpg,640,640,Tomato leaf yellow virus,376,74,639,312
stock-photo-tomato-mosaic-virus-disease-on-tomato-559799668_jpg.rf.87dbc618e98adabf06239f33e64c188a.jpg,640,640,Tomato leaf yellow virus,179,180,570,463
stock-photo-tomato-mosaic-virus-disease-on-tomato-559799668_jpg.rf.87dbc618e98adabf06239f33e64c188a.jpg,640,640,Tomato leaf yellow virus,0,179,303,462
stock-photo-tomato-mosaic-virus-disease-on-tomato-559799668_jpg.rf.87dbc618e98adabf06239f33e64c188a.jpg,640,640,Tomato leaf yellow virus,381,415,550,578
stock-photo-tomato-mosaic-virus-disease-on-tomato-559799668_jpg.rf.87dbc618e98adabf06239f33e64c188a.jpg,640,640,Tomato leaf yellow virus,86,467,295,596
Septoria_Leaf_Spot_of_Tomato2241-450x300_jpg.rf.044ce54a3a1617cea72f3670ac8e90f2.jpg,640,640,Tomato Septoria leaf spot,0,71,191,424
Septoria_Leaf_Spot_of_Tomato2241-450x300_jpg.rf.044ce54a3a1617cea72f3670ac8e90f2.jpg,640,640,Tomato Septoria leaf spot,149,59,640,639
Tomato-2Bleaf_jpg.rf.a6e12e9de41943527219a859c469190b.jpg,640,640,Tomato leaf bacterial spot,351,31,617,322
Tomato-2Bleaf_jpg.rf.a6e12e9de41943527219a859c469190b.jpg,640,640,Tomato leaf bacterial spot,275,49,421,360
Tomato-2Bleaf_jpg.rf.a6e12e9de41943527219a859c469190b.jpg,640,640,Tomato leaf bacterial spot,8,129,240,398
Tomato-2Bleaf_jpg.rf.a6e12e9de41943527219a859c469190b.jpg,640,640,Tomato leaf bacterial spot,365,270,637,639
Tomato-2Bleaf_jpg.rf.a6e12e9de41943527219a859c469190b.jpg,640,640,Tomato leaf bacterial spot,235,340,364,563
Fig-2015_opta_jpg.rf.9af2905548128d3e9d339a63298e11d2.jpg,640,640,Tomato mold leaf,259,484,386,595
Fig-2015_opta_jpg.rf.9af2905548128d3e9d339a63298e11d2.jpg,640,640,Tomato mold leaf,71,380,240,492
Fig-2015_opta_jpg.rf.9af2905548128d3e9d339a63298e11d2.jpg,640,640,Tomato mold leaf,244,358,316,407
Fig-2015_opta_jpg.rf.9af2905548128d3e9d339a63298e11d2.jpg,640,640,Tomato mold leaf,308,195,585,580
Fig-2015_opta_jpg.rf.9af2905548128d3e9d339a63298e11d2.jpg,640,640,Tomato mold leaf,150,332,219,383
Fig-2015_opta_jpg.rf.9af2905548128d3e9d339a63298e11d2.jpg,640,640,Tomato mold leaf,401,584,558,639
Fig-2015_opta_jpg.rf.9af2905548128d3e9d339a63298e11d2.jpg,640,640,Tomato mold leaf,346,204,457,304
Fig-2015_opta_jpg.rf.9af2905548128d3e9d339a63298e11d2.jpg,640,640,Tomato mold leaf,78,35,332,339
Fig-2015_opta_jpg.rf.9af2905548128d3e9d339a63298e11d2.jpg,640,640,Tomato mold leaf,144,489,222,586
Tomato-20greenhouse-20leaf-20edema-20and-20distortion2F_JPG_jpg.rf.4bd47ce413dce1693344b2c277b39c22.jpg,640,640,Tomato mold leaf,0,154,634,601
tmv-tomato-16_jpg.rf.dc203616a122b4be53c32c3fc15a4ad8.jpg,640,640,Tomato leaf yellow virus,113,22,633,522
10-3-bacterial-speck-on-tomato-RON_jpg.rf.0b01e6a668be95888dd4e097f3d460c1.jpg,640,640,Tomato leaf mosaic virus,6,121,634,576
Tomato-20bacterial-20canker_JPG_jpg.rf.58edbeaa6c38bf9feac043dd9af958c7.jpg,640,640,Tomato leaf mosaic virus,48,41,631,534
tmv-tomato-16_jpg.rf.90a6821a786f5078452d87d1269cacf3.jpg,640,640,Tomato leaf yellow virus,58,0,639,546
29994445671_b6914b44d0_b_jpg.rf.02acf5ddfa75c70964365fe1da20f1e3.jpg,640,640,Tomato leaf,62,480,273,626
29994445671_b6914b44d0_b_jpg.rf.02acf5ddfa75c70964365fe1da20f1e3.jpg,640,640,Tomato leaf,286,445,503,587
29994445671_b6914b44d0_b_jpg.rf.02acf5ddfa75c70964365fe1da20f1e3.jpg,640,640,Tomato leaf,115,356,206,481
29994445671_b6914b44d0_b_jpg.rf.02acf5ddfa75c70964365fe1da20f1e3.jpg,640,640,Tomato leaf,387,364,485,495
29994445671_b6914b44d0_b_jpg.rf.02acf5ddfa75c70964365fe1da20f1e3.jpg,640,640,Tomato leaf,273,342,316,408
29994445671_b6914b44d0_b_jpg.rf.02acf5ddfa75c70964365fe1da20f1e3.jpg,640,640,Tomato leaf,509,301,617,485
29994445671_b6914b44d0_b_jpg.rf.02acf5ddfa75c70964365fe1da20f1e3.jpg,640,640,Tomato leaf,375,323,408,385
29994445671_b6914b44d0_b_jpg.rf.02acf5ddfa75c70964365fe1da20f1e3.jpg,640,640,Tomato leaf,319,317,367,365
29994445671_b6914b44d0_b_jpg.rf.02acf5ddfa75c70964365fe1da20f1e3.jpg,640,640,Tomato leaf,403,323,465,386
29994445671_b6914b44d0_b_jpg.rf.02acf5ddfa75c70964365fe1da20f1e3.jpg,640,640,Tomato leaf,512,328,576,392
29994445671_b6914b44d0_b_jpg.rf.02acf5ddfa75c70964365fe1da20f1e3.jpg,640,640,Tomato leaf,146,259,186,336
29994445671_b6914b44d0_b_jpg.rf.02acf5ddfa75c70964365fe1da20f1e3.jpg,640,640,Tomato leaf,189,274,235,334
29994445671_b6914b44d0_b_jpg.rf.02acf5ddfa75c70964365fe1da20f1e3.jpg,640,640,Tomato leaf,246,265,297,316
29994445671_b6914b44d0_b_jpg.rf.02acf5ddfa75c70964365fe1da20f1e3.jpg,640,640,Tomato leaf,313,137,449,323
29994445671_b6914b44d0_b_jpg.rf.02acf5ddfa75c70964365fe1da20f1e3.jpg,640,640,Tomato leaf,443,130,540,319
29994445671_b6914b44d0_b_jpg.rf.02acf5ddfa75c70964365fe1da20f1e3.jpg,640,640,Tomato leaf,271,128,389,263
29994445671_b6914b44d0_b_jpg.rf.02acf5ddfa75c70964365fe1da20f1e3.jpg,640,640,Tomato leaf,496,105,619,305
29994445671_b6914b44d0_b_jpg.rf.02acf5ddfa75c70964365fe1da20f1e3.jpg,640,640,Tomato leaf,191,78,275,192
29994445671_b6914b44d0_b_jpg.rf.02acf5ddfa75c70964365fe1da20f1e3.jpg,640,640,Tomato leaf,212,32,357,217
30053_original_jpg.rf.91e74b64d709e937fffe0ece85225d1f.jpg,640,640,Tomato Early blight leaf,0,6,634,634
29994445671_b6914b44d0_b_jpg.rf.ea451b7ba8f9de7e44c86b9f774039e8.jpg,640,640,Tomato leaf bacterial spot,519,288,576,345
29994445671_b6914b44d0_b_jpg.rf.ea451b7ba8f9de7e44c86b9f774039e8.jpg,640,640,Tomato leaf bacterial spot,412,277,465,332
29994445671_b6914b44d0_b_jpg.rf.ea451b7ba8f9de7e44c86b9f774039e8.jpg,640,640,Tomato leaf bacterial spot,386,269,408,328
29994445671_b6914b44d0_b_jpg.rf.ea451b7ba8f9de7e44c86b9f774039e8.jpg,640,640,Tomato leaf bacterial spot,151,283,180,355
29994445671_b6914b44d0_b_jpg.rf.ea451b7ba8f9de7e44c86b9f774039e8.jpg,640,640,Tomato leaf bacterial spot,192,292,231,348
29994445671_b6914b44d0_b_jpg.rf.ea451b7ba8f9de7e44c86b9f774039e8.jpg,640,640,Tomato leaf bacterial spot,246,320,291,365
29994445671_b6914b44d0_b_jpg.rf.ea451b7ba8f9de7e44c86b9f774039e8.jpg,640,640,Tomato leaf bacterial spot,286,232,319,294
29994445671_b6914b44d0_b_jpg.rf.ea451b7ba8f9de7e44c86b9f774039e8.jpg,640,640,Tomato leaf bacterial spot,326,283,368,325
29994445671_b6914b44d0_b_jpg.rf.ea451b7ba8f9de7e44c86b9f774039e8.jpg,640,640,Tomato leaf bacterial spot,21,42,137,211
29994445671_b6914b44d0_b_jpg.rf.ea451b7ba8f9de7e44c86b9f774039e8.jpg,640,640,Tomato leaf bacterial spot,142,142,216,256
29994445671_b6914b44d0_b_jpg.rf.ea451b7ba8f9de7e44c86b9f774039e8.jpg,640,640,Tomato leaf bacterial spot,533,200,613,372
29994445671_b6914b44d0_b_jpg.rf.ea451b7ba8f9de7e44c86b9f774039e8.jpg,640,640,Tomato leaf bacterial spot,525,2,639,163
29994445671_b6914b44d0_b_jpg.rf.ea451b7ba8f9de7e44c86b9f774039e8.jpg,640,640,Tomato leaf bacterial spot,365,2,479,136
29994445671_b6914b44d0_b_jpg.rf.ea451b7ba8f9de7e44c86b9f774039e8.jpg,640,640,Tomato leaf bacterial spot,102,1,271,154
29994445671_b6914b44d0_b_jpg.rf.ea451b7ba8f9de7e44c86b9f774039e8.jpg,640,640,Tomato leaf bacterial spot,171,439,240,542
29994445671_b6914b44d0_b_jpg.rf.ea451b7ba8f9de7e44c86b9f774039e8.jpg,640,640,Tomato leaf bacterial spot,0,355,178,519
29994445671_b6914b44d0_b_jpg.rf.ea451b7ba8f9de7e44c86b9f774039e8.jpg,640,640,Tomato leaf bacterial spot,325,83,526,194
29994445671_b6914b44d0_b_jpg.rf.ea451b7ba8f9de7e44c86b9f774039e8.jpg,640,640,Tomato leaf bacterial spot,412,173,494,293
29994445671_b6914b44d0_b_jpg.rf.ea451b7ba8f9de7e44c86b9f774039e8.jpg,640,640,Tomato leaf bacterial spot,491,379,585,565
29994445671_b6914b44d0_b_jpg.rf.ea451b7ba8f9de7e44c86b9f774039e8.jpg,640,640,Tomato leaf bacterial spot,440,353,511,533
29994445671_b6914b44d0_b_jpg.rf.ea451b7ba8f9de7e44c86b9f774039e8.jpg,640,640,Tomato leaf bacterial spot,262,385,360,506
29994445671_b6914b44d0_b_jpg.rf.ea451b7ba8f9de7e44c86b9f774039e8.jpg,640,640,Tomato leaf bacterial spot,196,394,330,592
29994445671_b6914b44d0_b_jpg.rf.ea451b7ba8f9de7e44c86b9f774039e8.jpg,640,640,Tomato leaf bacterial spot,311,334,422,505
32-Septoria-leaf-spot_jpg.rf.6a7ac23cfd68d647540c390eda5c3c91.jpg,640,640,Tomato Septoria leaf spot,0,0,638,638
IMG_7442-20resized_0_preview_jpg.rf.8e48081de2cf27acfc086ac735e22c77.jpg,640,640,Tomato mold leaf,431,2,588,389
IMG_7442-20resized_0_preview_jpg.rf.8e48081de2cf27acfc086ac735e22c77.jpg,640,640,Tomato mold leaf,9,28,234,639
IMG_7442-20resized_0_preview_jpg.rf.8e48081de2cf27acfc086ac735e22c77.jpg,640,640,Tomato mold leaf,254,133,408,639
3182_jpg.rf.4e15816d7482c28fd4df12275c56b44a.jpg,640,640,Tomato leaf late blight,39,30,627,595
3182_jpg.rf.57280c0ce45f81aa596529b428655988.jpg,640,640,Tomato leaf late blight,0,0,638,638
IMG_7442-20resized_0-preview_jpg.rf.40325e95d0e4beeceb2f376f85fb90c2.jpg,640,640,Tomato mold leaf,0,166,245,611
IMG_7442-20resized_0-preview_jpg.rf.40325e95d0e4beeceb2f376f85fb90c2.jpg,640,640,Tomato mold leaf,349,24,640,639
IMG_7442-20resized_0-preview_jpg.rf.40325e95d0e4beeceb2f376f85fb90c2.jpg,640,640,Tomato mold leaf,198,0,449,520
3182_jpg.rf.d657a5934cbccb532c6a9265aaf70dc7.jpg,640,640,Tomato leaf late blight,6,0,640,634
IMG_2348_jpg.rf.b7bc63a69e6ede8573782ed4542773ca.jpg,640,640,Tomato Septoria leaf spot,45,412,331,556
IMG_2348_jpg.rf.b7bc63a69e6ede8573782ed4542773ca.jpg,640,640,Tomato Septoria leaf spot,0,321,149,453
IMG_2348_jpg.rf.b7bc63a69e6ede8573782ed4542773ca.jpg,640,640,Tomato Septoria leaf spot,340,144,609,587
IMG_2348_jpg.rf.b7bc63a69e6ede8573782ed4542773ca.jpg,640,640,Tomato Septoria leaf spot,4,63,244,303
IMG_2348_jpg.rf.b7bc63a69e6ede8573782ed4542773ca.jpg,640,640,Tomato Septoria leaf spot,69,512,289,636
TomatoBlight_JPG_jpg.rf.8de97c5e5c9d34591c066fdc0a4f784d.jpg,640,640,Tomato leaf yellow virus,0,13,512,570
5c77186a4ea326e5495c9d03cd89ce16_jpg.rf.c741cb7ad538b101b4f90f39efa18b7a.jpg,640,640,Tomato Septoria leaf spot,346,0,637,232
5c77186a4ea326e5495c9d03cd89ce16_jpg.rf.c741cb7ad538b101b4f90f39efa18b7a.jpg,640,640,Tomato Septoria leaf spot,216,27,367,310
5c77186a4ea326e5495c9d03cd89ce16_jpg.rf.c741cb7ad538b101b4f90f39efa18b7a.jpg,640,640,Tomato Septoria leaf spot,187,329,458,634
TomatoLateBlight-3-Underside-2ebj05b-300x225_jpg.rf.769f1711fa12101fc98c96e7394be6cf.jpg,640,640,Tomato leaf mosaic virus,0,0,638,638
TomatoLateBlight-3-Underside-2ebj05b-300x225_jpg.rf.540887dbb586e754aa5ce22ed141ca1a.jpg,640,640,Tomato leaf mosaic virus,0,0,638,638
tomato-late-blight-phytophthora-infestans-lesions-on-greenhouse-grown-ATA11J_jpg.rf.2e22b7e9489050c2290085e6356fa578.jpg,640,640,Tomato leaf mosaic virus,67,30,371,212
tomato-late-blight-phytophthora-infestans-lesions-on-greenhouse-grown-ATA11J_jpg.rf.2e22b7e9489050c2290085e6356fa578.jpg,640,640,Tomato leaf mosaic virus,472,127,639,296
tomato-late-blight-phytophthora-infestans-lesions-on-greenhouse-grown-ATA11J_jpg.rf.2e22b7e9489050c2290085e6356fa578.jpg,640,640,Tomato leaf mosaic virus,5,245,288,401
tomato-late-blight-phytophthora-infestans-lesions-on-greenhouse-grown-ATA11J_jpg.rf.2e22b7e9489050c2290085e6356fa578.jpg,640,640,Tomato leaf mosaic virus,356,325,599,548
tomato-late-blight-phytophthora-infestans-lesions-on-greenhouse-grown-ATA11J_jpg.rf.2e22b7e9489050c2290085e6356fa578.jpg,640,640,Tomato leaf mosaic virus,101,385,332,588
TomatoLateBlight-3-Underside-2ebj05b-300x225_jpg.rf.e143f732c508687a303703f7b3f081e3.jpg,640,640,Tomato leaf yellow virus,0,12,628,634
photo-764060_JPG_jpg.rf.3be8a3cf7419243cdd025165f8ae6ead.jpg,640,640,Tomato leaf mosaic virus,200,394,251,460
photo-764060_JPG_jpg.rf.3be8a3cf7419243cdd025165f8ae6ead.jpg,640,640,Tomato leaf mosaic virus,323,323,439,417
photo-764060_JPG_jpg.rf.3be8a3cf7419243cdd025165f8ae6ead.jpg,640,640,Tomato leaf mosaic virus,49,215,203,423
photo-764060_JPG_jpg.rf.3be8a3cf7419243cdd025165f8ae6ead.jpg,640,640,Tomato leaf mosaic virus,520,34,605,166
photo-764060_JPG_jpg.rf.3be8a3cf7419243cdd025165f8ae6ead.jpg,640,640,Tomato leaf mosaic virus,474,154,605,249
photo-764060_JPG_jpg.rf.3be8a3cf7419243cdd025165f8ae6ead.jpg,640,640,Tomato leaf mosaic virus,311,97,408,208
photo-764060_JPG_jpg.rf.3be8a3cf7419243cdd025165f8ae6ead.jpg,640,640,Tomato leaf mosaic virus,234,160,348,300
photo-764060_JPG_jpg.rf.3be8a3cf7419243cdd025165f8ae6ead.jpg,640,640,Tomato leaf mosaic virus,403,379,519,630
dahliaviralsymptoms2lowresjpg_jpg.rf.4b6a1a192dfe6cfcc8395af51e6a533e.jpg,640,640,Tomato leaf yellow virus,373,256,572,562
dahliaviralsymptoms2lowresjpg_jpg.rf.4b6a1a192dfe6cfcc8395af51e6a533e.jpg,640,640,Tomato leaf yellow virus,155,300,377,565
dahliaviralsymptoms2lowresjpg_jpg.rf.4b6a1a192dfe6cfcc8395af51e6a533e.jpg,640,640,Tomato leaf yellow virus,74,57,318,334
dahliaviralsymptoms2lowresjpg_jpg.rf.4b6a1a192dfe6cfcc8395af51e6a533e.jpg,640,640,Tomato leaf yellow virus,250,0,475,255
closeup-of-tomato-leaf-y4af51-1024x768_jpg.rf.fc29d986bf79821cd31f4abbf40a5241.jpg,640,640,Tomato Septoria leaf spot,0,70,634,621
closeup-of-tomato-leaf-y4af51-1024x768_jpg.rf.8f4e8959d81ced552cf8df14625af022.jpg,640,640,Tomato Septoria leaf spot,0,65,640,629
5516100468998144-jpeg_jpg.rf.f66f98257482245bc9d04fca8e834f46.jpg,640,640,Tomato Septoria leaf spot,228,31,380,172
5516100468998144-jpeg_jpg.rf.f66f98257482245bc9d04fca8e834f46.jpg,640,640,Tomato Septoria leaf spot,23,85,225,231
5516100468998144-jpeg_jpg.rf.f66f98257482245bc9d04fca8e834f46.jpg,640,640,Tomato Septoria leaf spot,265,176,357,256
5516100468998144-jpeg_jpg.rf.f66f98257482245bc9d04fca8e834f46.jpg,640,640,Tomato Septoria leaf spot,158,183,337,431
5516100468998144-jpeg_jpg.rf.f66f98257482245bc9d04fca8e834f46.jpg,640,640,Tomato Septoria leaf spot,346,141,579,379
5516100468998144-jpeg_jpg.rf.f66f98257482245bc9d04fca8e834f46.jpg,640,640,Tomato Septoria leaf spot,272,383,443,482
5830204360_757cd7fdfc_z_jpg.rf.11f40dffe22247c0b107bc21313524d7.jpg,640,640,Tomato mold leaf,5,14,222,638
5830204360_757cd7fdfc_z_jpg.rf.11f40dffe22247c0b107bc21313524d7.jpg,640,640,Tomato mold leaf,434,13,638,639
5830204360_757cd7fdfc_z_jpg.rf.11f40dffe22247c0b107bc21313524d7.jpg,640,640,Tomato mold leaf,233,12,459,620
late_blight_drought_leavescuux1200_jpg.rf.6f0d4bb968dd13e9fe66eae5ee63bb10.jpg,640,640,Tomato leaf mosaic virus,278,379,613,603
late_blight_drought_leavescuux1200_jpg.rf.6f0d4bb968dd13e9fe66eae5ee63bb10.jpg,640,640,Tomato leaf mosaic virus,14,131,200,558
late_blight_drought_leavescuux1200_jpg.rf.6f0d4bb968dd13e9fe66eae5ee63bb10.jpg,640,640,Tomato leaf mosaic virus,189,1,420,424
BCH-20medium-20thumbnail-20for-20upload-20-2836-29_jpg.rf.214991b86e3f2d2060f61f1174c58049.jpg,640,640,Tomato Early blight leaf,230,172,410,628
BCH-20medium-20thumbnail-20for-20upload-20-2836-29_jpg.rf.214991b86e3f2d2060f61f1174c58049.jpg,640,640,Tomato Early blight leaf,415,154,634,628
BCH-20medium-20thumbnail-20for-20upload-20-2836-29_jpg.rf.214991b86e3f2d2060f61f1174c58049.jpg,640,640,Tomato Early blight leaf,199,39,359,205
BCH-20medium-20thumbnail-20for-20upload-20-2836-29_jpg.rf.214991b86e3f2d2060f61f1174c58049.jpg,640,640,Tomato Early blight leaf,6,90,199,333
71c944d61b08f6373a9a38d3c250cb2e_jpg.rf.f2cdba8132c5ee96d55f0d07072edbfd.jpg,640,640,Tomato leaf mosaic virus,22,153,573,438
early-blight-septoria-ls-fig-1_jpg.rf.8a182203686e2f19ba6122950f3c053d.jpg,640,640,Tomato Early blight leaf,186,173,380,410
droppedImage_3_jpg.rf.2f7202fb010f7a6f0353286a5a1e3ae0.jpg,640,640,Tomato leaf mosaic virus,11,25,638,540
septoria_tom_leaves1x1200_jpg.rf.9ff41fc76ae694c0f324696e275416fc.jpg,640,640,Tomato Septoria leaf spot,385,431,553,548
septoria_tom_leaves1x1200_jpg.rf.9ff41fc76ae694c0f324696e275416fc.jpg,640,640,Tomato Septoria leaf spot,231,278,622,470
septoria_tom_leaves1x1200_jpg.rf.9ff41fc76ae694c0f324696e275416fc.jpg,640,640,Tomato Septoria leaf spot,113,2,325,342
Tomato-20early-20blight-20target-20like-20leaf-20spot_jpg.rf.4a922bc254d289f4b370c12afc01c3ed.jpg,640,640,Tomato Early blight leaf,33,6,519,634
img_6564_jpg.rf.6174115560a709098ddeec547561a24a.jpg,640,640,Tomato Septoria leaf spot,335,225,493,436
img_6564_jpg.rf.6174115560a709098ddeec547561a24a.jpg,640,640,Tomato Septoria leaf spot,7,65,155,249
img_6564_jpg.rf.6174115560a709098ddeec547561a24a.jpg,640,640,Tomato Septoria leaf spot,464,64,595,231
img_6564_jpg.rf.6174115560a709098ddeec547561a24a.jpg,640,640,Tomato Septoria leaf spot,99,507,156,573
late_blight_drought_leavescuux1200_jpg.rf.0f31c9272295d46f495f93221ac1f2c5.jpg,640,640,Tomato leaf mosaic virus,278,37,613,261
late_blight_drought_leavescuux1200_jpg.rf.0f31c9272295d46f495f93221ac1f2c5.jpg,640,640,Tomato leaf mosaic virus,14,82,200,509
late_blight_drought_leavescuux1200_jpg.rf.0f31c9272295d46f495f93221ac1f2c5.jpg,640,640,Tomato leaf mosaic virus,189,216,420,639
psyllid-yellows_jpg.rf.ab3c87292304e614ba5d48447fc02926.jpg,640,640,Tomato leaf,294,393,388,541
psyllid-yellows_jpg.rf.ab3c87292304e614ba5d48447fc02926.jpg,640,640,Tomato leaf,318,315,418,450
psyllid-yellows_jpg.rf.ab3c87292304e614ba5d48447fc02926.jpg,640,640,Tomato leaf,396,269,505,423
psyllid-yellows_jpg.rf.ab3c87292304e614ba5d48447fc02926.jpg,640,640,Tomato leaf,101,261,202,364
psyllid-yellows_jpg.rf.ab3c87292304e614ba5d48447fc02926.jpg,640,640,Tomato leaf,360,222,425,373
psyllid-yellows_jpg.rf.ab3c87292304e614ba5d48447fc02926.jpg,640,640,Tomato leaf,233,150,333,305
psyllid-yellows_jpg.rf.ab3c87292304e614ba5d48447fc02926.jpg,640,640,Tomato leaf,181,126,301,249
psyllid-yellows_jpg.rf.ab3c87292304e614ba5d48447fc02926.jpg,640,640,Tomato leaf,361,133,485,236
psyllid-yellows_jpg.rf.ab3c87292304e614ba5d48447fc02926.jpg,640,640,Tomato leaf,140,56,232,227
psyllid-yellows_jpg.rf.ab3c87292304e614ba5d48447fc02926.jpg,640,640,Tomato leaf,30,70,153,187
septoria_tomato_jpg.rf.dc25f90d8ddd3be08803d0da317fdcab.jpg,640,640,Tomato Septoria leaf spot,0,10,632,638
r_tomato_jpg.rf.703571ae8aef614378a2b912b19bbe29.jpg,640,640,Tomato leaf bacterial spot,218,186,295,263
r_tomato_jpg.rf.703571ae8aef614378a2b912b19bbe29.jpg,640,640,Tomato leaf bacterial spot,39,205,122,282
r_tomato_jpg.rf.703571ae8aef614378a2b912b19bbe29.jpg,640,640,Tomato leaf bacterial spot,193,261,276,397
r_tomato_jpg.rf.703571ae8aef614378a2b912b19bbe29.jpg,640,640,Tomato leaf bacterial spot,38,409,96,525
r_tomato_jpg.rf.703571ae8aef614378a2b912b19bbe29.jpg,640,640,Tomato leaf bacterial spot,6,327,89,416
r_tomato_jpg.rf.703571ae8aef614378a2b912b19bbe29.jpg,640,640,Tomato leaf bacterial spot,103,416,180,538
r_tomato_jpg.rf.703571ae8aef614378a2b912b19bbe29.jpg,640,640,Tomato leaf bacterial spot,193,397,282,506
r_tomato_jpg.rf.703571ae8aef614378a2b912b19bbe29.jpg,640,640,Tomato leaf bacterial spot,218,486,313,628
r_tomato_jpg.rf.703571ae8aef614378a2b912b19bbe29.jpg,640,640,Tomato leaf bacterial spot,537,230,595,345
r_tomato_jpg.rf.703571ae8aef614378a2b912b19bbe29.jpg,640,640,Tomato leaf bacterial spot,563,89,608,205
r_tomato_jpg.rf.703571ae8aef614378a2b912b19bbe29.jpg,640,640,Tomato leaf bacterial spot,455,128,538,180
r_tomato_jpg.rf.703571ae8aef614378a2b912b19bbe29.jpg,640,640,Tomato leaf bacterial spot,473,27,532,116
r_tomato_jpg.rf.703571ae8aef614378a2b912b19bbe29.jpg,640,640,Tomato leaf bacterial spot,365,58,468,256
r_tomato_jpg.rf.703571ae8aef614378a2b912b19bbe29.jpg,640,640,Tomato leaf bacterial spot,32,77,103,166
r_tomato_jpg.rf.703571ae8aef614378a2b912b19bbe29.jpg,640,640,Tomato leaf bacterial spot,83,6,148,128
r_tomato_jpg.rf.703571ae8aef614378a2b912b19bbe29.jpg,640,640,Tomato leaf bacterial spot,122,83,186,154
IMG_1261_jpg.rf.b325fc695be9e220ac146ed1110e8a26.jpg,640,640,Tomato mold leaf,11,54,626,474
32-Septoria-leaf-spot_jpg.rf.4b9a7892e84b6975e96165a854d11c79.jpg,640,640,Tomato Septoria leaf spot,0,0,638,638
happier-inside_jpg.rf.73afef930e46b89d8ef9f9b011914d37.jpg,640,640,Tomato leaf late blight,110,160,436,282
happier-inside_jpg.rf.73afef930e46b89d8ef9f9b011914d37.jpg,640,640,Tomato leaf late blight,301,64,532,205
happier-inside_jpg.rf.73afef930e46b89d8ef9f9b011914d37.jpg,640,640,Tomato leaf late blight,448,0,602,160
happier-inside_jpg.rf.73afef930e46b89d8ef9f9b011914d37.jpg,640,640,Tomato leaf late blight,620,141,634,244
happier-inside_jpg.rf.73afef930e46b89d8ef9f9b011914d37.jpg,640,640,Tomato leaf late blight,307,263,538,423
happier-inside_jpg.rf.73afef930e46b89d8ef9f9b011914d37.jpg,640,640,Tomato leaf late blight,551,250,634,333
happier-inside_jpg.rf.73afef930e46b89d8ef9f9b011914d37.jpg,640,640,Tomato leaf late blight,173,6,333,154
pm3_jpg.rf.af588ae6c3d89a88cca9ff003f220bd8.jpg,640,640,Tomato mold leaf,0,6,638,604
IMG_2061_JPG_jpg.rf.d9e273324401abfff9fde42b3b18bee1.jpg,640,640,Tomato leaf late blight,134,122,314,448
IMG_2061_JPG_jpg.rf.d9e273324401abfff9fde42b3b18bee1.jpg,640,640,Tomato leaf late blight,358,90,538,199
3182_jpg.rf.8a85e8ba18d6524a35423a9250319e1e.jpg,640,640,Tomato leaf mosaic virus,45,37,622,592
HighTunnel_TLM5_jpg.rf.4046eaec1d13c24ee2f19a6a81807939.jpg,640,640,Tomato mold leaf,120,20,506,632
IMG_1246_jpg.rf.6c37118692da3f14770d8b19448afad3.jpg,640,640,Tomato leaf late blight,0,103,609,569
closeup-of-tomato-leaf-y4af51-1024x768_jpg.rf.c1aa95376c34319a403c7375c798127d.jpg,640,640,Tomato Septoria leaf spot,6,18,640,570
Septoria_Leaf_Spot_of_Tomato187_jpg.rf.c4cfa28dff9c8955b4c0cfa964c99cd6.jpg,640,640,Tomato Septoria leaf spot,0,45,628,633
Septoria_Leaf_Spot_of_Tomato187_jpg.rf.c4cfa28dff9c8955b4c0cfa964c99cd6.jpg,640,640,Tomato Septoria leaf spot,441,12,634,205
tomato_bacterial-speck_01_zoom_jpg.rf.0e36e240601473a04f95231274401cf7.jpg,640,640,Tomato leaf late blight,0,44,638,560
36-early-blight-concentric-rings_jpg.rf.66e638cc42df29b02290806f45554c94.jpg,640,640,Tomato Early blight leaf,0,0,577,638
closeup-of-tomato-leaf-y4af51-1024x768_jpg.rf.d4ca9f611f3b1b316175668cc35d3976.jpg,640,640,Tomato Septoria leaf spot,0,16,638,638
IMG_5360_jpg.rf.76cca936e8706dc522ffde42dac50c1c.jpg,640,640,Tomato leaf mosaic virus,58,133,232,422
IMG_5360_jpg.rf.76cca936e8706dc522ffde42dac50c1c.jpg,640,640,Tomato leaf mosaic virus,401,275,605,587
Tomato-20bacterial-20spot-20closeup-050S_JPG_jpg.rf.dfb23086602e3e6a995957b8d6ee3d8e.jpg,640,640,Tomato Septoria leaf spot,6,122,634,628
tomatoseptorialeafspotjpg-788d20798a3c74e7_jpg.rf.25e6dbdacbfe3f14b854b2619283b18f.jpg,640,640,Tomato Septoria leaf spot,43,22,640,639
late_blight_tomato_transplant2x1200_jpg.rf.507d2cdd346f3bad8f0852a4b85426a6.jpg,640,640,Tomato leaf mosaic virus,169,152,483,581
B-29-Leafunsidecladosp-envez_jpg.rf.c4a558e3d8d70451b50f80a972e8591b.jpg,640,640,Tomato Early blight leaf,26,84,640,510
Tomato-20greenhouse-20leaf-20edema-20and-20distortion2F_JPG_jpg.rf.bdede1ad34c4b90fc6f6c32e53f0c96f.jpg,640,640,Tomato mold leaf,0,157,635,603
36ca1410e232eec4a8003fe411246820_jpg.rf.d2aeb292bc566673a5ae287c6e490f99.jpg,640,640,Tomato leaf bacterial spot,192,301,301,461
36ca1410e232eec4a8003fe411246820_jpg.rf.d2aeb292bc566673a5ae287c6e490f99.jpg,640,640,Tomato leaf bacterial spot,294,326,403,519
36ca1410e232eec4a8003fe411246820_jpg.rf.d2aeb292bc566673a5ae287c6e490f99.jpg,640,640,Tomato leaf bacterial spot,103,473,186,615
36ca1410e232eec4a8003fe411246820_jpg.rf.d2aeb292bc566673a5ae287c6e490f99.jpg,640,640,Tomato leaf bacterial spot,212,467,339,570
36ca1410e232eec4a8003fe411246820_jpg.rf.d2aeb292bc566673a5ae287c6e490f99.jpg,640,640,Tomato leaf bacterial spot,365,38,500,135
36ca1410e232eec4a8003fe411246820_jpg.rf.d2aeb292bc566673a5ae287c6e490f99.jpg,640,640,Tomato leaf bacterial spot,84,256,179,455
36ca1410e232eec4a8003fe411246820_jpg.rf.d2aeb292bc566673a5ae287c6e490f99.jpg,640,640,Tomato leaf bacterial spot,468,468,595,634
36ca1410e232eec4a8003fe411246820_jpg.rf.d2aeb292bc566673a5ae287c6e490f99.jpg,640,640,Tomato leaf bacterial spot,449,294,576,435
comparing-diseases-4-canker-tomato-1y51ejs_jpg.rf.4c09804d89e6c3c825f90e2c274167c9.jpg,640,640,Tomato leaf late blight,526,435,580,535
comparing-diseases-4-canker-tomato-1y51ejs_jpg.rf.4c09804d89e6c3c825f90e2c274167c9.jpg,640,640,Tomato leaf late blight,208,352,371,606
comparing-diseases-4-canker-tomato-1y51ejs_jpg.rf.4c09804d89e6c3c825f90e2c274167c9.jpg,640,640,Tomato leaf late blight,25,350,258,628
comparing-diseases-4-canker-tomato-1y51ejs_jpg.rf.4c09804d89e6c3c825f90e2c274167c9.jpg,640,640,Tomato leaf late blight,340,342,422,453
comparing-diseases-4-canker-tomato-1y51ejs_jpg.rf.4c09804d89e6c3c825f90e2c274167c9.jpg,640,640,Tomato leaf late blight,431,282,517,451
comparing-diseases-4-canker-tomato-1y51ejs_jpg.rf.4c09804d89e6c3c825f90e2c274167c9.jpg,640,640,Tomato leaf late blight,383,297,466,454
comparing-diseases-4-canker-tomato-1y51ejs_jpg.rf.4c09804d89e6c3c825f90e2c274167c9.jpg,640,640,Tomato leaf late blight,541,254,639,417
comparing-diseases-4-canker-tomato-1y51ejs_jpg.rf.4c09804d89e6c3c825f90e2c274167c9.jpg,640,640,Tomato Early blight leaf,0,53,254,338
comparing-diseases-4-canker-tomato-1y51ejs_jpg.rf.4c09804d89e6c3c825f90e2c274167c9.jpg,640,640,Tomato leaf late blight,370,477,487,611
comparing-diseases-4-canker-tomato-1y51ejs_jpg.rf.4c09804d89e6c3c825f90e2c274167c9.jpg,640,640,Tomato leaf late blight,422,445,533,605
tmv-tomato-34_jpg.rf.acd0b3dccb30a994d7298a3d48c1f2f6.jpg,640,640,Tomato leaf yellow virus,474,272,638,601
tmv-tomato-34_jpg.rf.acd0b3dccb30a994d7298a3d48c1f2f6.jpg,640,640,Tomato leaf yellow virus,233,113,570,510
tmv-tomato-34_jpg.rf.acd0b3dccb30a994d7298a3d48c1f2f6.jpg,640,640,Tomato leaf yellow virus,0,64,103,290
bc34aec4ea7f60a64e380fda44c2f380_jpg.rf.e3b8eb98f34f90b1dc8888b3fa870273.jpg,640,640,Tomato Early blight leaf,101,0,235,254
bc34aec4ea7f60a64e380fda44c2f380_jpg.rf.e3b8eb98f34f90b1dc8888b3fa870273.jpg,640,640,Tomato Early blight leaf,442,74,564,248
bc34aec4ea7f60a64e380fda44c2f380_jpg.rf.e3b8eb98f34f90b1dc8888b3fa870273.jpg,640,640,Tomato Early blight leaf,85,196,280,501
bc34aec4ea7f60a64e380fda44c2f380_jpg.rf.e3b8eb98f34f90b1dc8888b3fa870273.jpg,640,640,Tomato Early blight leaf,238,193,452,529
tomato-plant-virus-tomato-yellow-leaf-curl-virus-tomato-plant-disease-mosaic-virus_jpg.rf.3464a1ecf4b88d9bdaeb3f242a076cbf.jpg,640,640,Tomato leaf,485,96,565,193
tomato-plant-virus-tomato-yellow-leaf-curl-virus-tomato-plant-disease-mosaic-virus_jpg.rf.3464a1ecf4b88d9bdaeb3f242a076cbf.jpg,640,640,Tomato leaf,561,104,637,218
tomato-plant-virus-tomato-yellow-leaf-curl-virus-tomato-plant-disease-mosaic-virus_jpg.rf.3464a1ecf4b88d9bdaeb3f242a076cbf.jpg,640,640,Tomato leaf,229,70,320,195
tomato-plant-virus-tomato-yellow-leaf-curl-virus-tomato-plant-disease-mosaic-virus_jpg.rf.3464a1ecf4b88d9bdaeb3f242a076cbf.jpg,640,640,Tomato leaf,231,236,322,327
tomato-plant-virus-tomato-yellow-leaf-curl-virus-tomato-plant-disease-mosaic-virus_jpg.rf.3464a1ecf4b88d9bdaeb3f242a076cbf.jpg,640,640,Tomato leaf,31,203,265,366
tomato-plant-virus-tomato-yellow-leaf-curl-virus-tomato-plant-disease-mosaic-virus_jpg.rf.3464a1ecf4b88d9bdaeb3f242a076cbf.jpg,640,640,Tomato leaf,531,314,638,426
tomato-plant-virus-tomato-yellow-leaf-curl-virus-tomato-plant-disease-mosaic-virus_jpg.rf.3464a1ecf4b88d9bdaeb3f242a076cbf.jpg,640,640,Tomato leaf,238,295,472,475
tomato-plant-virus-tomato-yellow-leaf-curl-virus-tomato-plant-disease-mosaic-virus_jpg.rf.3464a1ecf4b88d9bdaeb3f242a076cbf.jpg,640,640,Tomato leaf,285,430,414,588
tomato-plant-virus-tomato-yellow-leaf-curl-virus-tomato-plant-disease-mosaic-virus_jpg.rf.3464a1ecf4b88d9bdaeb3f242a076cbf.jpg,640,640,Tomato leaf,88,387,266,631
tomato-plant-virus-tomato-yellow-leaf-curl-virus-tomato-plant-disease-mosaic-virus_jpg.rf.3464a1ecf4b88d9bdaeb3f242a076cbf.jpg,640,640,Tomato leaf,411,35,522,177
tomato-plant-virus-tomato-yellow-leaf-curl-virus-tomato-plant-disease-mosaic-virus_jpg.rf.3464a1ecf4b88d9bdaeb3f242a076cbf.jpg,640,640,Tomato leaf,98,20,227,128
russian-2-319-dt-2010-leaves-high-tunnel-9-29-2014-c_jpg.rf.47a6a8c9a493b629a55a8f60e609d979.jpg,640,640,Tomato leaf late blight,143,5,246,305
russian-2-319-dt-2010-leaves-high-tunnel-9-29-2014-c_jpg.rf.47a6a8c9a493b629a55a8f60e609d979.jpg,640,640,Tomato leaf late blight,25,383,194,639
russian-2-319-dt-2010-leaves-high-tunnel-9-29-2014-c_jpg.rf.47a6a8c9a493b629a55a8f60e609d979.jpg,640,640,Tomato leaf late blight,303,420,379,595
russian-2-319-dt-2010-leaves-high-tunnel-9-29-2014-c_jpg.rf.47a6a8c9a493b629a55a8f60e609d979.jpg,640,640,Tomato leaf late blight,376,106,550,286
russian-2-319-dt-2010-leaves-high-tunnel-9-29-2014-c_jpg.rf.47a6a8c9a493b629a55a8f60e609d979.jpg,640,640,Tomato leaf late blight,242,7,349,216
russian-2-319-dt-2010-leaves-high-tunnel-9-29-2014-c_jpg.rf.47a6a8c9a493b629a55a8f60e609d979.jpg,640,640,Tomato leaf late blight,0,131,46,302
russian-2-319-dt-2010-leaves-high-tunnel-9-29-2014-c_jpg.rf.47a6a8c9a493b629a55a8f60e609d979.jpg,640,640,Tomato leaf late blight,492,288,568,439
russian-2-319-dt-2010-leaves-high-tunnel-9-29-2014-c_jpg.rf.47a6a8c9a493b629a55a8f60e609d979.jpg,640,640,Tomato leaf late blight,75,261,154,354
late_blight_tomato_transplant2x1200_jpg.rf.77f8b76a13bcf87d75ada10fa26e0830.jpg,640,640,Tomato leaf mosaic virus,157,60,471,489
tomato-plant-leaves-brown-spots-tomato-leaves-older-ones-with-spots_jpg.rf.cfb194383b86b8ba52e989f25317791d.jpg,640,640,Tomato leaf mosaic virus,498,51,591,112
tomato-plant-leaves-brown-spots-tomato-leaves-older-ones-with-spots_jpg.rf.cfb194383b86b8ba52e989f25317791d.jpg,640,640,Tomato leaf mosaic virus,332,43,468,112
tomato-plant-leaves-brown-spots-tomato-leaves-older-ones-with-spots_jpg.rf.cfb194383b86b8ba52e989f25317791d.jpg,640,640,Tomato leaf mosaic virus,329,237,503,361
tomato-plant-leaves-brown-spots-tomato-leaves-older-ones-with-spots_jpg.rf.cfb194383b86b8ba52e989f25317791d.jpg,640,640,Tomato leaf mosaic virus,100,272,308,514
TomatoLeafMold2-50QUALITY-1b89zfs_jpg.rf.9c53f9e92cf40b768de422858577c913.jpg,640,640,Tomato mold leaf,6,83,634,602
septoria_tom_leaves1x1200_jpg.rf.60133e620bda72006d0bc90424f52efa.jpg,640,640,Tomato Septoria leaf spot,83,96,243,224
septoria_tom_leaves1x1200_jpg.rf.60133e620bda72006d0bc90424f52efa.jpg,640,640,Tomato Septoria leaf spot,19,186,404,360
septoria_tom_leaves1x1200_jpg.rf.60133e620bda72006d0bc90424f52efa.jpg,640,640,Tomato Septoria leaf spot,332,301,525,627
russian-2-319-dt-2010-leaves-high-tunnel-9-29-2014-c_jpg.rf.c19387858ee35a82bd65b354c5b83d5d.jpg,640,640,Tomato leaf late blight,142,6,249,308
russian-2-319-dt-2010-leaves-high-tunnel-9-29-2014-c_jpg.rf.c19387858ee35a82bd65b354c5b83d5d.jpg,640,640,Tomato leaf late blight,26,384,192,633
russian-2-319-dt-2010-leaves-high-tunnel-9-29-2014-c_jpg.rf.c19387858ee35a82bd65b354c5b83d5d.jpg,640,640,Tomato leaf late blight,301,422,378,596
russian-2-319-dt-2010-leaves-high-tunnel-9-29-2014-c_jpg.rf.c19387858ee35a82bd65b354c5b83d5d.jpg,640,640,Tomato leaf late blight,378,109,550,289
russian-2-319-dt-2010-leaves-high-tunnel-9-29-2014-c_jpg.rf.c19387858ee35a82bd65b354c5b83d5d.jpg,640,640,Tomato leaf late blight,243,6,352,219
russian-2-319-dt-2010-leaves-high-tunnel-9-29-2014-c_jpg.rf.c19387858ee35a82bd65b354c5b83d5d.jpg,640,640,Tomato leaf late blight,0,128,45,302
russian-2-319-dt-2010-leaves-high-tunnel-9-29-2014-c_jpg.rf.c19387858ee35a82bd65b354c5b83d5d.jpg,640,640,Tomato leaf late blight,493,288,570,442
russian-2-319-dt-2010-leaves-high-tunnel-9-29-2014-c_jpg.rf.c19387858ee35a82bd65b354c5b83d5d.jpg,640,640,Tomato leaf late blight,77,263,154,352
img_1028_jpg.rf.b549e51b1a3e0203ee6a2e8fbcedcc65.jpg,640,640,Tomato leaf bacterial spot,41,61,504,639
sls1_jpg.rf.d8f7600a4d54e2e15d4f55212656f553.jpg,640,640,Tomato Septoria leaf spot,45,6,577,628
Tomato-20bacterial-20canker-JPG_jpg.rf.c9e83c76a1354e2d273c28c9b1bf982e.jpg,640,640,Tomato Early blight leaf,3,89,577,505
TomatoBlight-JPG_jpg.rf.88432b592fde4973a19fe7b604c5e726.jpg,640,640,Tomato leaf mosaic virus,83,162,480,456
late_blight_tomato_leavesx500_jpg.rf.b9488af0362a7f9a155ce800e854543d.jpg,640,640,Tomato leaf mosaic virus,466,379,600,476
late_blight_tomato_leavesx500_jpg.rf.b9488af0362a7f9a155ce800e854543d.jpg,640,640,Tomato leaf mosaic virus,272,396,339,530
late_blight_tomato_leavesx500_jpg.rf.b9488af0362a7f9a155ce800e854543d.jpg,640,640,Tomato leaf mosaic virus,176,382,250,513
late_blight_tomato_leavesx500_jpg.rf.b9488af0362a7f9a155ce800e854543d.jpg,640,640,Tomato leaf mosaic virus,268,276,389,429
late_blight_tomato_leavesx500_jpg.rf.b9488af0362a7f9a155ce800e854543d.jpg,640,640,Tomato leaf mosaic virus,206,275,269,370
late_blight_tomato_leavesx500_jpg.rf.b9488af0362a7f9a155ce800e854543d.jpg,640,640,Tomato leaf mosaic virus,361,170,495,305
late_blight_tomato_leavesx500_jpg.rf.b9488af0362a7f9a155ce800e854543d.jpg,640,640,Tomato leaf mosaic virus,239,36,387,130
spotonleaf1_jpg.rf.4ad324991c5fe5d67d6e193d3de61099.jpg,640,640,Tomato Early blight leaf,96,250,289,588
Tomato-20physiologic-20leaf-20roll1F_JPG_jpg.rf.8f8a3d6234439b82e4b607cd084b52ad.jpg,640,640,Tomato leaf late blight,186,243,263,480
Tomato-20physiologic-20leaf-20roll1F_JPG_jpg.rf.8f8a3d6234439b82e4b607cd084b52ad.jpg,640,640,Tomato leaf late blight,154,51,192,231
Tomato-20physiologic-20leaf-20roll1F_JPG_jpg.rf.8f8a3d6234439b82e4b607cd084b52ad.jpg,640,640,Tomato leaf late blight,326,242,385,455
Tomato-20physiologic-20leaf-20roll1F_JPG_jpg.rf.8f8a3d6234439b82e4b607cd084b52ad.jpg,640,640,Tomato leaf late blight,212,96,333,193
comparing-diseases-4-canker-tomato-1y51ejs_jpg.rf.bd0d1bad00bbe630b8b818bc8ae9bea4.jpg,640,640,Tomato leaf late blight,510,79,553,176
comparing-diseases-4-canker-tomato-1y51ejs_jpg.rf.bd0d1bad00bbe630b8b818bc8ae9bea4.jpg,640,640,Tomato leaf late blight,202,45,339,288
comparing-diseases-4-canker-tomato-1y51ejs_jpg.rf.bd0d1bad00bbe630b8b818bc8ae9bea4.jpg,640,640,Tomato leaf late blight,20,44,225,304
comparing-diseases-4-canker-tomato-1y51ejs_jpg.rf.bd0d1bad00bbe630b8b818bc8ae9bea4.jpg,640,640,Tomato leaf late blight,336,184,407,288
comparing-diseases-4-canker-tomato-1y51ejs_jpg.rf.bd0d1bad00bbe630b8b818bc8ae9bea4.jpg,640,640,Tomato leaf late blight,434,173,501,338
comparing-diseases-4-canker-tomato-1y51ejs_jpg.rf.bd0d1bad00bbe630b8b818bc8ae9bea4.jpg,640,640,Tomato leaf late blight,384,176,450,330
comparing-diseases-4-canker-tomato-1y51ejs_jpg.rf.bd0d1bad00bbe630b8b818bc8ae9bea4.jpg,640,640,Tomato leaf late blight,546,194,640,349
comparing-diseases-4-canker-tomato-1y51ejs_jpg.rf.bd0d1bad00bbe630b8b818bc8ae9bea4.jpg,640,640,Tomato Early blight leaf,21,337,258,598
comparing-diseases-4-canker-tomato-1y51ejs_jpg.rf.bd0d1bad00bbe630b8b818bc8ae9bea4.jpg,640,640,Tomato two spotted spider mites leaf,309,357,623,638
comparing-diseases-4-canker-tomato-1y51ejs_jpg.rf.bd0d1bad00bbe630b8b818bc8ae9bea4.jpg,640,640,Tomato leaf late blight,349,22,453,147
comparing-diseases-4-canker-tomato-1y51ejs_jpg.rf.bd0d1bad00bbe630b8b818bc8ae9bea4.jpg,640,640,Tomato leaf late blight,405,21,499,174
IMG_1526_jpg.rf.653acb2772f0be4de57ddf099813e814.jpg,640,640,Tomato leaf mosaic virus,362,228,480,411
Tomato-20greenhouse-20phythotoxicity03F_JPG_jpg.rf.d175f2c8ecc5284aeb7c240c08a42fb3.jpg,640,640,Tomato leaf mosaic virus,282,263,409,532
Tomato-20greenhouse-20phythotoxicity03F_JPG_jpg.rf.d175f2c8ecc5284aeb7c240c08a42fb3.jpg,640,640,Tomato leaf mosaic virus,480,102,563,230
Tomato-20greenhouse-20phythotoxicity03F_JPG_jpg.rf.d175f2c8ecc5284aeb7c240c08a42fb3.jpg,640,640,Tomato leaf mosaic virus,499,262,615,410
Tomato-20greenhouse-20phythotoxicity03F_JPG_jpg.rf.d175f2c8ecc5284aeb7c240c08a42fb3.jpg,640,640,Tomato leaf mosaic virus,422,301,538,487
Tomato-20greenhouse-20phythotoxicity03F_JPG_jpg.rf.d175f2c8ecc5284aeb7c240c08a42fb3.jpg,640,640,Tomato leaf mosaic virus,409,276,462,359
Tomato-20greenhouse-20phythotoxicity03F_JPG_jpg.rf.d175f2c8ecc5284aeb7c240c08a42fb3.jpg,640,640,Tomato leaf mosaic virus,415,147,474,256
Tomato-20greenhouse-20phythotoxicity03F_JPG_jpg.rf.d175f2c8ecc5284aeb7c240c08a42fb3.jpg,640,640,Tomato leaf mosaic virus,256,12,429,231
Tomato-20greenhouse-20phythotoxicity03F_JPG_jpg.rf.d175f2c8ecc5284aeb7c240c08a42fb3.jpg,640,640,Tomato leaf mosaic virus,276,250,347,372
Tomato-20greenhouse-20phythotoxicity03F_JPG_jpg.rf.d175f2c8ecc5284aeb7c240c08a42fb3.jpg,640,640,Tomato leaf mosaic virus,198,243,294,391
Tomato-20greenhouse-20phythotoxicity03F_JPG_jpg.rf.d175f2c8ecc5284aeb7c240c08a42fb3.jpg,640,640,Tomato leaf mosaic virus,26,153,257,365
Tomato-20greenhouse-20phythotoxicity03F_JPG_jpg.rf.d175f2c8ecc5284aeb7c240c08a42fb3.jpg,640,640,Tomato leaf mosaic virus,205,141,302,230
tomatoyellowleafcurlcropped_jpg.rf.80e4fc0d3cc754e394c4520a9021a854.jpg,640,640,Tomato leaf bacterial spot,442,499,550,615
tomatoyellowleafcurlcropped_jpg.rf.80e4fc0d3cc754e394c4520a9021a854.jpg,640,640,Tomato leaf bacterial spot,409,185,448,238
tomatoyellowleafcurlcropped_jpg.rf.80e4fc0d3cc754e394c4520a9021a854.jpg,640,640,Tomato leaf bacterial spot,377,211,435,263
tomatoyellowleafcurlcropped_jpg.rf.80e4fc0d3cc754e394c4520a9021a854.jpg,640,640,Tomato leaf bacterial spot,301,57,499,154
tomatoyellowleafcurlcropped_jpg.rf.80e4fc0d3cc754e394c4520a9021a854.jpg,640,640,Tomato leaf bacterial spot,0,50,275,186
tomatoyellowleafcurlcropped_jpg.rf.80e4fc0d3cc754e394c4520a9021a854.jpg,640,640,Tomato leaf bacterial spot,0,212,160,615
tomatoyellowleafcurlcropped_jpg.rf.80e4fc0d3cc754e394c4520a9021a854.jpg,640,640,Tomato leaf bacterial spot,115,249,237,403
tomatoyellowleafcurlcropped_jpg.rf.80e4fc0d3cc754e394c4520a9021a854.jpg,640,640,Tomato leaf bacterial spot,288,243,365,320
tomatoyellowleafcurlcropped_jpg.rf.80e4fc0d3cc754e394c4520a9021a854.jpg,640,640,Tomato leaf bacterial spot,224,211,295,314
tomatoyellowleafcurlcropped_jpg.rf.80e4fc0d3cc754e394c4520a9021a854.jpg,640,640,Tomato leaf bacterial spot,269,352,366,499
tomatoyellowleafcurlcropped_jpg.rf.80e4fc0d3cc754e394c4520a9021a854.jpg,640,640,Tomato leaf bacterial spot,410,365,532,442
tomatoyellowleafcurlcropped_jpg.rf.80e4fc0d3cc754e394c4520a9021a854.jpg,640,640,Tomato leaf bacterial spot,454,416,634,513
tomatoyellowleafcurlcropped_jpg.rf.80e4fc0d3cc754e394c4520a9021a854.jpg,640,640,Tomato leaf bacterial spot,365,448,473,589
tomatoblight_jpg.rf.0d5698224744ce469caa217319d96936.jpg,640,640,Tomato Early blight leaf,38,0,638,638
tomato-plant-leaves-brown-spots-tomato-leaves-older-ones-with-spots_jpg.rf.85d179103fbb6e1780bb3904c7e27be2.jpg,640,640,Tomato leaf mosaic virus,500,51,589,115
tomato-plant-leaves-brown-spots-tomato-leaves-older-ones-with-spots_jpg.rf.85d179103fbb6e1780bb3904c7e27be2.jpg,640,640,Tomato leaf mosaic virus,332,45,468,116
tomato-plant-leaves-brown-spots-tomato-leaves-older-ones-with-spots_jpg.rf.85d179103fbb6e1780bb3904c7e27be2.jpg,640,640,Tomato leaf mosaic virus,332,237,506,358
tomato-plant-leaves-brown-spots-tomato-leaves-older-ones-with-spots_jpg.rf.85d179103fbb6e1780bb3904c7e27be2.jpg,640,640,Tomato leaf mosaic virus,102,276,307,513
image024_jpg.rf.cce1ab6531395932f926f0f3732d4cce.jpg,640,640,Tomato leaf,154,518,231,634
image024_jpg.rf.cce1ab6531395932f926f0f3732d4cce.jpg,640,640,Tomato leaf,141,391,236,480
image024_jpg.rf.cce1ab6531395932f926f0f3732d4cce.jpg,640,640,Tomato leaf,243,448,506,634
image024_jpg.rf.cce1ab6531395932f926f0f3732d4cce.jpg,640,640,Tomato leaf,218,70,313,179
image024_jpg.rf.cce1ab6531395932f926f0f3732d4cce.jpg,640,640,Tomato leaf,116,211,353,397
image024_jpg.rf.cce1ab6531395932f926f0f3732d4cce.jpg,640,640,Tomato leaf,313,358,378,416
image024_jpg.rf.cce1ab6531395932f926f0f3732d4cce.jpg,640,640,Tomato leaf,333,96,441,289
HighTunnel_TLM5_jpg.rf.f5be3a6cd628f507e8304a7805c46b55.jpg,640,640,Tomato mold leaf,122,19,506,633
DSCN2697_jpg.rf.1f5f111852b91bc4e4237fea1291f2d7.jpg,640,640,Tomato mold leaf,40,97,522,468
Tomato-20late-20blight-20lesion-20closeup-2013F_JPG_jpg.rf.dd69497c76b1cfa3ba28ef7681f02c27.jpg,640,640,Tomato leaf yellow virus,77,12,634,468
IMG_5808_jpg.rf.d0b52a71124b90bcb7f0a76bbec8e9a2.jpg,640,640,Tomato leaf mosaic virus,261,122,521,513
tomatofactsheet_png_png_jpg.rf.b2d0fb19cc41ad779a0cf1570807e632.jpg,640,640,Tomato Septoria leaf spot,0,0,294,288
tomatofactsheet_png_png_jpg.rf.b2d0fb19cc41ad779a0cf1570807e632.jpg,640,640,Tomato Septoria leaf spot,26,372,269,633
tomatofactsheet_png_png_jpg.rf.b2d0fb19cc41ad779a0cf1570807e632.jpg,640,640,Tomato Septoria leaf spot,314,129,608,576
psyllid-yellows_jpg.rf.a4de5b4bedc139a6648737907e090a74.jpg,640,640,Tomato leaf bacterial spot,0,445,88,599
psyllid-yellows_jpg.rf.a4de5b4bedc139a6648737907e090a74.jpg,640,640,Tomato leaf bacterial spot,326,82,409,231
psyllid-yellows_jpg.rf.a4de5b4bedc139a6648737907e090a74.jpg,640,640,Tomato leaf bacterial spot,359,388,468,500
psyllid-yellows_jpg.rf.a4de5b4bedc139a6648737907e090a74.jpg,640,640,Tomato leaf bacterial spot,434,403,509,566
psyllid-yellows_jpg.rf.a4de5b4bedc139a6648737907e090a74.jpg,640,640,Tomato leaf bacterial spot,512,434,625,540
psyllid-yellows_jpg.rf.a4de5b4bedc139a6648737907e090a74.jpg,640,640,Tomato leaf bacterial spot,443,263,535,357
psyllid-yellows_jpg.rf.a4de5b4bedc139a6648737907e090a74.jpg,640,640,Tomato leaf bacterial spot,227,277,276,423
psyllid-yellows_jpg.rf.a4de5b4bedc139a6648737907e090a74.jpg,640,640,Tomato leaf bacterial spot,142,235,236,380
psyllid-yellows_jpg.rf.a4de5b4bedc139a6648737907e090a74.jpg,640,640,Tomato leaf bacterial spot,223,200,309,326
psyllid-yellows_jpg.rf.a4de5b4bedc139a6648737907e090a74.jpg,640,640,Tomato leaf bacterial spot,243,108,325,246
late_blight_2013_longisland2x1200_jpg.rf.24ea22cfa69951cb5fff87895e79d78f.jpg,640,640,Tomato leaf mosaic virus,0,143,638,587
late_blight_tomato_leavesx500_jpg.rf.79155ea5b42106595953630671d01456.jpg,640,640,Tomato leaf yellow virus,334,277,405,443
late_blight_tomato_leavesx500_jpg.rf.79155ea5b42106595953630671d01456.jpg,640,640,Tomato leaf yellow virus,371,426,485,517
late_blight_tomato_leavesx500_jpg.rf.79155ea5b42106595953630671d01456.jpg,640,640,Tomato leaf yellow virus,134,160,226,374
late_blight_tomato_leavesx500_jpg.rf.79155ea5b42106595953630671d01456.jpg,640,640,Tomato leaf yellow virus,213,277,279,440
late_blight_tomato_leavesx500_jpg.rf.79155ea5b42106595953630671d01456.jpg,640,640,Tomato leaf yellow virus,248,103,331,265
late_blight_tomato_leavesx500_jpg.rf.79155ea5b42106595953630671d01456.jpg,640,640,Tomato leaf yellow virus,299,45,383,112
late_blight_tomato_leavesx500_jpg.rf.79155ea5b42106595953630671d01456.jpg,640,640,Tomato leaf yellow virus,275,212,360,371
late_blight_tomato_leavesx500_jpg.rf.79155ea5b42106595953630671d01456.jpg,640,640,Tomato leaf yellow virus,197,437,357,532
late_blight_tomato_leavesx500_jpg.rf.79155ea5b42106595953630671d01456.jpg,640,640,Tomato leaf yellow virus,531,317,638,595
late_blight_tomato_leavesx500_jpg.rf.79155ea5b42106595953630671d01456.jpg,640,640,Tomato leaf yellow virus,459,220,568,311
late_blight_tomato_leavesx500_jpg.rf.79155ea5b42106595953630671d01456.jpg,640,640,Tomato leaf yellow virus,382,291,508,455
dscn3175_jpg.rf.854d47da1cbb076be2656bdfc201bd79.jpg,640,640,Tomato Early blight leaf,150,98,213,335
dscn3175_jpg.rf.854d47da1cbb076be2656bdfc201bd79.jpg,640,640,Tomato Early blight leaf,298,167,393,495
dscn3175_jpg.rf.854d47da1cbb076be2656bdfc201bd79.jpg,640,640,Tomato Early blight leaf,478,192,640,576
dscn3175_jpg.rf.854d47da1cbb076be2656bdfc201bd79.jpg,640,640,Tomato Early blight leaf,44,350,148,639
dscn3175_jpg.rf.854d47da1cbb076be2656bdfc201bd79.jpg,640,640,Tomato Early blight leaf,175,3,247,129
dscn3175_jpg.rf.854d47da1cbb076be2656bdfc201bd79.jpg,640,640,Tomato Early blight leaf,443,6,597,139
dscn1652cropped_jpg.rf.674820bff2ae33d0a9473a702d903bf9.jpg,640,640,Tomato leaf,443,482,485,526
dscn1652cropped_jpg.rf.674820bff2ae33d0a9473a702d903bf9.jpg,640,640,Tomato leaf,538,453,575,496
dscn1652cropped_jpg.rf.674820bff2ae33d0a9473a702d903bf9.jpg,640,640,Tomato leaf,338,490,372,533
dscn1652cropped_jpg.rf.674820bff2ae33d0a9473a702d903bf9.jpg,640,640,Tomato leaf,256,516,285,544
dscn1652cropped_jpg.rf.674820bff2ae33d0a9473a702d903bf9.jpg,640,640,Tomato leaf,386,444,443,491
dscn1652cropped_jpg.rf.674820bff2ae33d0a9473a702d903bf9.jpg,640,640,Tomato leaf,463,409,519,456
dscn1652cropped_jpg.rf.674820bff2ae33d0a9473a702d903bf9.jpg,640,640,Tomato leaf,436,408,470,448
dscn1652cropped_jpg.rf.674820bff2ae33d0a9473a702d903bf9.jpg,640,640,Tomato leaf,299,406,341,457
dscn1652cropped_jpg.rf.674820bff2ae33d0a9473a702d903bf9.jpg,640,640,Tomato leaf,224,421,264,459
dscn1652cropped_jpg.rf.674820bff2ae33d0a9473a702d903bf9.jpg,640,640,Tomato leaf,388,363,428,426
dscn1652cropped_jpg.rf.674820bff2ae33d0a9473a702d903bf9.jpg,640,640,Tomato leaf,501,311,575,385
dscn1652cropped_jpg.rf.674820bff2ae33d0a9473a702d903bf9.jpg,640,640,Tomato leaf,413,354,449,398
dscn1652cropped_jpg.rf.674820bff2ae33d0a9473a702d903bf9.jpg,640,640,Tomato leaf,189,385,246,437
dscn1652cropped_jpg.rf.674820bff2ae33d0a9473a702d903bf9.jpg,640,640,Tomato leaf,209,238,300,347
dscn1652cropped_jpg.rf.674820bff2ae33d0a9473a702d903bf9.jpg,640,640,Tomato leaf,512,65,563,131
dscn1652cropped_jpg.rf.674820bff2ae33d0a9473a702d903bf9.jpg,640,640,Tomato leaf,450,0,529,98
dscn1652cropped_jpg.rf.674820bff2ae33d0a9473a702d903bf9.jpg,640,640,Tomato leaf,445,519,491,562
image233_jpg.rf.66832499dc572713d78d4286b03200d3.jpg,640,640,Tomato mold leaf,159,39,436,186
image233_jpg.rf.66832499dc572713d78d4286b03200d3.jpg,640,640,Tomato mold leaf,149,189,602,505
kg32-beefsteak-tomatoes-08_lg_jpg.rf.0bb75f7e550ecb83ebede033037833cd.jpg,640,640,Tomato leaf late blight,330,104,512,604
kg32-beefsteak-tomatoes-08_lg_jpg.rf.0bb75f7e550ecb83ebede033037833cd.jpg,640,640,Tomato leaf late blight,204,255,364,638
DSC01999-JPG_jpg.rf.57ab55d0b91a6f3693763e7993704f7d.jpg,640,640,Tomato leaf,95,183,192,229
DSC01999-JPG_jpg.rf.57ab55d0b91a6f3693763e7993704f7d.jpg,640,640,Tomato leaf,355,216,421,265
DSC01999-JPG_jpg.rf.57ab55d0b91a6f3693763e7993704f7d.jpg,640,640,Tomato leaf,41,209,161,276
DSC01999-JPG_jpg.rf.57ab55d0b91a6f3693763e7993704f7d.jpg,640,640,Tomato leaf,244,214,331,298
DSC01999-JPG_jpg.rf.57ab55d0b91a6f3693763e7993704f7d.jpg,640,640,Tomato leaf,239,279,348,370
DSC01999-JPG_jpg.rf.57ab55d0b91a6f3693763e7993704f7d.jpg,640,640,Tomato leaf,362,342,393,387
DSC01999-JPG_jpg.rf.57ab55d0b91a6f3693763e7993704f7d.jpg,640,640,Tomato leaf,61,329,173,433
DSC01999-JPG_jpg.rf.57ab55d0b91a6f3693763e7993704f7d.jpg,640,640,Tomato leaf,273,332,329,446
DSC01999-JPG_jpg.rf.57ab55d0b91a6f3693763e7993704f7d.jpg,640,640,Tomato leaf,423,379,471,452
DSC01999-JPG_jpg.rf.57ab55d0b91a6f3693763e7993704f7d.jpg,640,640,Tomato leaf,320,465,368,508
DSC01999-JPG_jpg.rf.57ab55d0b91a6f3693763e7993704f7d.jpg,640,640,Tomato leaf,269,447,336,528
DSC01999-JPG_jpg.rf.57ab55d0b91a6f3693763e7993704f7d.jpg,640,640,Tomato leaf,379,472,436,523
DSC01999-JPG_jpg.rf.57ab55d0b91a6f3693763e7993704f7d.jpg,640,640,Tomato leaf,409,469,483,560
DSC01999-JPG_jpg.rf.57ab55d0b91a6f3693763e7993704f7d.jpg,640,640,Tomato leaf,309,517,363,566
DSC01999-JPG_jpg.rf.57ab55d0b91a6f3693763e7993704f7d.jpg,640,640,Tomato leaf,375,529,427,560
DSC01999-JPG_jpg.rf.57ab55d0b91a6f3693763e7993704f7d.jpg,640,640,Tomato leaf,27,456,136,633
DSC01999-JPG_jpg.rf.57ab55d0b91a6f3693763e7993704f7d.jpg,640,640,Tomato leaf,381,569,455,640
DSC01999-JPG_jpg.rf.57ab55d0b91a6f3693763e7993704f7d.jpg,640,640,Tomato leaf,276,579,355,639
septoria_tomato_jpg.rf.a36f1026675388d210b055151e3551d8.jpg,640,640,Tomato Septoria leaf spot,0,0,638,638
septoria_tom_leaves1x1200_jpg.rf.b33517a38542c4a36df6ecd058dbee0a.jpg,640,640,Tomato Septoria leaf spot,94,81,266,205
septoria_tom_leaves1x1200_jpg.rf.b33517a38542c4a36df6ecd058dbee0a.jpg,640,640,Tomato Septoria leaf spot,18,155,415,367
septoria_tom_leaves1x1200_jpg.rf.b33517a38542c4a36df6ecd058dbee0a.jpg,640,640,Tomato Septoria leaf spot,298,299,527,639
tomato-plant-diseases-identification-leaf-spot-tomato-disease-tomato-plant-fungus-identification_jpg.rf.322ea817e1d2f7574e4607a0cb8ec024.jpg,640,640,Tomato leaf late blight,471,8,637,212
tomato-plant-diseases-identification-leaf-spot-tomato-disease-tomato-plant-fungus-identification_jpg.rf.322ea817e1d2f7574e4607a0cb8ec024.jpg,640,640,Tomato leaf late blight,137,44,397,468
stock-photo-bacterial-spot-on-tomato-559799107_jpg.rf.34e37faa1efc7f93db072ee997d529c8.jpg,640,640,Tomato leaf mosaic virus,6,297,288,605
stock-photo-bacterial-spot-on-tomato-559799107_jpg.rf.34e37faa1efc7f93db072ee997d529c8.jpg,640,640,Tomato leaf mosaic virus,65,42,534,591
septoria_leaf_spot_of_tomato-1500x750_jpg.rf.5c6519b28f4ca11efe3c292aa1a04677.jpg,640,640,Tomato Septoria leaf spot,219,20,430,638
septoria_leaf_spot_of_tomato-1500x750_jpg.rf.5c6519b28f4ca11efe3c292aa1a04677.jpg,640,640,Tomato Septoria leaf spot,76,17,256,161
Tomato-20bacterial-20canker-JPG_jpg.rf.31dd95ecb43ae2f6c9099943af45d840.jpg,640,640,Tomato Early blight leaf,36,88,639,589
Tomato-2BBacterial-2BSpot-2Bon-2BLeaves_jpg.rf.724077883c16739b440363ab044b7e3f.jpg,640,640,Tomato leaf mosaic virus,11,20,506,586
Tomato-20bacterial-20canker_JPG_jpg.rf.b1211efa07ee7b2895bba8ca62387f62.jpg,640,640,Tomato leaf mosaic virus,45,38,628,532
Tomato-2Bleaf_jpg.rf.6630993ceb14aafb2551bd2b5a2744d1.jpg,640,640,Tomato leaf bacterial spot,354,272,638,596
Tomato-2Bleaf_jpg.rf.6630993ceb14aafb2551bd2b5a2744d1.jpg,640,640,Tomato leaf bacterial spot,271,268,465,591
Tomato-2Bleaf_jpg.rf.6630993ceb14aafb2551bd2b5a2744d1.jpg,640,640,Tomato leaf bacterial spot,2,261,271,559
Tomato-2Bleaf_jpg.rf.6630993ceb14aafb2551bd2b5a2744d1.jpg,640,640,Tomato leaf bacterial spot,309,0,636,355
Tomato-2Bleaf_jpg.rf.6630993ceb14aafb2551bd2b5a2744d1.jpg,640,640,Tomato leaf bacterial spot,195,76,359,313
img_6564_jpg.rf.ec7392e1084cf59dd2d1d80087a95e7b.jpg,640,640,Tomato Septoria leaf spot,52,384,179,576
img_6564_jpg.rf.ec7392e1084cf59dd2d1d80087a95e7b.jpg,640,640,Tomato Septoria leaf spot,505,378,633,550
img_6564_jpg.rf.ec7392e1084cf59dd2d1d80087a95e7b.jpg,640,640,Tomato Septoria leaf spot,319,422,493,633
img_6564_jpg.rf.ec7392e1084cf59dd2d1d80087a95e7b.jpg,640,640,Tomato Septoria leaf spot,154,218,294,416
23633262_1572609386115825_1396180255_o_jpg.rf.68bd9a358f174bf4d49c71ab851917b5.jpg,640,640,Tomato mold leaf,116,120,436,517
img_6564_jpg.rf.553ae16f4e8587f7b4a529352679e263.jpg,640,640,Tomato Septoria leaf spot,53,383,182,579
img_6564_jpg.rf.553ae16f4e8587f7b4a529352679e263.jpg,640,640,Tomato Septoria leaf spot,508,376,639,550
img_6564_jpg.rf.553ae16f4e8587f7b4a529352679e263.jpg,640,640,Tomato Septoria leaf spot,320,422,494,639
img_6564_jpg.rf.553ae16f4e8587f7b4a529352679e263.jpg,640,640,Tomato Septoria leaf spot,155,220,297,417
IMG_5368_jpg.rf.1cd0e995a3390f70f4dc72f9f66f8f90.jpg,640,640,Tomato leaf yellow virus,17,162,561,580
36ca1410e232eec4a8003fe411246820_jpg.rf.f37a534a913d87bffc1a09f0984d9007.jpg,640,640,Tomato leaf bacterial spot,192,302,303,463
36ca1410e232eec4a8003fe411246820_jpg.rf.f37a534a913d87bffc1a09f0984d9007.jpg,640,640,Tomato leaf bacterial spot,297,326,405,520
36ca1410e232eec4a8003fe411246820_jpg.rf.f37a534a913d87bffc1a09f0984d9007.jpg,640,640,Tomato leaf bacterial spot,100,474,188,612
36ca1410e232eec4a8003fe411246820_jpg.rf.f37a534a913d87bffc1a09f0984d9007.jpg,640,640,Tomato leaf bacterial spot,210,466,339,569
36ca1410e232eec4a8003fe411246820_jpg.rf.f37a534a913d87bffc1a09f0984d9007.jpg,640,640,Tomato leaf bacterial spot,365,41,502,134
36ca1410e232eec4a8003fe411246820_jpg.rf.f37a534a913d87bffc1a09f0984d9007.jpg,640,640,Tomato leaf bacterial spot,82,254,182,457
36ca1410e232eec4a8003fe411246820_jpg.rf.f37a534a913d87bffc1a09f0984d9007.jpg,640,640,Tomato leaf bacterial spot,468,466,595,637
36ca1410e232eec4a8003fe411246820_jpg.rf.f37a534a913d87bffc1a09f0984d9007.jpg,640,640,Tomato leaf bacterial spot,446,294,579,435
5MF373567BRESX5FMK3I3QMGFA_jpg.rf.b2fbd4a69e77215accc5864eb1c4603d.jpg,640,640,Tomato Early blight leaf,272,247,519,640
5MF373567BRESX5FMK3I3QMGFA_jpg.rf.b2fbd4a69e77215accc5864eb1c4603d.jpg,640,640,Tomato Early blight leaf,212,18,403,242
TomatoDisease_IMG_2744_2016Jul01_original-JPG-1472858324_jpg.rf.e0c6fa8aa2e383c8b6a1e88299ca5d5d.jpg,640,640,Tomato Septoria leaf spot,230,85,419,249
TomatoDisease_IMG_2744_2016Jul01_original-JPG-1472858324_jpg.rf.e0c6fa8aa2e383c8b6a1e88299ca5d5d.jpg,640,640,Tomato Septoria leaf spot,448,188,554,308
TomatoDisease_IMG_2744_2016Jul01_original-JPG-1472858324_jpg.rf.e0c6fa8aa2e383c8b6a1e88299ca5d5d.jpg,640,640,Tomato Septoria leaf spot,472,242,637,391
TomatoDisease_IMG_2744_2016Jul01_original-JPG-1472858324_jpg.rf.e0c6fa8aa2e383c8b6a1e88299ca5d5d.jpg,640,640,Tomato Septoria leaf spot,375,288,478,420
TomatoDisease_IMG_2744_2016Jul01_original-JPG-1472858324_jpg.rf.e0c6fa8aa2e383c8b6a1e88299ca5d5d.jpg,640,640,Tomato Septoria leaf spot,54,226,388,409
TomatoDisease_IMG_2744_2016Jul01_original-JPG-1472858324_jpg.rf.e0c6fa8aa2e383c8b6a1e88299ca5d5d.jpg,640,640,Tomato Septoria leaf spot,154,374,314,468
TomatoDisease_IMG_2744_2016Jul01_original-JPG-1472858324_jpg.rf.e0c6fa8aa2e383c8b6a1e88299ca5d5d.jpg,640,640,Tomato Septoria leaf spot,202,430,326,541
TomatoDisease_IMG_2744_2016Jul01_original-JPG-1472858324_jpg.rf.e0c6fa8aa2e383c8b6a1e88299ca5d5d.jpg,640,640,Tomato Septoria leaf spot,272,0,463,134
TomatoDisease_IMG_2744_2016Jul01_original-JPG-1472858324_jpg.rf.e0c6fa8aa2e383c8b6a1e88299ca5d5d.jpg,640,640,Tomato Septoria leaf spot,51,0,208,122
tomatoseptorialeafspotjpg-788d20798a3c74e7_jpg.rf.dda3a6ef4c970216d1a2cbcc5bbaeaff.jpg,640,640,Tomato Septoria leaf spot,26,39,563,590
tomatoseptorialeafspotjpg-788d20798a3c74e7_jpg.rf.aea411e97c75238f44d3462111d44256.jpg,640,640,Tomato Septoria leaf spot,17,27,575,598
tomato_bacterial-speck_01_zoom_jpg.rf.c2b6de2db77341dfc066a296fb8f6cb9.jpg,640,640,Tomato leaf late blight,3,84,635,521
TomatoLeafMold1-50QUALITY-16lgkq6_jpg.rf.7b2f19a54a29a63ad639bb332c36d043.jpg,640,640,Tomato mold leaf,107,77,639,591
tomatodisease001sm_jpg.rf.50f56c456f364f9f20b4f740489bf8fc.jpg,640,640,Tomato leaf,70,237,147,429
tomatodisease001sm_jpg.rf.50f56c456f364f9f20b4f740489bf8fc.jpg,640,640,Tomato leaf,173,243,301,423
tomatodisease001sm_jpg.rf.50f56c456f364f9f20b4f740489bf8fc.jpg,640,640,Tomato leaf,359,390,442,493
tomatodisease001sm_jpg.rf.50f56c456f364f9f20b4f740489bf8fc.jpg,640,640,Tomato leaf,384,409,505,634
tomatodisease001sm_jpg.rf.50f56c456f364f9f20b4f740489bf8fc.jpg,640,640,Tomato leaf,492,409,628,634
tomatodisease001sm_jpg.rf.50f56c456f364f9f20b4f740489bf8fc.jpg,640,640,Tomato leaf,390,256,448,339
tomatodisease001sm_jpg.rf.50f56c456f364f9f20b4f740489bf8fc.jpg,640,640,Tomato leaf,365,45,473,199
tomatodisease001sm_jpg.rf.50f56c456f364f9f20b4f740489bf8fc.jpg,640,640,Tomato leaf,480,173,569,282
comparing-diseases-4-canker-tomato-1y51ejs_jpg.rf.efe2c56c576067872db2d6700588aa15.jpg,640,640,Tomato leaf late blight,441,28,497,128
comparing-diseases-4-canker-tomato-1y51ejs_jpg.rf.efe2c56c576067872db2d6700588aa15.jpg,640,640,Tomato leaf late blight,146,58,312,314
comparing-diseases-4-canker-tomato-1y51ejs_jpg.rf.efe2c56c576067872db2d6700588aa15.jpg,640,640,Tomato leaf late blight,0,93,208,376
comparing-diseases-4-canker-tomato-1y51ejs_jpg.rf.efe2c56c576067872db2d6700588aa15.jpg,640,640,Tomato leaf late blight,303,168,388,281
comparing-diseases-4-canker-tomato-1y51ejs_jpg.rf.efe2c56c576067872db2d6700588aa15.jpg,640,640,Tomato leaf late blight,400,133,488,302
comparing-diseases-4-canker-tomato-1y51ejs_jpg.rf.efe2c56c576067872db2d6700588aa15.jpg,640,640,Tomato leaf late blight,352,150,438,307
comparing-diseases-4-canker-tomato-1y51ejs_jpg.rf.efe2c56c576067872db2d6700588aa15.jpg,640,640,Tomato leaf late blight,513,116,630,279
comparing-diseases-4-canker-tomato-1y51ejs_jpg.rf.efe2c56c576067872db2d6700588aa15.jpg,640,640,Tomato Early blight leaf,53,369,321,640
comparing-diseases-4-canker-tomato-1y51ejs_jpg.rf.efe2c56c576067872db2d6700588aa15.jpg,640,640,Tomato leaf late blight,273,4,392,139
comparing-diseases-4-canker-tomato-1y51ejs_jpg.rf.efe2c56c576067872db2d6700588aa15.jpg,640,640,Tomato leaf late blight,328,0,442,151
RyBx7MH_jpg.rf.6d0700526e90ced45be0c785b74e273a.jpg,640,640,Tomato leaf mosaic virus,6,129,628,538
russian-2-319-dt-2010-leaves-high-tunnel-9-29-2014-c_jpg.rf.8ff5a6cf7ad7c884c08c01f9d8131cf9.jpg,640,640,Tomato leaf bacterial spot,292,6,405,217
russian-2-319-dt-2010-leaves-high-tunnel-9-29-2014-c_jpg.rf.8ff5a6cf7ad7c884c08c01f9d8131cf9.jpg,640,640,Tomato leaf bacterial spot,394,5,501,308
russian-2-319-dt-2010-leaves-high-tunnel-9-29-2014-c_jpg.rf.8ff5a6cf7ad7c884c08c01f9d8131cf9.jpg,640,640,Tomato leaf bacterial spot,91,102,268,285
russian-2-319-dt-2010-leaves-high-tunnel-9-29-2014-c_jpg.rf.8ff5a6cf7ad7c884c08c01f9d8131cf9.jpg,640,640,Tomato leaf bacterial spot,485,264,567,358
russian-2-319-dt-2010-leaves-high-tunnel-9-29-2014-c_jpg.rf.8ff5a6cf7ad7c884c08c01f9d8131cf9.jpg,640,640,Tomato leaf bacterial spot,69,281,162,494
russian-2-319-dt-2010-leaves-high-tunnel-9-29-2014-c_jpg.rf.8ff5a6cf7ad7c884c08c01f9d8131cf9.jpg,640,640,Tomato leaf bacterial spot,442,386,616,640
russian-2-319-dt-2010-leaves-high-tunnel-9-29-2014-c_jpg.rf.8ff5a6cf7ad7c884c08c01f9d8131cf9.jpg,640,640,Tomato leaf bacterial spot,238,418,337,609
psyllid-yellows_jpg.rf.8db6e9fb1cc3da2fc58fe34c1fe0aae9.jpg,640,640,Tomato leaf bacterial spot,0,448,89,602
psyllid-yellows_jpg.rf.8db6e9fb1cc3da2fc58fe34c1fe0aae9.jpg,640,640,Tomato leaf bacterial spot,326,83,409,231
psyllid-yellows_jpg.rf.8db6e9fb1cc3da2fc58fe34c1fe0aae9.jpg,640,640,Tomato leaf bacterial spot,359,390,468,499
psyllid-yellows_jpg.rf.8db6e9fb1cc3da2fc58fe34c1fe0aae9.jpg,640,640,Tomato leaf bacterial spot,436,403,513,569
psyllid-yellows_jpg.rf.8db6e9fb1cc3da2fc58fe34c1fe0aae9.jpg,640,640,Tomato leaf bacterial spot,511,435,627,538
psyllid-yellows_jpg.rf.8db6e9fb1cc3da2fc58fe34c1fe0aae9.jpg,640,640,Tomato leaf bacterial spot,441,263,538,360
psyllid-yellows_jpg.rf.8db6e9fb1cc3da2fc58fe34c1fe0aae9.jpg,640,640,Tomato leaf bacterial spot,223,275,275,422
psyllid-yellows_jpg.rf.8db6e9fb1cc3da2fc58fe34c1fe0aae9.jpg,640,640,Tomato leaf bacterial spot,141,236,236,378
psyllid-yellows_jpg.rf.8db6e9fb1cc3da2fc58fe34c1fe0aae9.jpg,640,640,Tomato leaf bacterial spot,224,199,307,326
psyllid-yellows_jpg.rf.8db6e9fb1cc3da2fc58fe34c1fe0aae9.jpg,640,640,Tomato leaf bacterial spot,243,109,326,243
comparing-diseases-4-canker-tomato-1y51ejs_jpg.rf.ba2fe2767b8af3bb0fefa8d47b232de0.jpg,640,640,Tomato Early blight leaf,40,357,260,605
comparing-diseases-4-canker-tomato-1y51ejs_jpg.rf.ba2fe2767b8af3bb0fefa8d47b232de0.jpg,640,640,Tomato leaf mosaic virus,200,54,320,289
comparing-diseases-4-canker-tomato-1y51ejs_jpg.rf.ba2fe2767b8af3bb0fefa8d47b232de0.jpg,640,640,Tomato leaf mosaic virus,20,65,208,312
comparing-diseases-4-canker-tomato-1y51ejs_jpg.rf.ba2fe2767b8af3bb0fefa8d47b232de0.jpg,640,640,Tomato leaf mosaic virus,337,22,432,140
comparing-diseases-4-canker-tomato-1y51ejs_jpg.rf.ba2fe2767b8af3bb0fefa8d47b232de0.jpg,640,640,Tomato leaf mosaic virus,334,183,397,283
comparing-diseases-4-canker-tomato-1y51ejs_jpg.rf.ba2fe2767b8af3bb0fefa8d47b232de0.jpg,640,640,Tomato leaf mosaic virus,385,173,440,322
comparing-diseases-4-canker-tomato-1y51ejs_jpg.rf.ba2fe2767b8af3bb0fefa8d47b232de0.jpg,640,640,Tomato leaf mosaic virus,397,17,475,163
comparing-diseases-4-canker-tomato-1y51ejs_jpg.rf.ba2fe2767b8af3bb0fefa8d47b232de0.jpg,640,640,Tomato leaf mosaic virus,500,68,535,163
comparing-diseases-4-canker-tomato-1y51ejs_jpg.rf.ba2fe2767b8af3bb0fefa8d47b232de0.jpg,640,640,Tomato leaf mosaic virus,548,179,635,326
comparing-diseases-4-canker-tomato-1y51ejs_jpg.rf.ba2fe2767b8af3bb0fefa8d47b232de0.jpg,640,640,Tomato leaf mosaic virus,435,165,491,326
tomato-septoria-5-500x384_jpg.rf.39cc6859cd2d2787816875aabb12f980.jpg,640,640,Tomato Septoria leaf spot,242,120,416,488
tomato-septoria-5_jpg.rf.1cad4079f544f39bfd3d022f8cafb34b.jpg,640,640,Tomato Septoria leaf spot,125,215,494,443
late_blight_2013_longisland2x1200_jpg.rf.93904dcb38dbf4cdc7ef7b21c1c638da.jpg,640,640,Tomato leaf yellow virus,8,8,632,629
late_blight_drought_leaves1x1200_jpg.rf.233d4c2a2e7d87163c450fe2810f6dd8.jpg,640,640,Tomato leaf yellow virus,242,199,386,343
late_blight_drought_leaves1x1200_jpg.rf.233d4c2a2e7d87163c450fe2810f6dd8.jpg,640,640,Tomato leaf yellow virus,506,319,639,413
late_blight_drought_leaves1x1200_jpg.rf.233d4c2a2e7d87163c450fe2810f6dd8.jpg,640,640,Tomato leaf yellow virus,93,26,213,320
late_blight_drought_leaves1x1200_jpg.rf.233d4c2a2e7d87163c450fe2810f6dd8.jpg,640,640,Tomato leaf yellow virus,187,28,316,349
late_blight_drought_leaves1x1200_jpg.rf.233d4c2a2e7d87163c450fe2810f6dd8.jpg,640,640,Tomato leaf yellow virus,405,5,568,197
late_blight_drought_leaves1x1200_jpg.rf.233d4c2a2e7d87163c450fe2810f6dd8.jpg,640,640,Tomato leaf yellow virus,520,395,632,583
late_blight_drought_leaves1x1200_jpg.rf.233d4c2a2e7d87163c450fe2810f6dd8.jpg,640,640,Tomato leaf yellow virus,375,377,503,575
late_blight_drought_leaves1x1200_jpg.rf.233d4c2a2e7d87163c450fe2810f6dd8.jpg,640,640,Tomato leaf yellow virus,348,211,482,383
late_blight_drought_leaves1x1200_jpg.rf.233d4c2a2e7d87163c450fe2810f6dd8.jpg,640,640,Tomato leaf yellow virus,212,400,365,638
late_blight_drought_leaves1x1200_jpg.rf.233d4c2a2e7d87163c450fe2810f6dd8.jpg,640,640,Tomato leaf yellow virus,148,357,288,517
late_blight_drought_leaves1x1200_jpg.rf.233d4c2a2e7d87163c450fe2810f6dd8.jpg,640,640,Tomato leaf yellow virus,51,302,185,566
late_blight_drought_leaves1x1200_jpg.rf.233d4c2a2e7d87163c450fe2810f6dd8.jpg,640,640,Tomato leaf yellow virus,1,112,97,431
img_1028_jpg.rf.bd5410de6509889f4a1826ddb9c0628e.jpg,640,640,Tomato leaf late blight,109,108,455,627
IMG_1526_jpg.rf.dab9ea9e0af0c13926bcff3666f769d1.jpg,640,640,Tomato leaf yellow virus,141,57,544,595
tomato-plant-virus-tomato-yellow-leaf-curl-virus-tomato-plant-disease-mosaic-virus_jpg.rf.cfa24ffd58ab8776d0d19cd59007c071.jpg,640,640,Tomato leaf,58,112,144,214
tomato-plant-virus-tomato-yellow-leaf-curl-virus-tomato-plant-disease-mosaic-virus_jpg.rf.cfa24ffd58ab8776d0d19cd59007c071.jpg,640,640,Tomato leaf,0,126,71,245
tomato-plant-virus-tomato-yellow-leaf-curl-virus-tomato-plant-disease-mosaic-virus_jpg.rf.cfa24ffd58ab8776d0d19cd59007c071.jpg,640,640,Tomato leaf,300,64,400,193
tomato-plant-virus-tomato-yellow-leaf-curl-virus-tomato-plant-disease-mosaic-virus_jpg.rf.cfa24ffd58ab8776d0d19cd59007c071.jpg,640,640,Tomato leaf,313,229,410,326
tomato-plant-virus-tomato-yellow-leaf-curl-virus-tomato-plant-disease-mosaic-virus_jpg.rf.cfa24ffd58ab8776d0d19cd59007c071.jpg,640,640,Tomato leaf,368,179,609,359
tomato-plant-virus-tomato-yellow-leaf-curl-virus-tomato-plant-disease-mosaic-virus_jpg.rf.cfa24ffd58ab8776d0d19cd59007c071.jpg,640,640,Tomato leaf,1,334,118,451
tomato-plant-virus-tomato-yellow-leaf-curl-virus-tomato-plant-disease-mosaic-virus_jpg.rf.cfa24ffd58ab8776d0d19cd59007c071.jpg,640,640,Tomato leaf,169,289,414,486
tomato-plant-virus-tomato-yellow-leaf-curl-virus-tomato-plant-disease-mosaic-virus_jpg.rf.cfa24ffd58ab8776d0d19cd59007c071.jpg,640,640,Tomato leaf,238,428,378,594
tomato-plant-virus-tomato-yellow-leaf-curl-virus-tomato-plant-disease-mosaic-virus_jpg.rf.cfa24ffd58ab8776d0d19cd59007c071.jpg,640,640,Tomato leaf,381,369,577,623
tomato-plant-virus-tomato-yellow-leaf-curl-virus-tomato-plant-disease-mosaic-virus_jpg.rf.cfa24ffd58ab8776d0d19cd59007c071.jpg,640,640,Tomato leaf,95,46,216,194
tomato-plant-virus-tomato-yellow-leaf-curl-virus-tomato-plant-disease-mosaic-virus_jpg.rf.cfa24ffd58ab8776d0d19cd59007c071.jpg,640,640,Tomato leaf,388,3,524,119
tomato_blight_early_jpg.rf.d3e4ce6a31b06b6f60beb66b3c849cc5.jpg,640,640,Tomato Early blight leaf,391,282,557,513
tomato_blight_early_jpg.rf.d3e4ce6a31b06b6f60beb66b3c849cc5.jpg,640,640,Tomato Early blight leaf,429,153,634,301
tomato_blight_early_jpg.rf.d3e4ce6a31b06b6f60beb66b3c849cc5.jpg,640,640,Tomato Early blight leaf,205,128,308,326
tomato_blight_early_jpg.rf.d3e4ce6a31b06b6f60beb66b3c849cc5.jpg,640,640,Tomato Early blight leaf,282,238,403,384
tomato_blight_early_jpg.rf.d3e4ce6a31b06b6f60beb66b3c849cc5.jpg,640,640,Tomato Early blight leaf,365,19,589,90
tomato_blight_early_jpg.rf.d3e4ce6a31b06b6f60beb66b3c849cc5.jpg,640,640,Tomato Early blight leaf,13,19,256,135
HighTunnel_TLM5_jpg.rf.756cdc02218e754e137f54d2f6e0856a.jpg,640,640,Tomato mold leaf,92,0,532,637
halleck_tomato_earlyblight__inline-half_jpg.rf.7ca4ba2750721215fb26c96ae7845413.jpg,640,640,Tomato Early blight leaf,89,38,462,557
Tomato_Blight_Leaves-JPG_jpg.rf.2819f43cc46e72626f564ba46e850423.jpg,640,640,Tomato Early blight leaf,118,432,314,639
Tomato_Blight_Leaves-JPG_jpg.rf.2819f43cc46e72626f564ba46e850423.jpg,640,640,Tomato Early blight leaf,256,312,358,479
Tomato_Blight_Leaves-JPG_jpg.rf.2819f43cc46e72626f564ba46e850423.jpg,640,640,Tomato Early blight leaf,335,315,507,438
Tomato_Blight_Leaves-JPG_jpg.rf.2819f43cc46e72626f564ba46e850423.jpg,640,640,Tomato Early blight leaf,523,81,640,318
Tomato_Blight_Leaves-JPG_jpg.rf.2819f43cc46e72626f564ba46e850423.jpg,640,640,Tomato Early blight leaf,180,0,378,274
HighTunnel_TLM5_jpg.rf.28ef67b04f721dec5b668f90c920c799.jpg,640,640,Tomato mold leaf,112,0,541,632
late_blight_tomato_transplant2x1200_jpg.rf.4e27c9a63dbfd814299bce7348144a81.jpg,640,640,Tomato leaf yellow virus,90,57,513,601
late_blight_tomato_leaf__jpg.rf.fd730a69743bd2c21816ec731e112e0d.jpg,640,640,Tomato leaf yellow virus,64,358,108,538
late_blight_tomato_leaf__jpg.rf.fd730a69743bd2c21816ec731e112e0d.jpg,640,640,Tomato leaf yellow virus,0,45,122,332
late_blight_tomato_leaf__jpg.rf.fd730a69743bd2c21816ec731e112e0d.jpg,640,640,Tomato leaf yellow virus,454,6,525,128
late_blight_tomato_leaf__jpg.rf.fd730a69743bd2c21816ec731e112e0d.jpg,640,640,Tomato leaf yellow virus,537,166,634,506
late_blight_tomato_leaf__jpg.rf.fd730a69743bd2c21816ec731e112e0d.jpg,640,640,Tomato leaf yellow virus,378,198,544,372
late_blight_tomato_leaf__jpg.rf.fd730a69743bd2c21816ec731e112e0d.jpg,640,640,Tomato leaf yellow virus,166,435,397,570
late_blight_tomato_leaf__jpg.rf.fd730a69743bd2c21816ec731e112e0d.jpg,640,640,Tomato leaf yellow virus,192,166,423,371
late-blight-TomC2-10_jpg.rf.8c6ec3d252ac2a3d0a1ca470a4282ff2.jpg,640,640,Tomato leaf mosaic virus,195,269,423,463
droppedImage_3_jpg.rf.ac71720b08099466243b57090ff3a275.jpg,640,640,Tomato leaf late blight,0,63,638,638
dscn3168_jpg.rf.47ba52163fb001dd1b8af0ce1e2d7fcd.jpg,640,640,Tomato Early blight leaf,224,423,288,583
dscn3168_jpg.rf.47ba52163fb001dd1b8af0ce1e2d7fcd.jpg,640,640,Tomato Early blight leaf,301,409,378,583
dscn3168_jpg.rf.47ba52163fb001dd1b8af0ce1e2d7fcd.jpg,640,640,Tomato Early blight leaf,313,288,345,384
dscn3168_jpg.rf.47ba52163fb001dd1b8af0ce1e2d7fcd.jpg,640,640,Tomato Early blight leaf,359,187,430,276
dscn3168_jpg.rf.47ba52163fb001dd1b8af0ce1e2d7fcd.jpg,640,640,Tomato Early blight leaf,513,455,602,621
dscn3168_jpg.rf.47ba52163fb001dd1b8af0ce1e2d7fcd.jpg,640,640,Tomato Early blight leaf,467,339,511,436
dscn3168_jpg.rf.47ba52163fb001dd1b8af0ce1e2d7fcd.jpg,640,640,Tomato Early blight leaf,57,166,121,391
dscn3168_jpg.rf.47ba52163fb001dd1b8af0ce1e2d7fcd.jpg,640,640,Tomato Early blight leaf,102,0,173,192
dscn3168_jpg.rf.47ba52163fb001dd1b8af0ce1e2d7fcd.jpg,640,640,Tomato Early blight leaf,128,179,166,256
dscn3168_jpg.rf.47ba52163fb001dd1b8af0ce1e2d7fcd.jpg,640,640,Tomato leaf late blight,231,224,275,313
dscn3168_jpg.rf.47ba52163fb001dd1b8af0ce1e2d7fcd.jpg,640,640,Tomato leaf late blight,435,123,468,263
dscn3168_jpg.rf.47ba52163fb001dd1b8af0ce1e2d7fcd.jpg,640,640,Tomato leaf late blight,601,352,634,460
dscn3168_jpg.rf.47ba52163fb001dd1b8af0ce1e2d7fcd.jpg,640,640,Tomato Early blight leaf,192,89,237,237
dscn3168_jpg.rf.47ba52163fb001dd1b8af0ce1e2d7fcd.jpg,640,640,Tomato leaf late blight,307,187,359,276
dscn3168_jpg.rf.47ba52163fb001dd1b8af0ce1e2d7fcd.jpg,640,640,Tomato leaf late blight,499,141,544,205
dscn3168_jpg.rf.47ba52163fb001dd1b8af0ce1e2d7fcd.jpg,640,640,Tomato leaf late blight,493,83,538,142
dscn3168_jpg.rf.47ba52163fb001dd1b8af0ce1e2d7fcd.jpg,640,640,Tomato leaf late blight,6,428,65,544
dscn3168_jpg.rf.47ba52163fb001dd1b8af0ce1e2d7fcd.jpg,640,640,Tomato Early blight leaf,262,13,321,90
dscn3168_jpg.rf.47ba52163fb001dd1b8af0ce1e2d7fcd.jpg,640,640,Tomato leaf late blight,576,102,621,224
DSCN2697_jpg.rf.8da7a794d147a88356ad623b0285c78e.jpg,640,640,Tomato mold leaf,147,122,602,513
DSC01999-JPG_jpg.rf.fa340348dc0ae3b05fd7f743b83a4186.jpg,640,640,Tomato leaf,95,414,194,461
DSC01999-JPG_jpg.rf.fa340348dc0ae3b05fd7f743b83a4186.jpg,640,640,Tomato leaf,356,374,422,425
DSC01999-JPG_jpg.rf.fa340348dc0ae3b05fd7f743b83a4186.jpg,640,640,Tomato leaf,41,368,164,437
DSC01999-JPG_jpg.rf.fa340348dc0ae3b05fd7f743b83a4186.jpg,640,640,Tomato leaf,245,341,333,427
DSC01999-JPG_jpg.rf.fa340348dc0ae3b05fd7f743b83a4186.jpg,640,640,Tomato leaf,238,269,347,362
DSC01999-JPG_jpg.rf.fa340348dc0ae3b05fd7f743b83a4186.jpg,640,640,Tomato leaf,361,252,393,296
DSC01999-JPG_jpg.rf.fa340348dc0ae3b05fd7f743b83a4186.jpg,640,640,Tomato leaf,59,209,173,316
DSC01999-JPG_jpg.rf.fa340348dc0ae3b05fd7f743b83a4186.jpg,640,640,Tomato leaf,272,196,329,310
DSC01999-JPG_jpg.rf.fa340348dc0ae3b05fd7f743b83a4186.jpg,640,640,Tomato leaf,421,186,470,259
DSC01999-JPG_jpg.rf.fa340348dc0ae3b05fd7f743b83a4186.jpg,640,640,Tomato leaf,317,132,366,175
DSC01999-JPG_jpg.rf.fa340348dc0ae3b05fd7f743b83a4186.jpg,640,640,Tomato leaf,265,112,334,195
DSC01999-JPG_jpg.rf.fa340348dc0ae3b05fd7f743b83a4186.jpg,640,640,Tomato leaf,376,115,433,168
DSC01999-JPG_jpg.rf.fa340348dc0ae3b05fd7f743b83a4186.jpg,640,640,Tomato leaf,405,78,480,172
DSC01999-JPG_jpg.rf.fa340348dc0ae3b05fd7f743b83a4186.jpg,640,640,Tomato leaf,306,73,360,122
DSC01999-JPG_jpg.rf.fa340348dc0ae3b05fd7f743b83a4186.jpg,640,640,Tomato leaf,370,78,424,111
DSC01999-JPG_jpg.rf.fa340348dc0ae3b05fd7f743b83a4186.jpg,640,640,Tomato leaf,21,11,134,189
DSC01999-JPG_jpg.rf.fa340348dc0ae3b05fd7f743b83a4186.jpg,640,640,Tomato leaf,375,0,449,72
DSC01999-JPG_jpg.rf.fa340348dc0ae3b05fd7f743b83a4186.jpg,640,640,Tomato leaf,269,0,348,62
dscn1652cropped_jpg.rf.57f0b9d70d21ce5f73e04eea8c9e5879.jpg,640,640,Tomato leaf,262,67,304,111
dscn1652cropped_jpg.rf.57f0b9d70d21ce5f73e04eea8c9e5879.jpg,640,640,Tomato leaf,171,50,206,92
dscn1652cropped_jpg.rf.57f0b9d70d21ce5f73e04eea8c9e5879.jpg,640,640,Tomato leaf,367,115,399,158
dscn1652cropped_jpg.rf.57f0b9d70d21ce5f73e04eea8c9e5879.jpg,640,640,Tomato leaf,451,147,480,175
dscn1652cropped_jpg.rf.57f0b9d70d21ce5f73e04eea8c9e5879.jpg,640,640,Tomato leaf,281,121,338,168
dscn1652cropped_jpg.rf.57f0b9d70d21ce5f73e04eea8c9e5879.jpg,640,640,Tomato leaf,199,116,253,162
dscn1652cropped_jpg.rf.57f0b9d70d21ce5f73e04eea8c9e5879.jpg,640,640,Tomato leaf,241,143,273,182
dscn1652cropped_jpg.rf.57f0b9d70d21ce5f73e04eea8c9e5879.jpg,640,640,Tomato leaf,353,198,395,249
dscn1652cropped_jpg.rf.57f0b9d70d21ce5f73e04eea8c9e5879.jpg,640,640,Tomato leaf,425,234,465,271
dscn1652cropped_jpg.rf.57f0b9d70d21ce5f73e04eea8c9e5879.jpg,640,640,Tomato leaf,259,183,299,246
dscn1652cropped_jpg.rf.57f0b9d70d21ce5f73e04eea8c9e5879.jpg,640,640,Tomato leaf,106,153,180,227
dscn1652cropped_jpg.rf.57f0b9d70d21ce5f73e04eea8c9e5879.jpg,640,640,Tomato leaf,234,195,268,239
dscn1652cropped_jpg.rf.57f0b9d70d21ce5f73e04eea8c9e5879.jpg,640,640,Tomato leaf,425,264,483,318
dscn1652cropped_jpg.rf.57f0b9d70d21ce5f73e04eea8c9e5879.jpg,640,640,Tomato leaf,320,322,409,431
dscn1652cropped_jpg.rf.57f0b9d70d21ce5f73e04eea8c9e5879.jpg,640,640,Tomato leaf,0,376,48,442
dscn1652cropped_jpg.rf.57f0b9d70d21ce5f73e04eea8c9e5879.jpg,640,640,Tomato leaf,0,425,75,529
dscn1652cropped_jpg.rf.57f0b9d70d21ce5f73e04eea8c9e5879.jpg,640,640,Tomato leaf,275,35,321,76
DSC01999-JPG_jpg.rf.2b5f92e5c7f7906db1b995c42eb833c0.jpg,640,640,Tomato leaf,103,422,205,476
DSC01999-JPG_jpg.rf.2b5f92e5c7f7906db1b995c42eb833c0.jpg,640,640,Tomato leaf,360,367,429,421
DSC01999-JPG_jpg.rf.2b5f92e5c7f7906db1b995c42eb833c0.jpg,640,640,Tomato leaf,45,379,171,456
DSC01999-JPG_jpg.rf.2b5f92e5c7f7906db1b995c42eb833c0.jpg,640,640,Tomato leaf,247,340,341,432
DSC01999-JPG_jpg.rf.2b5f92e5c7f7906db1b995c42eb833c0.jpg,640,640,Tomato leaf,234,268,351,368
DSC01999-JPG_jpg.rf.2b5f92e5c7f7906db1b995c42eb833c0.jpg,640,640,Tomato leaf,356,247,392,293
DSC01999-JPG_jpg.rf.2b5f92e5c7f7906db1b995c42eb833c0.jpg,640,640,Tomato leaf,53,220,173,334
DSC01999-JPG_jpg.rf.2b5f92e5c7f7906db1b995c42eb833c0.jpg,640,640,Tomato leaf,263,196,328,312
DSC01999-JPG_jpg.rf.2b5f92e5c7f7906db1b995c42eb833c0.jpg,640,640,Tomato leaf,412,176,466,252
DSC01999-JPG_jpg.rf.2b5f92e5c7f7906db1b995c42eb833c0.jpg,640,640,Tomato leaf,303,130,355,176
DSC01999-JPG_jpg.rf.2b5f92e5c7f7906db1b995c42eb833c0.jpg,640,640,Tomato leaf,251,112,325,198
DSC01999-JPG_jpg.rf.2b5f92e5c7f7906db1b995c42eb833c0.jpg,640,640,Tomato leaf,361,108,422,164
DSC01999-JPG_jpg.rf.2b5f92e5c7f7906db1b995c42eb833c0.jpg,640,640,Tomato leaf,388,68,468,165
DSC01999-JPG_jpg.rf.2b5f92e5c7f7906db1b995c42eb833c0.jpg,640,640,Tomato leaf,288,71,345,124
DSC01999-JPG_jpg.rf.2b5f92e5c7f7906db1b995c42eb833c0.jpg,640,640,Tomato leaf,353,72,409,108
DSC01999-JPG_jpg.rf.2b5f92e5c7f7906db1b995c42eb833c0.jpg,640,640,Tomato leaf,2,25,125,210
DSC01999-JPG_jpg.rf.2b5f92e5c7f7906db1b995c42eb833c0.jpg,640,640,Tomato leaf,353,0,432,68
DSC01999-JPG_jpg.rf.2b5f92e5c7f7906db1b995c42eb833c0.jpg,640,640,Tomato leaf,248,0,331,66
septoria_tom_seedlings5x1200_jpg.rf.157817a6f10dc9a3b984d863f2a9928a.jpg,640,640,Tomato Septoria leaf spot,0,0,618,440
septoria_tom_seedlings5x1200_jpg.rf.157817a6f10dc9a3b984d863f2a9928a.jpg,640,640,Tomato Septoria leaf spot,26,331,640,638
Shoemaker_7068-JPG_jpg.rf.0cb8df581a3fff34cb5aa2bea8b204dd.jpg,640,640,Tomato Early blight leaf,166,175,466,416
Septoria_tomato_Margaret-20B_p8170755_0002_25004_jpg.rf.1a3aff77f5228bfd1bc2ba67af3aac89.jpg,640,640,Tomato Septoria leaf spot,16,230,116,428
Septoria_tomato_Margaret-20B_p8170755_0002_25004_jpg.rf.1a3aff77f5228bfd1bc2ba67af3aac89.jpg,640,640,Tomato Septoria leaf spot,213,183,435,603
Septoria_tomato_Margaret-20B_p8170755_0002_25004_jpg.rf.1a3aff77f5228bfd1bc2ba67af3aac89.jpg,640,640,Tomato Septoria leaf spot,103,462,199,609
stock-photo-bacterial-spot-on-tomato-559799107_jpg.rf.f93c15f9dc71fc3726cb5009352a8e45.jpg,640,640,Tomato leaf late blight,94,50,532,613
stock-photo-bacterial-spot-on-tomato-559799107_jpg.rf.f93c15f9dc71fc3726cb5009352a8e45.jpg,640,640,Tomato leaf late blight,373,19,636,310
stock-photo-tomato-leaf-isolated-on-white-background-580281301_jpg.rf.4152094c575806736ca605656d8eba0d.jpg,640,640,Tomato leaf late blight,218,211,396,563
stock-photo-tomato-leaf-isolated-on-white-background-580281301_jpg.rf.4152094c575806736ca605656d8eba0d.jpg,640,640,Tomato leaf late blight,103,83,360,308
stock-photo-tomato-leaf-isolated-on-white-background-580281301_jpg.rf.4152094c575806736ca605656d8eba0d.jpg,640,640,Tomato leaf late blight,359,101,563,397
septoria_tom_seedlings5x1200_jpg.rf.b3b2571cb903c9baeca742e06eb7da0d.jpg,640,640,Tomato Septoria leaf spot,0,16,609,390
septoria_tom_seedlings5x1200_jpg.rf.b3b2571cb903c9baeca742e06eb7da0d.jpg,640,640,Tomato Septoria leaf spot,12,383,640,640
stock-photo-bacterial-spot-on-tomato-559799107_jpg.rf.9501c4856b998f58be93793a20097f3c.jpg,640,640,Tomato leaf mosaic virus,6,294,288,601
stock-photo-bacterial-spot-on-tomato-559799107_jpg.rf.9501c4856b998f58be93793a20097f3c.jpg,640,640,Tomato leaf mosaic virus,64,39,531,590
septoria_tomato_jpg.rf.526e43db98cf4fbff0fd67810a3c5e9d.jpg,640,640,Tomato Septoria leaf spot,0,0,638,638
tmv-tomato-9_jpg.rf.988ca2d5bc94210a8fa891a572428612.jpg,640,640,Tomato leaf yellow virus,0,0,638,566
100_8283_jpg.rf.8097a1c5ed9ef27e71574d1b50181bac.jpg,640,640,Tomato leaf late blight,229,350,548,599
100_8283_jpg.rf.8097a1c5ed9ef27e71574d1b50181bac.jpg,640,640,Tomato leaf late blight,243,205,346,265
100_8283_jpg.rf.8097a1c5ed9ef27e71574d1b50181bac.jpg,640,640,Tomato leaf late blight,5,280,128,352
100_8283_jpg.rf.8097a1c5ed9ef27e71574d1b50181bac.jpg,640,640,Tomato leaf late blight,330,273,456,316
100_8283_jpg.rf.8097a1c5ed9ef27e71574d1b50181bac.jpg,640,640,Tomato leaf late blight,363,172,435,277
100_8283_jpg.rf.8097a1c5ed9ef27e71574d1b50181bac.jpg,640,640,Tomato leaf late blight,396,314,605,421
100_8283_jpg.rf.8097a1c5ed9ef27e71574d1b50181bac.jpg,640,640,Tomato leaf late blight,19,129,122,185
100_8283_jpg.rf.8097a1c5ed9ef27e71574d1b50181bac.jpg,640,640,Tomato leaf late blight,445,172,508,206
Tomato-20late-20blight-20lesion-20closeup-2013F-JPG_jpg.rf.9d7f61df1cd0b9e29cd046f974f612b7.jpg,640,640,Tomato leaf mosaic virus,63,204,426,439
0_jpg.rf.1bc56b4877f934b858f60b3ac3b5e298.jpg,640,640,Tomato Septoria leaf spot,325,242,525,449
0_jpg.rf.1bc56b4877f934b858f60b3ac3b5e298.jpg,640,640,Tomato Septoria leaf spot,91,242,311,449
tmv-tomato-16_jpg.rf.d8170e958866d1b3d1cbc9444d2b3b2c.jpg,640,640,Tomato leaf,111,35,612,491
Tomato-20physiologic-20leaf-20roll1F_JPG_jpg.rf.b09006bd31c8c093ffd6f00b4e659e65.jpg,640,640,Tomato leaf late blight,186,240,260,478
Tomato-20physiologic-20leaf-20roll1F_JPG_jpg.rf.b09006bd31c8c093ffd6f00b4e659e65.jpg,640,640,Tomato leaf late blight,151,52,195,228
Tomato-20physiologic-20leaf-20roll1F_JPG_jpg.rf.b09006bd31c8c093ffd6f00b4e659e65.jpg,640,640,Tomato leaf late blight,329,245,383,457
Tomato-20physiologic-20leaf-20roll1F_JPG_jpg.rf.b09006bd31c8c093ffd6f00b4e659e65.jpg,640,640,Tomato leaf late blight,214,97,331,192
TNRV2_jpg.rf.57882a8de624444e124e342bf9fc87d3.jpg,640,640,Tomato leaf,302,454,402,637
TNRV2_jpg.rf.57882a8de624444e124e342bf9fc87d3.jpg,640,640,Tomato leaf,362,277,496,421
TNRV2_jpg.rf.57882a8de624444e124e342bf9fc87d3.jpg,640,640,Tomato leaf,9,231,257,614
Tomato-20late-20blight-20lesion-20closeup-2013F-JPG_jpg.rf.cd11d105d16071f93ccb28699c3f016b.jpg,640,640,Tomato leaf mosaic virus,218,209,573,423
img_6564_jpg.rf.255ec97af08fdaa2f60b74c27b7f6f4b.jpg,640,640,Tomato Septoria leaf spot,149,225,302,429
img_6564_jpg.rf.255ec97af08fdaa2f60b74c27b7f6f4b.jpg,640,640,Tomato Septoria leaf spot,494,76,635,256
img_6564_jpg.rf.255ec97af08fdaa2f60b74c27b7f6f4b.jpg,640,640,Tomato Septoria leaf spot,54,60,180,223
img_6564_jpg.rf.255ec97af08fdaa2f60b74c27b7f6f4b.jpg,640,640,Tomato Septoria leaf spot,476,514,532,578
img_6635_jpg.rf.533dc5cab49ce865385bc6a6d35939c1.jpg,640,640,Tomato leaf late blight,191,274,263,429
img_6635_jpg.rf.533dc5cab49ce865385bc6a6d35939c1.jpg,640,640,Tomato leaf late blight,138,254,197,369
img_6635_jpg.rf.533dc5cab49ce865385bc6a6d35939c1.jpg,640,640,Tomato leaf late blight,78,297,134,483
img_6635_jpg.rf.533dc5cab49ce865385bc6a6d35939c1.jpg,640,640,Tomato leaf late blight,108,211,189,275
img_6635_jpg.rf.533dc5cab49ce865385bc6a6d35939c1.jpg,640,640,Tomato leaf late blight,208,214,300,285
img_6635_jpg.rf.533dc5cab49ce865385bc6a6d35939c1.jpg,640,640,Tomato leaf late blight,182,165,283,234
img_6635_jpg.rf.533dc5cab49ce865385bc6a6d35939c1.jpg,640,640,Tomato leaf late blight,97,163,171,237
img_6635_jpg.rf.533dc5cab49ce865385bc6a6d35939c1.jpg,640,640,Tomato leaf late blight,82,108,163,206
img_6635_jpg.rf.533dc5cab49ce865385bc6a6d35939c1.jpg,640,640,Tomato leaf late blight,19,311,96,397
img_6635_jpg.rf.533dc5cab49ce865385bc6a6d35939c1.jpg,640,640,Tomato leaf late blight,108,520,182,638
img_6635_jpg.rf.533dc5cab49ce865385bc6a6d35939c1.jpg,640,640,Tomato leaf late blight,89,457,169,537
img_6635_jpg.rf.533dc5cab49ce865385bc6a6d35939c1.jpg,640,640,Tomato leaf late blight,123,409,195,468
img_6635_jpg.rf.533dc5cab49ce865385bc6a6d35939c1.jpg,640,640,Tomato leaf late blight,188,525,268,639
img_6635_jpg.rf.533dc5cab49ce865385bc6a6d35939c1.jpg,640,640,Tomato leaf late blight,209,462,285,548
img_6635_jpg.rf.533dc5cab49ce865385bc6a6d35939c1.jpg,640,640,Tomato leaf late blight,265,468,319,572
img_6635_jpg.rf.533dc5cab49ce865385bc6a6d35939c1.jpg,640,640,Tomato leaf late blight,305,516,382,636
img_6635_jpg.rf.533dc5cab49ce865385bc6a6d35939c1.jpg,640,640,Tomato leaf late blight,338,352,391,477
img_6635_jpg.rf.533dc5cab49ce865385bc6a6d35939c1.jpg,640,640,Tomato leaf late blight,309,423,382,492
img_6635_jpg.rf.533dc5cab49ce865385bc6a6d35939c1.jpg,640,640,Tomato leaf late blight,367,331,436,455
img_6635_jpg.rf.533dc5cab49ce865385bc6a6d35939c1.jpg,640,640,Tomato leaf late blight,331,265,428,340
img_6635_jpg.rf.533dc5cab49ce865385bc6a6d35939c1.jpg,640,640,Tomato leaf late blight,311,194,354,275
img_6635_jpg.rf.533dc5cab49ce865385bc6a6d35939c1.jpg,640,640,Tomato leaf late blight,214,234,308,265
img_6635_jpg.rf.533dc5cab49ce865385bc6a6d35939c1.jpg,640,640,Tomato leaf late blight,226,37,271,94
img_6635_jpg.rf.533dc5cab49ce865385bc6a6d35939c1.jpg,640,640,Tomato leaf late blight,462,371,529,560
img_6635_jpg.rf.533dc5cab49ce865385bc6a6d35939c1.jpg,640,640,Tomato leaf late blight,506,251,617,354
img_6635_jpg.rf.533dc5cab49ce865385bc6a6d35939c1.jpg,640,640,Tomato leaf late blight,549,345,622,440
img_6635_jpg.rf.533dc5cab49ce865385bc6a6d35939c1.jpg,640,640,Tomato leaf late blight,536,171,619,258
img_6635_jpg.rf.533dc5cab49ce865385bc6a6d35939c1.jpg,640,640,Tomato leaf late blight,425,234,486,272
img_6635_jpg.rf.533dc5cab49ce865385bc6a6d35939c1.jpg,640,640,Tomato leaf late blight,342,166,466,237
img_6635_jpg.rf.533dc5cab49ce865385bc6a6d35939c1.jpg,640,640,Tomato leaf late blight,383,78,451,151
img_6635_jpg.rf.533dc5cab49ce865385bc6a6d35939c1.jpg,640,640,Tomato leaf late blight,263,94,328,169
img_6635_jpg.rf.533dc5cab49ce865385bc6a6d35939c1.jpg,640,640,Tomato leaf late blight,180,136,257,190
img_6635_jpg.rf.533dc5cab49ce865385bc6a6d35939c1.jpg,640,640,Tomato leaf late blight,252,294,306,431
IMG_5808_jpg.rf.7e923be12a27aec3eadb99d47c4166d4.jpg,640,640,Tomato leaf mosaic virus,255,123,527,520
img_6564_jpg.rf.d30fd396b57056e12868c383bc860b99.jpg,640,640,Tomato Septoria leaf spot,135,186,321,412
img_6564_jpg.rf.d30fd396b57056e12868c383bc860b99.jpg,640,640,Tomato Septoria leaf spot,514,144,638,345
img_6564_jpg.rf.d30fd396b57056e12868c383bc860b99.jpg,640,640,Tomato Septoria leaf spot,101,1,255,181
img_6564_jpg.rf.d30fd396b57056e12868c383bc860b99.jpg,640,640,Tomato Septoria leaf spot,398,554,462,628
IMG_5813_jpg.rf.711986d52d9cdf9842f90d300b7d31be.jpg,640,640,Tomato leaf mosaic virus,178,138,456,501
IMG_5808_jpg.rf.decc8245f48ee560cd25659aab531947.jpg,640,640,Tomato leaf mosaic virus,133,139,367,516
HighTunnel_TLM5_jpg.rf.55526e9d687906bc0ce2457e320d97f3.jpg,640,640,Tomato mold leaf,122,19,506,633
IU-TYLCV_img_8_jpg.rf.0f26cb1596b3c68ea389cdee2f1366b8.jpg,640,640,Tomato leaf bacterial spot,510,36,636,99
IU-TYLCV_img_8_jpg.rf.0f26cb1596b3c68ea389cdee2f1366b8.jpg,640,640,Tomato leaf bacterial spot,186,554,289,626
IU-TYLCV_img_8_jpg.rf.0f26cb1596b3c68ea389cdee2f1366b8.jpg,640,640,Tomato leaf bacterial spot,208,331,382,509
IU-TYLCV_img_8_jpg.rf.0f26cb1596b3c68ea389cdee2f1366b8.jpg,640,640,Tomato leaf bacterial spot,466,479,571,593
IU-TYLCV_img_8_jpg.rf.0f26cb1596b3c68ea389cdee2f1366b8.jpg,640,640,Tomato leaf bacterial spot,536,300,633,431
IU-TYLCV_img_8_jpg.rf.0f26cb1596b3c68ea389cdee2f1366b8.jpg,640,640,Tomato leaf bacterial spot,332,486,428,592
Jeter-20Mtn-20Farm_7053-JPG_jpg.rf.fae2846a9d987e2c21257cb102de52ee.jpg,640,640,Tomato leaf late blight,1,157,347,525
924977LateBlightLeaf_jpg.rf.145f4bca3ddd64edd3ed834892275047.jpg,640,640,Tomato leaf mosaic virus,33,191,459,487
tomatoblight_jpg.rf.b9e3a7060c31eea97a12d6eb8a34775e.jpg,640,640,Tomato Early blight leaf,81,0,638,638
August-17-2012-Supplemental-6_jpg.rf.b18cefeb929e1cea88a55df1249230a5.jpg,640,640,Tomato leaf yellow virus,126,182,639,511
tomato-late-blight-phytophthora-infestans-lesions-on-greenhouse-grown-ATA11J_jpg.rf.b2535c9bbb8b29d1c1fd145dbd9579f5.jpg,640,640,Tomato leaf mosaic virus,76,13,392,216
tomato-late-blight-phytophthora-infestans-lesions-on-greenhouse-grown-ATA11J_jpg.rf.b2535c9bbb8b29d1c1fd145dbd9579f5.jpg,640,640,Tomato leaf mosaic virus,472,137,639,317
tomato-late-blight-phytophthora-infestans-lesions-on-greenhouse-grown-ATA11J_jpg.rf.b2535c9bbb8b29d1c1fd145dbd9579f5.jpg,640,640,Tomato leaf mosaic virus,0,224,292,398
tomato-late-blight-phytophthora-infestans-lesions-on-greenhouse-grown-ATA11J_jpg.rf.b2535c9bbb8b29d1c1fd145dbd9579f5.jpg,640,640,Tomato leaf mosaic virus,340,328,597,566
tomato-late-blight-phytophthora-infestans-lesions-on-greenhouse-grown-ATA11J_jpg.rf.b2535c9bbb8b29d1c1fd145dbd9579f5.jpg,640,640,Tomato leaf mosaic virus,83,370,326,587
TomatoBlight-JPG_jpg.rf.5eabbea8d0c1ab90ed33e5225ec476a4.jpg,640,640,Tomato leaf mosaic virus,132,156,579,524
924977LateBlightLeaf_jpg.rf.d85680edf7d9b640fa608ce583ce7639.jpg,640,640,Tomato leaf mosaic virus,23,119,475,463
TomatoBacterialSpot2_jpg.rf.8795cffa9b583e527d5957416950abc3.jpg,640,640,Tomato leaf mosaic virus,6,77,634,628
924977LateBlightLeaf_jpg.rf.a21a17f4cd4f3905334d0bcbb7349aef.jpg,640,640,Tomato leaf mosaic virus,33,172,456,459
TomatoBlight-JPG_jpg.rf.8784ed4a3b8fc2bd035ed505bb0248cd.jpg,640,640,Tomato leaf mosaic virus,146,173,568,499
TomatoBacterialSpot2_jpg.rf.f1162d02307c3243c22055f1f948e647.jpg,640,640,Tomato leaf late blight,0,0,638,606
924977LateBlightLeaf_jpg.rf.f7afaaa45a4374a58e2091483be8bf52.jpg,640,640,Tomato leaf yellow virus,25,166,621,622
confused-bacterial-canker-early-blight-zoom_JPG_jpg.rf.81b4bd7dbf569dc0c5e45964adc161be.jpg,640,640,Tomato Early blight leaf,396,193,455,430
confused-bacterial-canker-early-blight-zoom_JPG_jpg.rf.81b4bd7dbf569dc0c5e45964adc161be.jpg,640,640,Tomato Early blight leaf,256,231,339,391
confused-bacterial-canker-early-blight-zoom_JPG_jpg.rf.81b4bd7dbf569dc0c5e45964adc161be.jpg,640,640,Tomato Early blight leaf,77,359,160,602
confused-bacterial-canker-early-blight-zoom_JPG_jpg.rf.81b4bd7dbf569dc0c5e45964adc161be.jpg,640,640,Tomato Early blight leaf,154,333,237,532
confused-bacterial-canker-early-blight-zoom_JPG_jpg.rf.81b4bd7dbf569dc0c5e45964adc161be.jpg,640,640,Tomato Early blight leaf,45,52,231,212
Problem-2a_jpg.rf.535bb006e67f5d7fc8700163aa291fc7.jpg,640,640,Tomato mold leaf,475,217,554,369
Problem-2a_jpg.rf.535bb006e67f5d7fc8700163aa291fc7.jpg,640,640,Tomato mold leaf,74,145,189,372
Problem-2a_jpg.rf.535bb006e67f5d7fc8700163aa291fc7.jpg,640,640,Tomato mold leaf,268,262,399,576
russian-2-319-dt-2010-leaves-high-tunnel-9-29-2014-c_jpg.rf.98caf4f3cbe30c65e4389810549af73f.jpg,640,640,Tomato leaf bacterial spot,264,416,415,639
russian-2-319-dt-2010-leaves-high-tunnel-9-29-2014-c_jpg.rf.98caf4f3cbe30c65e4389810549af73f.jpg,640,640,Tomato leaf bacterial spot,151,350,314,639
russian-2-319-dt-2010-leaves-high-tunnel-9-29-2014-c_jpg.rf.98caf4f3cbe30c65e4389810549af73f.jpg,640,640,Tomato leaf bacterial spot,382,306,589,519
russian-2-319-dt-2010-leaves-high-tunnel-9-29-2014-c_jpg.rf.98caf4f3cbe30c65e4389810549af73f.jpg,640,640,Tomato leaf bacterial spot,73,322,170,429
russian-2-319-dt-2010-leaves-high-tunnel-9-29-2014-c_jpg.rf.98caf4f3cbe30c65e4389810549af73f.jpg,640,640,Tomato leaf bacterial spot,439,95,570,320
russian-2-319-dt-2010-leaves-high-tunnel-9-29-2014-c_jpg.rf.98caf4f3cbe30c65e4389810549af73f.jpg,640,640,Tomato leaf bacterial spot,0,34,183,320
russian-2-319-dt-2010-leaves-high-tunnel-9-29-2014-c_jpg.rf.98caf4f3cbe30c65e4389810549af73f.jpg,640,640,Tomato leaf bacterial spot,241,22,374,227
RARZ4_jpg.rf.15f5698f308974f2fcebbcc3e22de0a3.jpg,640,640,Tomato Septoria leaf spot,328,199,449,305
RARZ4_jpg.rf.15f5698f308974f2fcebbcc3e22de0a3.jpg,640,640,Tomato Septoria leaf spot,391,262,617,405
RARZ4_jpg.rf.15f5698f308974f2fcebbcc3e22de0a3.jpg,640,640,Tomato Septoria leaf spot,8,159,272,408
RyBx7MH_jpg.rf.9cd35721efc0896abb0c25c976c58ee5.jpg,640,640,Tomato leaf mosaic virus,8,129,625,534
psyllid-yellows_jpg.rf.dd91557015413248d41c18db1b6b12e4.jpg,640,640,Tomato leaf,320,106,408,249
psyllid-yellows_jpg.rf.dd91557015413248d41c18db1b6b12e4.jpg,640,640,Tomato leaf,330,201,424,332
psyllid-yellows_jpg.rf.dd91557015413248d41c18db1b6b12e4.jpg,640,640,Tomato leaf,402,240,503,389
psyllid-yellows_jpg.rf.dd91557015413248d41c18db1b6b12e4.jpg,640,640,Tomato leaf,103,251,202,351
psyllid-yellows_jpg.rf.dd91557015413248d41c18db1b6b12e4.jpg,640,640,Tomato leaf,359,280,416,429
psyllid-yellows_jpg.rf.dd91557015413248d41c18db1b6b12e4.jpg,640,640,Tomato leaf,221,329,314,482
psyllid-yellows_jpg.rf.dd91557015413248d41c18db1b6b12e4.jpg,640,640,Tomato leaf,163,378,280,497
psyllid-yellows_jpg.rf.dd91557015413248d41c18db1b6b12e4.jpg,640,640,Tomato leaf,341,421,461,518
psyllid-yellows_jpg.rf.dd91557015413248d41c18db1b6b12e4.jpg,640,640,Tomato leaf,118,392,202,560
psyllid-yellows_jpg.rf.dd91557015413248d41c18db1b6b12e4.jpg,640,640,Tomato leaf,4,419,122,530
closeup-of-tomato-leaf-y4af51-1024x768_jpg.rf.98c840a5f62257b17d43bdde959f33a9.jpg,640,640,Tomato Septoria leaf spot,1,72,634,623
tomato-septoria-5_jpg.rf.a0cdba9fb82afcfffaeb76bb7d58d389.jpg,640,640,Tomato Septoria leaf spot,159,224,493,384
tomato-septoria-3_jpg.rf.4e35bb223d02d2c249a87334a7b98e52.jpg,640,640,Tomato Septoria leaf spot,252,177,423,417
tomato-septoria-3_jpg.rf.4e35bb223d02d2c249a87334a7b98e52.jpg,640,640,Tomato Septoria leaf spot,129,90,351,238
tomato-septoria-3_jpg.rf.4e35bb223d02d2c249a87334a7b98e52.jpg,640,640,Tomato Septoria leaf spot,272,3,580,119
late_blight_drought_leavescuux1200_jpg.rf.2cfba37be514153d5ec190f92545b5fc.jpg,640,640,Tomato leaf mosaic virus,284,374,619,598
late_blight_drought_leavescuux1200_jpg.rf.2cfba37be514153d5ec190f92545b5fc.jpg,640,640,Tomato leaf mosaic virus,15,138,201,565
late_blight_drought_leavescuux1200_jpg.rf.2cfba37be514153d5ec190f92545b5fc.jpg,640,640,Tomato leaf mosaic virus,185,3,416,426
late_blight_drought_leaves1x1200_jpg.rf.e4cf0185b07a1b3dda73b8f7c0729313.jpg,640,640,Tomato leaf mosaic virus,43,15,223,223
late_blight_drought_leaves1x1200_jpg.rf.e4cf0185b07a1b3dda73b8f7c0729313.jpg,640,640,Tomato leaf mosaic virus,398,3,547,309
late_blight_drought_leaves1x1200_jpg.rf.e4cf0185b07a1b3dda73b8f7c0729313.jpg,640,640,Tomato leaf mosaic virus,295,14,456,348
late_blight_drought_leaves1x1200_jpg.rf.e4cf0185b07a1b3dda73b8f7c0729313.jpg,640,640,Tomato leaf mosaic virus,18,183,164,374
late_blight_drought_leaves1x1200_jpg.rf.e4cf0185b07a1b3dda73b8f7c0729313.jpg,640,640,Tomato leaf mosaic virus,520,79,638,407
late_blight_drought_leaves1x1200_jpg.rf.e4cf0185b07a1b3dda73b8f7c0729313.jpg,640,640,Tomato leaf mosaic virus,149,213,300,399
late_blight_drought_leaves1x1200_jpg.rf.e4cf0185b07a1b3dda73b8f7c0729313.jpg,640,640,Tomato leaf mosaic virus,3,336,146,442
late_blight_drought_leaves1x1200_jpg.rf.e4cf0185b07a1b3dda73b8f7c0729313.jpg,640,640,Tomato leaf mosaic virus,453,272,615,550
late_blight_drought_leaves1x1200_jpg.rf.e4cf0185b07a1b3dda73b8f7c0729313.jpg,640,640,Tomato leaf mosaic virus,356,338,513,512
late_blight_drought_leaves1x1200_jpg.rf.e4cf0185b07a1b3dda73b8f7c0729313.jpg,640,640,Tomato leaf mosaic virus,145,381,292,593
late_blight_drought_leaves1x1200_jpg.rf.e4cf0185b07a1b3dda73b8f7c0729313.jpg,640,640,Tomato leaf mosaic virus,19,416,150,616
late_blight_drought_leaves1x1200_jpg.rf.e4cf0185b07a1b3dda73b8f7c0729313.jpg,640,640,Tomato leaf mosaic virus,286,389,462,640
tomato-septoria-5-500x384_jpg.rf.8ce0f2d75e3a9ac3b77941711a482c65.jpg,640,640,Tomato leaf late blight,235,147,416,495
tomato-plant-is-infected-with-septoria-leaf-spot-1_jpg.rf.4feb7a36f033a3beba4f687d8831baa0.jpg,640,640,Tomato Septoria leaf spot,320,307,506,627
tomato-plant-is-infected-with-septoria-leaf-spot-1_jpg.rf.4feb7a36f033a3beba4f687d8831baa0.jpg,640,640,Tomato Septoria leaf spot,422,6,621,225
tomato-plant-is-infected-with-septoria-leaf-spot-1_jpg.rf.4feb7a36f033a3beba4f687d8831baa0.jpg,640,640,Tomato Septoria leaf spot,77,147,365,627
tomato-plant-is-infected-with-septoria-leaf-spot-1_jpg.rf.4feb7a36f033a3beba4f687d8831baa0.jpg,640,640,Tomato Septoria leaf spot,90,6,333,128
Late_blight_on_tomato_leaf_-287871756748-29_jpg.rf.8fec36055763c5dfe7c6d695aeddfd60.jpg,640,640,Tomato leaf yellow virus,38,6,634,628
happier-inside_jpg.rf.f90651c5584f962e816c98338643c63e.jpg,640,640,Tomato leaf late blight,111,162,432,282
happier-inside_jpg.rf.f90651c5584f962e816c98338643c63e.jpg,640,640,Tomato leaf late blight,298,66,531,206
happier-inside_jpg.rf.f90651c5584f962e816c98338643c63e.jpg,640,640,Tomato leaf late blight,446,1,600,157
happier-inside_jpg.rf.f90651c5584f962e816c98338643c63e.jpg,640,640,Tomato leaf late blight,622,139,639,239
happier-inside_jpg.rf.f90651c5584f962e816c98338643c63e.jpg,640,640,Tomato leaf late blight,306,263,537,423
happier-inside_jpg.rf.f90651c5584f962e816c98338643c63e.jpg,640,640,Tomato leaf late blight,553,251,639,329
happier-inside_jpg.rf.f90651c5584f962e816c98338643c63e.jpg,640,640,Tomato leaf late blight,174,8,334,154
grey-mould-botrytis-cinerea-on-bottom-of-a-tomato-leaf-late-in-the-AFRDAN_jpg.rf.10ae204fa49547feb6fa798e090a5b47.jpg,640,640,Tomato mold leaf,0,51,634,563
6078710516023296-600x272_jpeg_jpg.rf.872f4b7a54cdc64657d49a967508fc0a.jpg,640,640,Tomato Septoria leaf spot,77,6,634,634
tomato_D2b-Early-blight-RPitblado_zoom_jpg.rf.dc1dd56373fbfceab5d5a4b5ce47b17f.jpg,640,640,Tomato Early blight leaf,54,18,252,162
tomato_D2b-Early-blight-RPitblado_zoom_jpg.rf.dc1dd56373fbfceab5d5a4b5ce47b17f.jpg,640,640,Tomato Early blight leaf,372,193,479,449
tomato_D2b-Early-blight-RPitblado_zoom_jpg.rf.dc1dd56373fbfceab5d5a4b5ce47b17f.jpg,640,640,Tomato Early blight leaf,30,223,113,395
tomato_D2b-Early-blight-RPitblado_zoom_jpg.rf.dc1dd56373fbfceab5d5a4b5ce47b17f.jpg,640,640,Tomato Early blight leaf,135,319,230,533
tomato_D2b-Early-blight-RPitblado_zoom_jpg.rf.dc1dd56373fbfceab5d5a4b5ce47b17f.jpg,640,640,Tomato Early blight leaf,41,345,134,585
grey-mould-botrytis-cinerea-on-bottom-of-a-tomato-leaf-late-in-the-AFRDAN_jpg.rf.8e2538e585aba99513abec0789e1a4df.jpg,640,640,Tomato leaf mosaic virus,198,220,564,563
DSC01999_JPG_jpg.rf.ec04b9a9b84000b775f864be65327d7a.jpg,640,640,Tomato leaf bacterial spot,288,581,365,634
DSC01999_JPG_jpg.rf.ec04b9a9b84000b775f864be65327d7a.jpg,640,640,Tomato leaf bacterial spot,243,218,326,301
DSC01999_JPG_jpg.rf.ec04b9a9b84000b775f864be65327d7a.jpg,640,640,Tomato leaf bacterial spot,352,218,416,262
DSC01999_JPG_jpg.rf.ec04b9a9b84000b775f864be65327d7a.jpg,640,640,Tomato leaf bacterial spot,282,96,326,212
DSC01999_JPG_jpg.rf.ec04b9a9b84000b775f864be65327d7a.jpg,640,640,Tomato leaf bacterial spot,167,436,256,596
DSC01999_JPG_jpg.rf.ec04b9a9b84000b775f864be65327d7a.jpg,640,640,Tomato leaf bacterial spot,390,569,461,634
DSC01999_JPG_jpg.rf.ec04b9a9b84000b775f864be65327d7a.jpg,640,640,Tomato leaf bacterial spot,429,378,474,449
DSC01999_JPG_jpg.rf.ec04b9a9b84000b775f864be65327d7a.jpg,640,640,Tomato leaf bacterial spot,90,192,185,237
DSC01999_JPG_jpg.rf.ec04b9a9b84000b775f864be65327d7a.jpg,640,640,Tomato leaf bacterial spot,38,217,160,281
DSC01999_JPG_jpg.rf.ec04b9a9b84000b775f864be65327d7a.jpg,640,640,Tomato leaf bacterial spot,276,423,347,506
DSC01999_JPG_jpg.rf.ec04b9a9b84000b775f864be65327d7a.jpg,640,640,Tomato leaf bacterial spot,319,519,372,563
DSC01999_JPG_jpg.rf.ec04b9a9b84000b775f864be65327d7a.jpg,640,640,Tomato leaf bacterial spot,383,525,435,557
DSC01999_JPG_jpg.rf.ec04b9a9b84000b775f864be65327d7a.jpg,640,640,Tomato leaf bacterial spot,384,474,442,518
DSC01999_JPG_jpg.rf.ec04b9a9b84000b775f864be65327d7a.jpg,640,640,Tomato leaf bacterial spot,326,467,371,505
DSC01999_JPG_jpg.rf.ec04b9a9b84000b775f864be65327d7a.jpg,640,640,Tomato leaf bacterial spot,244,282,345,371
DSC01999_JPG_jpg.rf.ec04b9a9b84000b775f864be65327d7a.jpg,640,640,Tomato leaf bacterial spot,365,345,397,384
DSC01999_JPG_jpg.rf.ec04b9a9b84000b775f864be65327d7a.jpg,640,640,Tomato leaf bacterial spot,416,468,487,557
DSC01999_JPG_jpg.rf.ec04b9a9b84000b775f864be65327d7a.jpg,640,640,Tomato leaf bacterial spot,64,339,173,436
DSC01999_JPG_jpg.rf.ec04b9a9b84000b775f864be65327d7a.jpg,640,640,Tomato leaf bacterial spot,38,468,141,634
DSC01999_JPG_jpg.rf.3eafb2e8cfd0e6af9b12b67d3aa6aba8.jpg,640,640,Tomato leaf bacterial spot,288,582,363,639
DSC01999_JPG_jpg.rf.3eafb2e8cfd0e6af9b12b67d3aa6aba8.jpg,640,640,Tomato leaf bacterial spot,243,217,328,298
DSC01999_JPG_jpg.rf.3eafb2e8cfd0e6af9b12b67d3aa6aba8.jpg,640,640,Tomato leaf bacterial spot,354,216,417,262
DSC01999_JPG_jpg.rf.3eafb2e8cfd0e6af9b12b67d3aa6aba8.jpg,640,640,Tomato leaf bacterial spot,279,98,330,211
DSC01999_JPG_jpg.rf.3eafb2e8cfd0e6af9b12b67d3aa6aba8.jpg,640,640,Tomato leaf bacterial spot,163,438,255,597
DSC01999_JPG_jpg.rf.3eafb2e8cfd0e6af9b12b67d3aa6aba8.jpg,640,640,Tomato leaf bacterial spot,394,566,461,639
DSC01999_JPG_jpg.rf.3eafb2e8cfd0e6af9b12b67d3aa6aba8.jpg,640,640,Tomato leaf bacterial spot,428,377,474,446
DSC01999_JPG_jpg.rf.3eafb2e8cfd0e6af9b12b67d3aa6aba8.jpg,640,640,Tomato leaf bacterial spot,91,192,188,234
DSC01999_JPG_jpg.rf.3eafb2e8cfd0e6af9b12b67d3aa6aba8.jpg,640,640,Tomato leaf bacterial spot,39,219,159,282
DSC01999_JPG_jpg.rf.3eafb2e8cfd0e6af9b12b67d3aa6aba8.jpg,640,640,Tomato leaf bacterial spot,277,425,343,505
DSC01999_JPG_jpg.rf.3eafb2e8cfd0e6af9b12b67d3aa6aba8.jpg,640,640,Tomato leaf bacterial spot,318,519,371,565
DSC01999_JPG_jpg.rf.3eafb2e8cfd0e6af9b12b67d3aa6aba8.jpg,640,640,Tomato leaf bacterial spot,383,528,435,557
DSC01999_JPG_jpg.rf.3eafb2e8cfd0e6af9b12b67d3aa6aba8.jpg,640,640,Tomato leaf bacterial spot,386,471,442,518
DSC01999_JPG_jpg.rf.3eafb2e8cfd0e6af9b12b67d3aa6aba8.jpg,640,640,Tomato leaf bacterial spot,326,466,374,506
DSC01999_JPG_jpg.rf.3eafb2e8cfd0e6af9b12b67d3aa6aba8.jpg,640,640,Tomato leaf bacterial spot,240,283,346,369
DSC01999_JPG_jpg.rf.3eafb2e8cfd0e6af9b12b67d3aa6aba8.jpg,640,640,Tomato leaf bacterial spot,365,343,396,385
DSC01999_JPG_jpg.rf.3eafb2e8cfd0e6af9b12b67d3aa6aba8.jpg,640,640,Tomato leaf bacterial spot,419,465,488,554
DSC01999_JPG_jpg.rf.3eafb2e8cfd0e6af9b12b67d3aa6aba8.jpg,640,640,Tomato leaf bacterial spot,66,337,174,437
DSC01999_JPG_jpg.rf.3eafb2e8cfd0e6af9b12b67d3aa6aba8.jpg,640,640,Tomato leaf bacterial spot,39,466,142,639
septoria_tom_seedlings2x1200_jpg.rf.8cde22c88f635807cd385c5a6056e512.jpg,640,640,Tomato Septoria leaf spot,15,0,560,408
septoria_tom_seedlings2x1200_jpg.rf.8cde22c88f635807cd385c5a6056e512.jpg,640,640,Tomato Septoria leaf spot,341,222,584,409
septoria_tom_seedlings2x1200_jpg.rf.8cde22c88f635807cd385c5a6056e512.jpg,640,640,Tomato Septoria leaf spot,29,353,486,639
septoria_tom_seedlings2x1200_jpg.rf.8cde22c88f635807cd385c5a6056e512.jpg,640,640,Tomato Septoria leaf spot,437,335,629,620
stock-photo-leaves-of-tomato-plant-isolated-on-white-12085288_jpg.rf.86ec185c0a73eabfb21dd65540719a6e.jpg,640,640,Tomato leaf late blight,122,238,256,544
stock-photo-leaves-of-tomato-plant-isolated-on-white-12085288_jpg.rf.86ec185c0a73eabfb21dd65540719a6e.jpg,640,640,Tomato leaf late blight,32,269,135,500
stock-photo-leaves-of-tomato-plant-isolated-on-white-12085288_jpg.rf.86ec185c0a73eabfb21dd65540719a6e.jpg,640,640,Tomato leaf late blight,225,192,326,474
stock-photo-leaves-of-tomato-plant-isolated-on-white-12085288_jpg.rf.86ec185c0a73eabfb21dd65540719a6e.jpg,640,640,Tomato leaf late blight,384,295,473,473
stock-photo-leaves-of-tomato-plant-isolated-on-white-12085288_jpg.rf.86ec185c0a73eabfb21dd65540719a6e.jpg,640,640,Tomato leaf late blight,461,313,582,570
stock-photo-leaves-of-tomato-plant-isolated-on-white-12085288_jpg.rf.86ec185c0a73eabfb21dd65540719a6e.jpg,640,640,Tomato leaf late blight,474,224,634,384
stock-photo-leaves-of-tomato-plant-isolated-on-white-12085288_jpg.rf.86ec185c0a73eabfb21dd65540719a6e.jpg,640,640,Tomato leaf late blight,423,115,526,294
stock-photo-leaves-of-tomato-plant-isolated-on-white-12085288_jpg.rf.86ec185c0a73eabfb21dd65540719a6e.jpg,640,640,Tomato leaf late blight,352,52,455,256
stock-photo-tomato-plants-infected-by-the-late-blight-plant-pathogen-phytophthora-infestans-macro-539209615_jpg.rf.e4e8ad37b9acbece6947e99631554c92.jpg,640,640,Tomato leaf yellow virus,109,179,563,473
Tomato-20greenhouse-20phythotoxicity03F_JPG_jpg.rf.d489c55a1a66798fa0644a4007892b1b.jpg,640,640,Tomato leaf mosaic virus,285,265,411,528
Tomato-20greenhouse-20phythotoxicity03F_JPG_jpg.rf.d489c55a1a66798fa0644a4007892b1b.jpg,640,640,Tomato leaf mosaic virus,480,102,565,231
Tomato-20greenhouse-20phythotoxicity03F_JPG_jpg.rf.d489c55a1a66798fa0644a4007892b1b.jpg,640,640,Tomato leaf mosaic virus,499,262,613,411
Tomato-20greenhouse-20phythotoxicity03F_JPG_jpg.rf.d489c55a1a66798fa0644a4007892b1b.jpg,640,640,Tomato leaf mosaic virus,425,302,536,486
Tomato-20greenhouse-20phythotoxicity03F_JPG_jpg.rf.d489c55a1a66798fa0644a4007892b1b.jpg,640,640,Tomato leaf mosaic virus,408,275,460,357
Tomato-20greenhouse-20phythotoxicity03F_JPG_jpg.rf.d489c55a1a66798fa0644a4007892b1b.jpg,640,640,Tomato leaf mosaic virus,416,146,473,257
Tomato-20greenhouse-20phythotoxicity03F_JPG_jpg.rf.d489c55a1a66798fa0644a4007892b1b.jpg,640,640,Tomato leaf mosaic virus,257,13,432,233
Tomato-20greenhouse-20phythotoxicity03F_JPG_jpg.rf.d489c55a1a66798fa0644a4007892b1b.jpg,640,640,Tomato leaf mosaic virus,277,246,346,371
Tomato-20greenhouse-20phythotoxicity03F_JPG_jpg.rf.d489c55a1a66798fa0644a4007892b1b.jpg,640,640,Tomato leaf mosaic virus,197,240,292,391
Tomato-20greenhouse-20phythotoxicity03F_JPG_jpg.rf.d489c55a1a66798fa0644a4007892b1b.jpg,640,640,Tomato leaf mosaic virus,28,156,255,365
Tomato-20greenhouse-20phythotoxicity03F_JPG_jpg.rf.d489c55a1a66798fa0644a4007892b1b.jpg,640,640,Tomato leaf mosaic virus,208,142,300,233
IMG_5813_jpg.rf.34d8b26c7544c73d9d5b55276e8366ca.jpg,640,640,Tomato leaf yellow virus,192,6,499,589
Late-20blight-20tomato1_jpg.rf.4942abd1f0b98197a546bd626686c677.jpg,640,640,Tomato leaf yellow virus,46,193,394,413
IMG_2254_JPG_jpg.rf.55d7a20e552e97093aa49cf16b75a141.jpg,640,640,Tomato leaf yellow virus,212,5,560,612
IMG_2254_JPG_jpg.rf.55d7a20e552e97093aa49cf16b75a141.jpg,640,640,Tomato leaf yellow virus,5,12,302,628
Jeter-20Mtn-20Farm_7053-JPG_jpg.rf.006a6b58e5d4edd73a4d9d03e81ec61b.jpg,640,640,Tomato leaf late blight,286,137,639,525
Late-20blight-20tomato1_jpg.rf.75d118298f2687d1f1c031fe50d89de6.jpg,640,640,Tomato leaf mosaic virus,192,245,406,394
late_blight_drought_leavescuux1200_jpg.rf.920ee4abf69f752a78c4b0b90f5d6960.jpg,640,640,Tomato leaf yellow virus,76,211,449,634
late_blight_drought_leavescuux1200_jpg.rf.920ee4abf69f752a78c4b0b90f5d6960.jpg,640,640,Tomato leaf yellow virus,0,0,358,492
8227475116_0d40e8f21c_b_jpg.rf.96140f9906d862bc9831842529d190ba.jpg,640,640,Tomato leaf bacterial spot,205,256,294,295
8227475116_0d40e8f21c_b_jpg.rf.96140f9906d862bc9831842529d190ba.jpg,640,640,Tomato leaf bacterial spot,13,109,90,180
8227475116_0d40e8f21c_b_jpg.rf.96140f9906d862bc9831842529d190ba.jpg,640,640,Tomato leaf bacterial spot,256,147,358,199
8227475116_0d40e8f21c_b_jpg.rf.96140f9906d862bc9831842529d190ba.jpg,640,640,Tomato leaf bacterial spot,384,480,442,551
8227475116_0d40e8f21c_b_jpg.rf.96140f9906d862bc9831842529d190ba.jpg,640,640,Tomato leaf bacterial spot,351,270,404,333
8227475116_0d40e8f21c_b_jpg.rf.96140f9906d862bc9831842529d190ba.jpg,640,640,Tomato leaf bacterial spot,314,38,429,160
8227475116_0d40e8f21c_b_jpg.rf.96140f9906d862bc9831842529d190ba.jpg,640,640,Tomato leaf bacterial spot,371,147,518,211
8227475116_0d40e8f21c_b_jpg.rf.96140f9906d862bc9831842529d190ba.jpg,640,640,Tomato leaf bacterial spot,397,295,557,333
8227475116_0d40e8f21c_b_jpg.rf.96140f9906d862bc9831842529d190ba.jpg,640,640,Tomato leaf bacterial spot,256,390,358,448
8227475116_0d40e8f21c_b_jpg.rf.96140f9906d862bc9831842529d190ba.jpg,640,640,Tomato leaf bacterial spot,256,460,429,518
8227475116_0d40e8f21c_b_jpg.rf.96140f9906d862bc9831842529d190ba.jpg,640,640,Tomato leaf bacterial spot,122,499,243,576
8227475116_0d40e8f21c_b_jpg.rf.96140f9906d862bc9831842529d190ba.jpg,640,640,Tomato leaf bacterial spot,441,422,493,487
8227475116_0d40e8f21c_b_jpg.rf.96140f9906d862bc9831842529d190ba.jpg,640,640,Tomato leaf bacterial spot,551,320,634,397
8227475116_0d40e8f21c_b_jpg.rf.96140f9906d862bc9831842529d190ba.jpg,640,640,Tomato leaf bacterial spot,499,403,564,486
8227475116_0d40e8f21c_b_jpg.rf.96140f9906d862bc9831842529d190ba.jpg,640,640,Tomato leaf bacterial spot,441,308,538,397
DSC02006_JPG_jpg.rf.04f6b7420ace5199f4ca7dcf139e68c1.jpg,640,640,Tomato leaf bacterial spot,320,569,397,634
DSC02006_JPG_jpg.rf.04f6b7420ace5199f4ca7dcf139e68c1.jpg,640,640,Tomato leaf bacterial spot,147,333,199,416
DSC02006_JPG_jpg.rf.04f6b7420ace5199f4ca7dcf139e68c1.jpg,640,640,Tomato leaf bacterial spot,415,217,480,281
DSC02006_JPG_jpg.rf.04f6b7420ace5199f4ca7dcf139e68c1.jpg,640,640,Tomato leaf bacterial spot,479,160,538,243
DSC02006_JPG_jpg.rf.04f6b7420ace5199f4ca7dcf139e68c1.jpg,640,640,Tomato leaf bacterial spot,479,250,538,359
DSC02006_JPG_jpg.rf.04f6b7420ace5199f4ca7dcf139e68c1.jpg,640,640,Tomato leaf bacterial spot,64,378,141,532
DSC02006_JPG_jpg.rf.04f6b7420ace5199f4ca7dcf139e68c1.jpg,640,640,Tomato leaf bacterial spot,128,519,282,602
DSC02006_JPG_jpg.rf.04f6b7420ace5199f4ca7dcf139e68c1.jpg,640,640,Tomato leaf bacterial spot,340,346,429,448
DSC02006_JPG_jpg.rf.04f6b7420ace5199f4ca7dcf139e68c1.jpg,640,640,Tomato leaf bacterial spot,198,422,339,487
tomato-septoria-5_jpg.rf.cb97ef8eeae858bf41a398931ec43cb4.jpg,640,640,Tomato Septoria leaf spot,158,223,491,385
8e60bae9f613f360403943f108a03083_jpg.rf.8f4c99acdd47efc1b1a6b4f092f04011.jpg,640,640,Tomato leaf bacterial spot,377,332,509,486
8e60bae9f613f360403943f108a03083_jpg.rf.8f4c99acdd47efc1b1a6b4f092f04011.jpg,640,640,Tomato leaf bacterial spot,288,140,415,314
8e60bae9f613f360403943f108a03083_jpg.rf.8f4c99acdd47efc1b1a6b4f092f04011.jpg,640,640,Tomato leaf bacterial spot,28,225,192,342
8e60bae9f613f360403943f108a03083_jpg.rf.8f4c99acdd47efc1b1a6b4f092f04011.jpg,640,640,Tomato leaf bacterial spot,145,136,266,345
8e60bae9f613f360403943f108a03083_jpg.rf.8f4c99acdd47efc1b1a6b4f092f04011.jpg,640,640,Tomato leaf bacterial spot,297,17,508,117
dscn1652cropped_jpg.rf.cc6a6334634df032a752f11600cb36d1.jpg,640,640,Tomato leaf bacterial spot,211,89,243,122
dscn1652cropped_jpg.rf.cc6a6334634df032a752f11600cb36d1.jpg,640,640,Tomato leaf bacterial spot,218,218,244,256
dscn1652cropped_jpg.rf.cc6a6334634df032a752f11600cb36d1.jpg,640,640,Tomato leaf bacterial spot,327,108,351,147
dscn1652cropped_jpg.rf.cc6a6334634df032a752f11600cb36d1.jpg,640,640,Tomato leaf bacterial spot,332,192,365,237
dscn1652cropped_jpg.rf.cc6a6334634df032a752f11600cb36d1.jpg,640,640,Tomato leaf bacterial spot,384,141,416,173
dscn1652cropped_jpg.rf.cc6a6334634df032a752f11600cb36d1.jpg,640,640,Tomato leaf bacterial spot,410,122,435,142
dscn1652cropped_jpg.rf.cc6a6334634df032a752f11600cb36d1.jpg,640,640,Tomato leaf bacterial spot,134,237,186,281
dscn1652cropped_jpg.rf.cc6a6334634df032a752f11600cb36d1.jpg,640,640,Tomato leaf bacterial spot,83,205,148,269
dscn1652cropped_jpg.rf.cc6a6334634df032a752f11600cb36d1.jpg,640,640,Tomato leaf bacterial spot,160,147,211,185
dscn1652cropped_jpg.rf.cc6a6334634df032a752f11600cb36d1.jpg,640,640,Tomato leaf bacterial spot,243,199,269,256
dscn1652cropped_jpg.rf.cc6a6334634df032a752f11600cb36d1.jpg,640,640,Tomato leaf bacterial spot,58,493,109,590
dscn1652cropped_jpg.rf.cc6a6334634df032a752f11600cb36d1.jpg,640,640,Tomato leaf bacterial spot,32,448,71,506
dscn1652cropped_jpg.rf.cc6a6334634df032a752f11600cb36d1.jpg,640,640,Tomato leaf bacterial spot,403,403,468,519
dscn1652cropped_jpg.rf.cc6a6334634df032a752f11600cb36d1.jpg,640,640,Tomato leaf bacterial spot,345,313,410,410
dscn1652cropped_jpg.rf.cc6a6334634df032a752f11600cb36d1.jpg,640,640,Tomato leaf bacterial spot,409,211,442,237
dscn1652cropped_jpg.rf.cc6a6334634df032a752f11600cb36d1.jpg,640,640,Tomato leaf bacterial spot,243,135,288,173
dscn1652cropped_jpg.rf.cc6a6334634df032a752f11600cb36d1.jpg,640,640,Tomato leaf bacterial spot,211,166,231,199
Late_blight_on_tomato_leaf_-287871756748-29_jpg.rf.ab901e4f80ef5c61eeeae066cb92ef6a.jpg,640,640,Tomato leaf mosaic virus,162,172,513,478
Shoemaker_7068-JPG_jpg.rf.cf7c8d6ef50739fbfba9dd378e9e03aa.jpg,640,640,Tomato Early blight leaf,176,179,472,413
ToamtoLateBlight3-Version-3-oohvze_jpg.rf.44428dda7b9c03a2015319b7be7809e6.jpg,640,640,Tomato leaf mosaic virus,13,25,392,503
Bacterial-spot-on-tomato-leaves_jpg.rf.27cdb890f1c9c6c903260ae34872c1c6.jpg,640,640,Tomato leaf mosaic virus,9,128,145,249
Bacterial-spot-on-tomato-leaves_jpg.rf.27cdb890f1c9c6c903260ae34872c1c6.jpg,640,640,Tomato leaf mosaic virus,170,271,356,480
Bacterial-spot-on-tomato-leaves_jpg.rf.27cdb890f1c9c6c903260ae34872c1c6.jpg,640,640,Tomato leaf mosaic virus,335,199,631,436
Bacterial-spot-on-tomato-leaves_jpg.rf.27cdb890f1c9c6c903260ae34872c1c6.jpg,640,640,Tomato leaf mosaic virus,186,34,385,265
8950022d45978228d5e44a35183efdb9-tomatoes-dyi_jpg.rf.fefc8de2e3b6cb59f6dfb32ccaaff25b.jpg,640,640,Tomato Early blight leaf,25,463,345,615
8950022d45978228d5e44a35183efdb9-tomatoes-dyi_jpg.rf.fefc8de2e3b6cb59f6dfb32ccaaff25b.jpg,640,640,Tomato Early blight leaf,17,249,285,383
8950022d45978228d5e44a35183efdb9-tomatoes-dyi_jpg.rf.fefc8de2e3b6cb59f6dfb32ccaaff25b.jpg,640,640,Tomato Early blight leaf,355,206,637,320
8950022d45978228d5e44a35183efdb9-tomatoes-dyi_jpg.rf.fefc8de2e3b6cb59f6dfb32ccaaff25b.jpg,640,640,Tomato Early blight leaf,313,120,570,200
8950022d45978228d5e44a35183efdb9-tomatoes-dyi_jpg.rf.fefc8de2e3b6cb59f6dfb32ccaaff25b.jpg,640,640,Tomato leaf late blight,266,2,394,126
8950022d45978228d5e44a35183efdb9-tomatoes-dyi_jpg.rf.fefc8de2e3b6cb59f6dfb32ccaaff25b.jpg,640,640,Tomato Early blight leaf,100,74,285,220
Canker-GHTom-CAG-leaf-collapse-copy-50-QUALITY-1ur7cyk_jpg.rf.4c48baeedd97b923ae2506534060f8a5.jpg,640,640,Tomato leaf mosaic virus,134,19,525,633
tomato-plant-is-infected-with-septoria-leaf-spot-1_jpg.rf.603b84d303cf2363ba1ae1547877e09d.jpg,640,640,Tomato Septoria leaf spot,319,306,505,625
tomato-plant-is-infected-with-septoria-leaf-spot-1_jpg.rf.603b84d303cf2363ba1ae1547877e09d.jpg,640,640,Tomato Septoria leaf spot,423,5,619,225
tomato-plant-is-infected-with-septoria-leaf-spot-1_jpg.rf.603b84d303cf2363ba1ae1547877e09d.jpg,640,640,Tomato Septoria leaf spot,76,151,365,625
tomato-plant-is-infected-with-septoria-leaf-spot-1_jpg.rf.603b84d303cf2363ba1ae1547877e09d.jpg,640,640,Tomato Septoria leaf spot,92,9,334,131
tmv-tomato-9_jpg.rf.7af55578d41b405621c80daa4e6504fa.jpg,640,640,Tomato leaf yellow virus,0,27,638,638
IU-TYLCV_img_6_jpg.rf.ac4ebec1de217c77d22cce58e38ed246.jpg,640,640,Tomato leaf bacterial spot,122,487,148,511
IU-TYLCV_img_6_jpg.rf.ac4ebec1de217c77d22cce58e38ed246.jpg,640,640,Tomato leaf bacterial spot,32,576,52,615
IU-TYLCV_img_6_jpg.rf.ac4ebec1de217c77d22cce58e38ed246.jpg,640,640,Tomato leaf bacterial spot,32,550,52,582
IU-TYLCV_img_6_jpg.rf.ac4ebec1de217c77d22cce58e38ed246.jpg,640,640,Tomato leaf bacterial spot,70,532,90,576
IU-TYLCV_img_6_jpg.rf.ac4ebec1de217c77d22cce58e38ed246.jpg,640,640,Tomato leaf bacterial spot,135,576,167,602
IU-TYLCV_img_6_jpg.rf.ac4ebec1de217c77d22cce58e38ed246.jpg,640,640,Tomato leaf bacterial spot,167,429,185,474
IU-TYLCV_img_6_jpg.rf.ac4ebec1de217c77d22cce58e38ed246.jpg,640,640,Tomato leaf bacterial spot,192,416,212,455
IU-TYLCV_img_6_jpg.rf.ac4ebec1de217c77d22cce58e38ed246.jpg,640,640,Tomato leaf bacterial spot,211,435,243,460
IU-TYLCV_img_6_jpg.rf.ac4ebec1de217c77d22cce58e38ed246.jpg,640,640,Tomato leaf bacterial spot,179,588,212,627
IU-TYLCV_img_6_jpg.rf.ac4ebec1de217c77d22cce58e38ed246.jpg,640,640,Tomato leaf bacterial spot,89,479,109,493
IU-TYLCV_img_6_jpg.rf.ac4ebec1de217c77d22cce58e38ed246.jpg,640,640,Tomato leaf bacterial spot,25,403,64,442
IU-TYLCV_img_6_jpg.rf.ac4ebec1de217c77d22cce58e38ed246.jpg,640,640,Tomato leaf bacterial spot,128,429,148,449
IU-TYLCV_img_6_jpg.rf.ac4ebec1de217c77d22cce58e38ed246.jpg,640,640,Tomato leaf bacterial spot,51,569,71,608
IU-TYLCV_img_6_jpg.rf.ac4ebec1de217c77d22cce58e38ed246.jpg,640,640,Tomato leaf bacterial spot,230,498,268,551
IU-TYLCV_img_6_jpg.rf.ac4ebec1de217c77d22cce58e38ed246.jpg,640,640,Tomato leaf bacterial spot,212,454,256,506
IU-TYLCV_img_6_jpg.rf.ac4ebec1de217c77d22cce58e38ed246.jpg,640,640,Tomato leaf bacterial spot,179,480,224,512
IU-TYLCV_img_6_jpg.rf.ac4ebec1de217c77d22cce58e38ed246.jpg,640,640,Tomato leaf bacterial spot,166,532,205,570
IU-TYLCV_img_6_jpg.rf.ac4ebec1de217c77d22cce58e38ed246.jpg,640,640,Tomato leaf bacterial spot,96,499,116,538
IU-TYLCV_img_6_jpg.rf.ac4ebec1de217c77d22cce58e38ed246.jpg,640,640,Tomato leaf bacterial spot,428,518,570,615
IU-TYLCV_img_6_jpg.rf.ac4ebec1de217c77d22cce58e38ed246.jpg,640,640,Tomato leaf bacterial spot,397,416,551,519
IU-TYLCV_img_6_jpg.rf.ac4ebec1de217c77d22cce58e38ed246.jpg,640,640,Tomato leaf bacterial spot,19,135,52,167
IU-TYLCV_img_6_jpg.rf.ac4ebec1de217c77d22cce58e38ed246.jpg,640,640,Tomato leaf bacterial spot,102,242,147,295
IU-TYLCV_img_6_jpg.rf.ac4ebec1de217c77d22cce58e38ed246.jpg,640,640,Tomato leaf bacterial spot,115,128,141,154
IU-TYLCV_img_6_jpg.rf.ac4ebec1de217c77d22cce58e38ed246.jpg,640,640,Tomato leaf bacterial spot,160,153,186,185
IU-TYLCV_img_6_jpg.rf.ac4ebec1de217c77d22cce58e38ed246.jpg,640,640,Tomato leaf bacterial spot,205,77,249,121
IU-TYLCV_img_6_jpg.rf.ac4ebec1de217c77d22cce58e38ed246.jpg,640,640,Tomato leaf bacterial spot,19,185,39,250
IU-TYLCV_img_6_jpg.rf.ac4ebec1de217c77d22cce58e38ed246.jpg,640,640,Tomato leaf bacterial spot,180,135,206,159
IU-TYLCV_img_6_jpg.rf.ac4ebec1de217c77d22cce58e38ed246.jpg,640,640,Tomato leaf bacterial spot,199,173,243,212
IU-TYLCV_img_6_jpg.rf.ac4ebec1de217c77d22cce58e38ed246.jpg,640,640,Tomato leaf bacterial spot,166,224,192,268
IU-TYLCV_img_6_jpg.rf.ac4ebec1de217c77d22cce58e38ed246.jpg,640,640,Tomato leaf bacterial spot,160,186,178,212
IU-TYLCV_img_6_jpg.rf.ac4ebec1de217c77d22cce58e38ed246.jpg,640,640,Tomato leaf bacterial spot,142,134,166,154
IU-TYLCV_img_6_jpg.rf.ac4ebec1de217c77d22cce58e38ed246.jpg,640,640,Tomato leaf bacterial spot,64,185,102,238
IU-TYLCV_img_6_jpg.rf.ac4ebec1de217c77d22cce58e38ed246.jpg,640,640,Tomato leaf bacterial spot,25,83,70,148
IU-TYLCV_img_6_jpg.rf.ac4ebec1de217c77d22cce58e38ed246.jpg,640,640,Tomato leaf bacterial spot,77,89,109,148
IU-TYLCV_img_6_jpg.rf.ac4ebec1de217c77d22cce58e38ed246.jpg,640,640,Tomato leaf bacterial spot,218,237,262,281
TOMATO-20LATE-20BLIGHT-20ON-20LEAF_jpg.rf.be9612e085d79e830090bd04b5646fbc.jpg,640,640,Tomato leaf yellow virus,70,90,627,532
PxWBE_jpg.rf.26bd921f05ca02d904bb0b4c00ae528b.jpg,640,640,Tomato leaf late blight,101,154,314,243
PxWBE_jpg.rf.26bd921f05ca02d904bb0b4c00ae528b.jpg,640,640,Tomato leaf late blight,186,166,512,512
PxWBE_jpg.rf.26bd921f05ca02d904bb0b4c00ae528b.jpg,640,640,Tomato leaf late blight,141,58,295,173
PxWBE_jpg.rf.26bd921f05ca02d904bb0b4c00ae528b.jpg,640,640,Tomato leaf late blight,0,63,95,223
tomato-septoria-leaf-spot-600_jpg.rf.ec831f774b2b271a1d295cb98ed38ace.jpg,640,640,Tomato Septoria leaf spot,14,60,371,637
lb2_jpg.rf.548e806897a7c773f7c317657411bfda.jpg,640,640,Tomato leaf yellow virus,180,3,480,315
lb2_jpg.rf.548e806897a7c773f7c317657411bfda.jpg,640,640,Tomato leaf yellow virus,195,283,557,631
lb2_jpg.rf.548e806897a7c773f7c317657411bfda.jpg,640,640,Tomato leaf yellow virus,65,1,336,477
septoria_tom_seedlings5x1200_jpg.rf.d043ba04a8fab05803d92066d2e6db4a.jpg,640,640,Tomato Septoria leaf spot,13,378,621,633
septoria_tom_seedlings5x1200_jpg.rf.d043ba04a8fab05803d92066d2e6db4a.jpg,640,640,Tomato Septoria leaf spot,0,186,525,583
septoria_tom_seedlings5x1200_jpg.rf.d043ba04a8fab05803d92066d2e6db4a.jpg,640,640,Tomato Septoria leaf spot,32,12,634,403
IU-TYLCV_img_8_jpg.rf.572459085d3e5a5e296b612a13ce5fc2.jpg,640,640,Tomato leaf bacterial spot,512,32,634,96
IU-TYLCV_img_8_jpg.rf.572459085d3e5a5e296b612a13ce5fc2.jpg,640,640,Tomato leaf bacterial spot,186,557,288,628
IU-TYLCV_img_8_jpg.rf.572459085d3e5a5e296b612a13ce5fc2.jpg,640,640,Tomato leaf bacterial spot,205,333,384,512
IU-TYLCV_img_8_jpg.rf.572459085d3e5a5e296b612a13ce5fc2.jpg,640,640,Tomato leaf bacterial spot,467,480,570,595
IU-TYLCV_img_8_jpg.rf.572459085d3e5a5e296b612a13ce5fc2.jpg,640,640,Tomato leaf bacterial spot,537,301,634,428
IU-TYLCV_img_8_jpg.rf.572459085d3e5a5e296b612a13ce5fc2.jpg,640,640,Tomato leaf bacterial spot,333,487,429,595
tomato-septoria-3_jpg.rf.38924cb1e9c17d3802c3e7029afc5d37.jpg,640,640,Tomato Septoria leaf spot,58,525,365,633
tomato-septoria-3_jpg.rf.38924cb1e9c17d3802c3e7029afc5d37.jpg,640,640,Tomato Septoria leaf spot,288,409,506,551
tomato-septoria-3_jpg.rf.38924cb1e9c17d3802c3e7029afc5d37.jpg,640,640,Tomato Septoria leaf spot,218,224,384,461
PxWBE_jpg.rf.55c33f9b5c3ad0bca3ad2553652b90b6.jpg,640,640,Tomato leaf bacterial spot,115,447,279,576
PxWBE_jpg.rf.55c33f9b5c3ad0bca3ad2553652b90b6.jpg,640,640,Tomato leaf bacterial spot,0,383,89,549
PxWBE_jpg.rf.55c33f9b5c3ad0bca3ad2553652b90b6.jpg,640,640,Tomato leaf bacterial spot,88,378,307,482
PxWBE_jpg.rf.55c33f9b5c3ad0bca3ad2553652b90b6.jpg,640,640,Tomato leaf bacterial spot,171,115,534,492
PxWBE_jpg.rf.55c33f9b5c3ad0bca3ad2553652b90b6.jpg,640,640,Tomato leaf bacterial spot,30,0,253,145
PxWBE_jpg.rf.55c33f9b5c3ad0bca3ad2553652b90b6.jpg,640,640,Tomato leaf bacterial spot,260,0,492,142
tomato_D33a-Late-blight-015-OMAFHRT_zoom_jpg.rf.414a0390e67ffe02b88f22f34b34946d.jpg,640,640,Tomato leaf mosaic virus,263,217,443,486
Late-20blight-20tomato1_jpg.rf.48e93ca7917e142d49e1088ab7be6237.jpg,640,640,Tomato leaf yellow virus,45,192,391,410
PxWBE_jpg.rf.1c5934305085a5bb04c5463036f04518.jpg,640,640,Tomato leaf late blight,107,157,316,240
PxWBE_jpg.rf.1c5934305085a5bb04c5463036f04518.jpg,640,640,Tomato leaf late blight,188,170,514,513
PxWBE_jpg.rf.1c5934305085a5bb04c5463036f04518.jpg,640,640,Tomato leaf late blight,140,60,294,174
PxWBE_jpg.rf.1c5934305085a5bb04c5463036f04518.jpg,640,640,Tomato leaf late blight,2,66,99,222
tmv-tomato-9_jpg.rf.57c67e9e3e20702fab2d6ee0ee690501.jpg,640,640,Tomato leaf yellow virus,0,50,638,638
tomatoblight_jpg.rf.5d244ef0a4a059b71e1b17c6d3afd183.jpg,640,640,Tomato Early blight leaf,93,0,638,638
tomato-septoria-leaf-spot-600_jpg.rf.72dadd2f4df7d77f8a85a956d90e5ee2.jpg,640,640,Tomato Septoria leaf spot,13,57,378,634
late_blight_tomato_unusual-symptomsx1200_jpg.rf.dec5bfdd254350d3a59dfafc266e2133.jpg,640,640,Tomato leaf yellow virus,6,135,208,597
late_blight_tomato_unusual-symptomsx1200_jpg.rf.dec5bfdd254350d3a59dfafc266e2133.jpg,640,640,Tomato leaf yellow virus,82,14,253,483
late_blight_tomato_unusual-symptomsx1200_jpg.rf.dec5bfdd254350d3a59dfafc266e2133.jpg,640,640,Tomato leaf yellow virus,235,179,411,482
late_blight_tomato_unusual-symptomsx1200_jpg.rf.dec5bfdd254350d3a59dfafc266e2133.jpg,640,640,Tomato leaf yellow virus,336,253,622,593
late_blight_tomato_unusual-symptomsx1200_jpg.rf.dec5bfdd254350d3a59dfafc266e2133.jpg,640,640,Tomato leaf yellow virus,420,82,635,239
late_blight_tomato_unusual-symptomsx1200_jpg.rf.dec5bfdd254350d3a59dfafc266e2133.jpg,640,640,Tomato leaf yellow virus,256,65,473,309
septoria_tom_seedlings2x1200_jpg.rf.6785dc8cca3a28bb97c1f4b29ceba808.jpg,640,640,Tomato Septoria leaf spot,89,6,583,371
septoria_tom_seedlings2x1200_jpg.rf.6785dc8cca3a28bb97c1f4b29ceba808.jpg,640,640,Tomato Septoria leaf spot,198,372,621,633
septoria_tom_seedlings2x1200_jpg.rf.6785dc8cca3a28bb97c1f4b29ceba808.jpg,640,640,Tomato Septoria leaf spot,52,372,218,633
septoria_tom_seedlings2x1200_jpg.rf.6785dc8cca3a28bb97c1f4b29ceba808.jpg,640,640,Tomato Septoria leaf spot,71,256,294,416
caf212ccf4696675469a0beaa9e57213_jpg.rf.6d6c0ce2dc7ec3e5baa14709a89ae75c.jpg,640,640,Tomato Septoria leaf spot,165,53,466,622
Jeter-20Mtn-20Farm_7053_JPG_jpg.rf.a95e55d60bd45831063c10bf9ed7e9bf.jpg,640,640,Tomato leaf mosaic virus,308,115,634,449
LB-2-225x300_jpg.rf.2002f5583ab844dcdcfdace722abcbc7.jpg,640,640,Tomato leaf yellow virus,103,160,480,622
caf212ccf4696675469a0beaa9e57213_jpg.rf.de31cd01d14dc4805b4254cad2f98499.jpg,640,640,Tomato Septoria leaf spot,128,1,505,607
August-17-2012-Supplemental-6_jpg.rf.88ab205e59c6f5487779e08e6b83f685.jpg,640,640,Tomato leaf mosaic virus,180,225,432,460
caf212ccf4696675469a0beaa9e57213_jpg.rf.dc6ec2b9def63cd55c96e695a2f0a48d.jpg,640,640,Tomato Septoria leaf spot,164,50,465,621
TYLCV2_jpg.rf.f5a2cdc26ed4e6482b1781ebcc43c27a.jpg,640,640,Tomato leaf bacterial spot,397,416,435,493
TYLCV2_jpg.rf.f5a2cdc26ed4e6482b1781ebcc43c27a.jpg,640,640,Tomato leaf bacterial spot,512,224,583,313
TYLCV2_jpg.rf.f5a2cdc26ed4e6482b1781ebcc43c27a.jpg,640,640,Tomato leaf bacterial spot,423,288,506,365
TYLCV2_jpg.rf.f5a2cdc26ed4e6482b1781ebcc43c27a.jpg,640,640,Tomato leaf bacterial spot,256,428,301,487
TYLCV2_jpg.rf.f5a2cdc26ed4e6482b1781ebcc43c27a.jpg,640,640,Tomato leaf bacterial spot,288,371,346,435
TYLCV2_jpg.rf.f5a2cdc26ed4e6482b1781ebcc43c27a.jpg,640,640,Tomato leaf bacterial spot,320,352,358,423
TYLCV2_jpg.rf.f5a2cdc26ed4e6482b1781ebcc43c27a.jpg,640,640,Tomato leaf bacterial spot,243,319,282,372
TYLCV2_jpg.rf.f5a2cdc26ed4e6482b1781ebcc43c27a.jpg,640,640,Tomato leaf bacterial spot,237,243,314,320
TYLCV2_jpg.rf.f5a2cdc26ed4e6482b1781ebcc43c27a.jpg,640,640,Tomato leaf bacterial spot,141,340,192,442
TYLCV2_jpg.rf.f5a2cdc26ed4e6482b1781ebcc43c27a.jpg,640,640,Tomato leaf bacterial spot,83,333,142,410
TYLCV2_jpg.rf.f5a2cdc26ed4e6482b1781ebcc43c27a.jpg,640,640,Tomato leaf bacterial spot,38,276,135,353
TYLCV2_jpg.rf.f5a2cdc26ed4e6482b1781ebcc43c27a.jpg,640,640,Tomato leaf bacterial spot,428,428,467,487
TYLCV2_jpg.rf.f5a2cdc26ed4e6482b1781ebcc43c27a.jpg,640,640,Tomato leaf bacterial spot,416,353,455,442
TYLCV2_jpg.rf.f5a2cdc26ed4e6482b1781ebcc43c27a.jpg,640,640,Tomato leaf bacterial spot,473,352,544,416
dscn6689_jpg.rf.474166b92a7415f167ec28dce66ada60.jpg,640,640,Tomato mold leaf,79,192,565,566
single-a-green-leaf-of-tomato-picture-id496662675-k-6-m-496662675-s-612x612-w-0-h-6zKfv022H_9cLQSIR_kpcOAlTeg1eIVtLBbc80PQA7Y-_jpg.rf.278e76097249ac58e8f59d6bdd6f889a.jpg,640,640,Tomato leaf bacterial spot,82,43,366,260
single-a-green-leaf-of-tomato-picture-id496662675-k-6-m-496662675-s-612x612-w-0-h-6zKfv022H_9cLQSIR_kpcOAlTeg1eIVtLBbc80PQA7Y-_jpg.rf.278e76097249ac58e8f59d6bdd6f889a.jpg,640,640,Tomato leaf bacterial spot,339,43,487,306
single-a-green-leaf-of-tomato-picture-id496662675-k-6-m-496662675-s-612x612-w-0-h-6zKfv022H_9cLQSIR_kpcOAlTeg1eIVtLBbc80PQA7Y-_jpg.rf.278e76097249ac58e8f59d6bdd6f889a.jpg,640,640,Tomato leaf bacterial spot,105,192,404,432
single-a-green-leaf-of-tomato-picture-id496662675-k-6-m-496662675-s-612x612-w-0-h-6zKfv022H_9cLQSIR_kpcOAlTeg1eIVtLBbc80PQA7Y-_jpg.rf.278e76097249ac58e8f59d6bdd6f889a.jpg,640,640,Tomato leaf bacterial spot,439,255,590,422
single-a-green-leaf-of-tomato-picture-id496662675-k-6-m-496662675-s-612x612-w-0-h-6zKfv022H_9cLQSIR_kpcOAlTeg1eIVtLBbc80PQA7Y-_jpg.rf.278e76097249ac58e8f59d6bdd6f889a.jpg,640,640,Tomato leaf bacterial spot,285,347,462,602
100_8283_jpg.rf.41ea666e2db41f5118998ffd4a524ce3.jpg,640,640,Tomato leaf bacterial spot,17,455,121,511
100_8283_jpg.rf.41ea666e2db41f5118998ffd4a524ce3.jpg,640,640,Tomato leaf bacterial spot,445,434,508,469
100_8283_jpg.rf.41ea666e2db41f5118998ffd4a524ce3.jpg,640,640,Tomato leaf bacterial spot,362,363,435,468
100_8283_jpg.rf.41ea666e2db41f5118998ffd4a524ce3.jpg,640,640,Tomato leaf bacterial spot,243,376,346,436
100_8283_jpg.rf.41ea666e2db41f5118998ffd4a524ce3.jpg,640,640,Tomato leaf bacterial spot,330,324,455,367
100_8283_jpg.rf.41ea666e2db41f5118998ffd4a524ce3.jpg,640,640,Tomato leaf bacterial spot,5,288,128,361
100_8283_jpg.rf.41ea666e2db41f5118998ffd4a524ce3.jpg,640,640,Tomato leaf bacterial spot,395,219,606,327
100_8283_jpg.rf.41ea666e2db41f5118998ffd4a524ce3.jpg,640,640,Tomato leaf bacterial spot,229,41,549,292
kg32-beefsteak-tomatoes-08_lg_jpg.rf.894d255a19783524156b5b8c1a1b7f09.jpg,640,640,Tomato leaf mosaic virus,333,109,512,609
kg32-beefsteak-tomatoes-08_lg_jpg.rf.894d255a19783524156b5b8c1a1b7f09.jpg,640,640,Tomato leaf mosaic virus,205,256,365,633
8950022d45978228d5e44a35183efdb9-tomatoes-dyi_jpg.rf.c07f15f21fa290c86c8f8d504e1e304c.jpg,640,640,Tomato Early blight leaf,26,461,346,615
8950022d45978228d5e44a35183efdb9-tomatoes-dyi_jpg.rf.c07f15f21fa290c86c8f8d504e1e304c.jpg,640,640,Tomato Early blight leaf,20,249,283,385
8950022d45978228d5e44a35183efdb9-tomatoes-dyi_jpg.rf.c07f15f21fa290c86c8f8d504e1e304c.jpg,640,640,Tomato Early blight leaf,358,205,634,326
8950022d45978228d5e44a35183efdb9-tomatoes-dyi_jpg.rf.c07f15f21fa290c86c8f8d504e1e304c.jpg,640,640,Tomato Early blight leaf,313,122,570,199
8950022d45978228d5e44a35183efdb9-tomatoes-dyi_jpg.rf.c07f15f21fa290c86c8f8d504e1e304c.jpg,640,640,Tomato leaf late blight,268,0,390,128
8950022d45978228d5e44a35183efdb9-tomatoes-dyi_jpg.rf.c07f15f21fa290c86c8f8d504e1e304c.jpg,640,640,Tomato Early blight leaf,103,70,283,218
Canker-GHTom-CAG-leaf-collapse-copy-50-QUALITY-1ur7cyk_jpg.rf.9a86a8d083e220b17cc5d00eed9cd8cb.jpg,640,640,Tomato leaf mosaic virus,137,21,517,637
CankerFoliar-copy-50-QUALITY-122b09b_jpg.rf.ed073973585e58d8494a992d487244a6.jpg,640,640,Tomato leaf mosaic virus,110,454,436,634
CankerFoliar-copy-50-QUALITY-122b09b_jpg.rf.ed073973585e58d8494a992d487244a6.jpg,640,640,Tomato leaf mosaic virus,6,102,219,436
CankerFoliar-copy-50-QUALITY-122b09b_jpg.rf.ed073973585e58d8494a992d487244a6.jpg,640,640,Tomato leaf mosaic virus,243,224,531,538
role-of-whitefly-in-plant-virus-transmission-by-pmanikandan-25-638_jpg.rf.1fb1ee48ac3288f6873a804f8fc12bd1.jpg,640,640,Tomato leaf bacterial spot,121,416,154,461
role-of-whitefly-in-plant-virus-transmission-by-pmanikandan-25-638_jpg.rf.1fb1ee48ac3288f6873a804f8fc12bd1.jpg,640,640,Tomato leaf bacterial spot,70,403,122,442
role-of-whitefly-in-plant-virus-transmission-by-pmanikandan-25-638_jpg.rf.1fb1ee48ac3288f6873a804f8fc12bd1.jpg,640,640,Tomato leaf bacterial spot,339,288,359,320
role-of-whitefly-in-plant-virus-transmission-by-pmanikandan-25-638_jpg.rf.1fb1ee48ac3288f6873a804f8fc12bd1.jpg,640,640,Tomato leaf bacterial spot,301,499,339,538
role-of-whitefly-in-plant-virus-transmission-by-pmanikandan-25-638_jpg.rf.1fb1ee48ac3288f6873a804f8fc12bd1.jpg,640,640,Tomato leaf bacterial spot,281,518,295,557
role-of-whitefly-in-plant-virus-transmission-by-pmanikandan-25-638_jpg.rf.1fb1ee48ac3288f6873a804f8fc12bd1.jpg,640,640,Tomato leaf bacterial spot,351,525,384,583
role-of-whitefly-in-plant-virus-transmission-by-pmanikandan-25-638_jpg.rf.1fb1ee48ac3288f6873a804f8fc12bd1.jpg,640,640,Tomato leaf bacterial spot,237,486,275,531
role-of-whitefly-in-plant-virus-transmission-by-pmanikandan-25-638_jpg.rf.1fb1ee48ac3288f6873a804f8fc12bd1.jpg,640,640,Tomato leaf bacterial spot,486,474,531,512
role-of-whitefly-in-plant-virus-transmission-by-pmanikandan-25-638_jpg.rf.1fb1ee48ac3288f6873a804f8fc12bd1.jpg,640,640,Tomato leaf bacterial spot,499,378,544,422
role-of-whitefly-in-plant-virus-transmission-by-pmanikandan-25-638_jpg.rf.1fb1ee48ac3288f6873a804f8fc12bd1.jpg,640,640,Tomato leaf bacterial spot,205,435,243,487
role-of-whitefly-in-plant-virus-transmission-by-pmanikandan-25-638_jpg.rf.1fb1ee48ac3288f6873a804f8fc12bd1.jpg,640,640,Tomato leaf bacterial spot,390,480,422,545
role-of-whitefly-in-plant-virus-transmission-by-pmanikandan-25-638_jpg.rf.1fb1ee48ac3288f6873a804f8fc12bd1.jpg,640,640,Tomato leaf bacterial spot,435,461,474,525
role-of-whitefly-in-plant-virus-transmission-by-pmanikandan-25-638_jpg.rf.1fb1ee48ac3288f6873a804f8fc12bd1.jpg,640,640,Tomato leaf bacterial spot,237,294,255,346
role-of-whitefly-in-plant-virus-transmission-by-pmanikandan-25-638_jpg.rf.1fb1ee48ac3288f6873a804f8fc12bd1.jpg,640,640,Tomato leaf bacterial spot,263,295,289,333
role-of-whitefly-in-plant-virus-transmission-by-pmanikandan-25-638_jpg.rf.1fb1ee48ac3288f6873a804f8fc12bd1.jpg,640,640,Tomato leaf bacterial spot,295,307,313,339
role-of-whitefly-in-plant-virus-transmission-by-pmanikandan-25-638_jpg.rf.1fb1ee48ac3288f6873a804f8fc12bd1.jpg,640,640,Tomato leaf bacterial spot,321,320,345,352
role-of-whitefly-in-plant-virus-transmission-by-pmanikandan-25-638_jpg.rf.1fb1ee48ac3288f6873a804f8fc12bd1.jpg,640,640,Tomato leaf bacterial spot,288,403,314,462
role-of-whitefly-in-plant-virus-transmission-by-pmanikandan-25-638_jpg.rf.1fb1ee48ac3288f6873a804f8fc12bd1.jpg,640,640,Tomato leaf bacterial spot,314,448,352,480
role-of-whitefly-in-plant-virus-transmission-by-pmanikandan-25-638_jpg.rf.1fb1ee48ac3288f6873a804f8fc12bd1.jpg,640,640,Tomato leaf bacterial spot,345,345,390,378
tomato-yellow-closeup-4_jpg.rf.7ccb9e683d67078257c26a8e2ab0fb1f.jpg,640,640,Tomato leaf bacterial spot,211,372,300,563
tomato-yellow-closeup-4_jpg.rf.7ccb9e683d67078257c26a8e2ab0fb1f.jpg,640,640,Tomato leaf bacterial spot,152,191,240,385
tomato-yellow-closeup-4_jpg.rf.7ccb9e683d67078257c26a8e2ab0fb1f.jpg,640,640,Tomato leaf bacterial spot,268,51,369,220
tomato-yellow-closeup-4_jpg.rf.7ccb9e683d67078257c26a8e2ab0fb1f.jpg,640,640,Tomato leaf bacterial spot,362,111,439,228
tomato-yellow-closeup-4_jpg.rf.7ccb9e683d67078257c26a8e2ab0fb1f.jpg,640,640,Tomato leaf bacterial spot,320,355,405,491
tomato-yellow-closeup-4_jpg.rf.7ccb9e683d67078257c26a8e2ab0fb1f.jpg,640,640,Tomato leaf bacterial spot,469,394,574,525
tomato_D33a-Late-blight-015-OMAFHRT_zoom_jpg.rf.59a558273bd5e487ccf1ffa455fbf314.jpg,640,640,Tomato leaf mosaic virus,196,153,379,425
dscn6689_jpg.rf.37e83e99ca2699f6ee2f9a124ba64f90.jpg,640,640,Tomato mold leaf,77,186,571,572
single-a-green-leaf-of-tomato-picture-id496662675-k-6-m-496662675-s-612x612-w-0-h-6zKfv022H_9cLQSIR_kpcOAlTeg1eIVtLBbc80PQA7Y-_jpg.rf.09805555387ce547b44ae63474fed036.jpg,640,640,Tomato leaf bacterial spot,82,381,366,598
single-a-green-leaf-of-tomato-picture-id496662675-k-6-m-496662675-s-612x612-w-0-h-6zKfv022H_9cLQSIR_kpcOAlTeg1eIVtLBbc80PQA7Y-_jpg.rf.09805555387ce547b44ae63474fed036.jpg,640,640,Tomato leaf bacterial spot,339,335,487,598
single-a-green-leaf-of-tomato-picture-id496662675-k-6-m-496662675-s-612x612-w-0-h-6zKfv022H_9cLQSIR_kpcOAlTeg1eIVtLBbc80PQA7Y-_jpg.rf.09805555387ce547b44ae63474fed036.jpg,640,640,Tomato leaf bacterial spot,105,209,404,449
single-a-green-leaf-of-tomato-picture-id496662675-k-6-m-496662675-s-612x612-w-0-h-6zKfv022H_9cLQSIR_kpcOAlTeg1eIVtLBbc80PQA7Y-_jpg.rf.09805555387ce547b44ae63474fed036.jpg,640,640,Tomato leaf bacterial spot,439,218,590,385
single-a-green-leaf-of-tomato-picture-id496662675-k-6-m-496662675-s-612x612-w-0-h-6zKfv022H_9cLQSIR_kpcOAlTeg1eIVtLBbc80PQA7Y-_jpg.rf.09805555387ce547b44ae63474fed036.jpg,640,640,Tomato leaf bacterial spot,285,38,462,293
stock-photo-leaves-of-tomato-plant-isolated-on-white-12085288_jpg.rf.ebe9f91a3de799704e7c176d4c205264.jpg,640,640,Tomato leaf late blight,119,239,253,546
stock-photo-leaves-of-tomato-plant-isolated-on-white-12085288_jpg.rf.ebe9f91a3de799704e7c176d4c205264.jpg,640,640,Tomato leaf late blight,29,266,134,500
stock-photo-leaves-of-tomato-plant-isolated-on-white-12085288_jpg.rf.ebe9f91a3de799704e7c176d4c205264.jpg,640,640,Tomato leaf late blight,222,193,326,476
stock-photo-leaves-of-tomato-plant-isolated-on-white-12085288_jpg.rf.ebe9f91a3de799704e7c176d4c205264.jpg,640,640,Tomato leaf late blight,382,294,471,472
stock-photo-leaves-of-tomato-plant-isolated-on-white-12085288_jpg.rf.ebe9f91a3de799704e7c176d4c205264.jpg,640,640,Tomato leaf late blight,462,315,585,568
stock-photo-leaves-of-tomato-plant-isolated-on-white-12085288_jpg.rf.ebe9f91a3de799704e7c176d4c205264.jpg,640,640,Tomato leaf late blight,472,223,634,385
stock-photo-leaves-of-tomato-plant-isolated-on-white-12085288_jpg.rf.ebe9f91a3de799704e7c176d4c205264.jpg,640,640,Tomato leaf late blight,423,115,526,294
stock-photo-leaves-of-tomato-plant-isolated-on-white-12085288_jpg.rf.ebe9f91a3de799704e7c176d4c205264.jpg,640,640,Tomato leaf late blight,350,51,453,254
Tomato-2Bmosaic-2Bvirus_jpg.rf.af616e161db25495b75c09b67a9af5d1.jpg,640,640,Tomato leaf,16,274,250,612
IMG_5813-1024x768_jpg.rf.2e58bb4f0258984aa61fe05a3fb95f15.jpg,640,640,Tomato leaf mosaic virus,171,63,498,531
IMG_5813-1024x768_jpg.rf.509ceb4844928c1f5aae1dbea079b658.jpg,640,640,Tomato leaf mosaic virus,213,122,467,556
90e2c0_jpg.rf.7db151c9cded2471f0e2a8daba4c3928.jpg,640,640,Tomato leaf late blight,149,20,520,518
9511_img_jpg.rf.434c660f39927b6c72195438f47c781c.jpg,640,640,Tomato leaf,63,442,142,622
9511_img_jpg.rf.434c660f39927b6c72195438f47c781c.jpg,640,640,Tomato leaf,126,125,199,189
9511_img_jpg.rf.434c660f39927b6c72195438f47c781c.jpg,640,640,Tomato leaf,211,155,271,263
9511_img_jpg.rf.434c660f39927b6c72195438f47c781c.jpg,640,640,Tomato leaf,554,393,620,579
9511_img_jpg.rf.434c660f39927b6c72195438f47c781c.jpg,640,640,Tomato leaf,77,251,158,320
9511_img_jpg.rf.434c660f39927b6c72195438f47c781c.jpg,640,640,Tomato leaf,79,120,122,211
9511_img_jpg.rf.434c660f39927b6c72195438f47c781c.jpg,640,640,Tomato leaf,188,255,274,314
9511_img_jpg.rf.434c660f39927b6c72195438f47c781c.jpg,640,640,Tomato leaf,142,332,236,417
9511_img_jpg.rf.434c660f39927b6c72195438f47c781c.jpg,640,640,Tomato leaf,443,148,540,235
9511_img_jpg.rf.434c660f39927b6c72195438f47c781c.jpg,640,640,Tomato leaf,485,219,580,308
9511_img_jpg.rf.434c660f39927b6c72195438f47c781c.jpg,640,640,Tomato leaf,343,286,425,480
9511_img_jpg.rf.434c660f39927b6c72195438f47c781c.jpg,640,640,Tomato leaf,373,311,493,478
role-of-whitefly-in-plant-virus-transmission-by-pmanikandan-13-638_jpg.rf.3ebf1c33d24de413c627d841e756b164.jpg,640,640,Tomato leaf bacterial spot,313,518,384,557
role-of-whitefly-in-plant-virus-transmission-by-pmanikandan-13-638_jpg.rf.3ebf1c33d24de413c627d841e756b164.jpg,640,640,Tomato leaf bacterial spot,70,390,179,487
role-of-whitefly-in-plant-virus-transmission-by-pmanikandan-13-638_jpg.rf.3ebf1c33d24de413c627d841e756b164.jpg,640,640,Tomato leaf bacterial spot,384,543,455,595
role-of-whitefly-in-plant-virus-transmission-by-pmanikandan-13-638_jpg.rf.3ebf1c33d24de413c627d841e756b164.jpg,640,640,Tomato leaf bacterial spot,218,492,250,525
role-of-whitefly-in-plant-virus-transmission-by-pmanikandan-13-638_jpg.rf.3ebf1c33d24de413c627d841e756b164.jpg,640,640,Tomato leaf bacterial spot,263,505,289,558
role-of-whitefly-in-plant-virus-transmission-by-pmanikandan-13-638_jpg.rf.3ebf1c33d24de413c627d841e756b164.jpg,640,640,Tomato leaf bacterial spot,109,518,154,576
role-of-whitefly-in-plant-virus-transmission-by-pmanikandan-13-638_jpg.rf.3ebf1c33d24de413c627d841e756b164.jpg,640,640,Tomato leaf bacterial spot,173,460,199,512
role-of-whitefly-in-plant-virus-transmission-by-pmanikandan-13-638_jpg.rf.3ebf1c33d24de413c627d841e756b164.jpg,640,640,Tomato leaf bacterial spot,115,461,160,525
role-of-whitefly-in-plant-virus-transmission-by-pmanikandan-13-638_jpg.rf.3ebf1c33d24de413c627d841e756b164.jpg,640,640,Tomato leaf bacterial spot,147,512,185,583
role-of-whitefly-in-plant-virus-transmission-by-pmanikandan-13-638_jpg.rf.3ebf1c33d24de413c627d841e756b164.jpg,640,640,Tomato leaf bacterial spot,135,340,212,423
role-of-whitefly-in-plant-virus-transmission-by-pmanikandan-13-638_jpg.rf.3ebf1c33d24de413c627d841e756b164.jpg,640,640,Tomato leaf bacterial spot,122,255,186,308
role-of-whitefly-in-plant-virus-transmission-by-pmanikandan-13-638_jpg.rf.3ebf1c33d24de413c627d841e756b164.jpg,640,640,Tomato leaf bacterial spot,173,160,218,249
role-of-whitefly-in-plant-virus-transmission-by-pmanikandan-13-638_jpg.rf.3ebf1c33d24de413c627d841e756b164.jpg,640,640,Tomato leaf bacterial spot,102,160,167,231
role-of-whitefly-in-plant-virus-transmission-by-pmanikandan-13-638_jpg.rf.3ebf1c33d24de413c627d841e756b164.jpg,640,640,Tomato leaf bacterial spot,218,320,262,365
role-of-whitefly-in-plant-virus-transmission-by-pmanikandan-13-638_jpg.rf.3ebf1c33d24de413c627d841e756b164.jpg,640,640,Tomato leaf bacterial spot,289,338,333,391
role-of-whitefly-in-plant-virus-transmission-by-pmanikandan-13-638_jpg.rf.3ebf1c33d24de413c627d841e756b164.jpg,640,640,Tomato leaf bacterial spot,237,365,275,442
role-of-whitefly-in-plant-virus-transmission-by-pmanikandan-13-638_jpg.rf.3ebf1c33d24de413c627d841e756b164.jpg,640,640,Tomato leaf bacterial spot,307,223,345,275
role-of-whitefly-in-plant-virus-transmission-by-pmanikandan-13-638_jpg.rf.3ebf1c33d24de413c627d841e756b164.jpg,640,640,Tomato leaf bacterial spot,275,237,301,275
role-of-whitefly-in-plant-virus-transmission-by-pmanikandan-13-638_jpg.rf.3ebf1c33d24de413c627d841e756b164.jpg,640,640,Tomato leaf bacterial spot,256,179,313,250
role-of-whitefly-in-plant-virus-transmission-by-pmanikandan-13-638_jpg.rf.3ebf1c33d24de413c627d841e756b164.jpg,640,640,Tomato leaf bacterial spot,372,224,410,333
role-of-whitefly-in-plant-virus-transmission-by-pmanikandan-13-638_jpg.rf.3ebf1c33d24de413c627d841e756b164.jpg,640,640,Tomato leaf bacterial spot,416,205,461,294
role-of-whitefly-in-plant-virus-transmission-by-pmanikandan-13-638_jpg.rf.3ebf1c33d24de413c627d841e756b164.jpg,640,640,Tomato leaf bacterial spot,448,236,519,289
role-of-whitefly-in-plant-virus-transmission-by-pmanikandan-13-638_jpg.rf.3ebf1c33d24de413c627d841e756b164.jpg,640,640,Tomato leaf bacterial spot,492,365,551,448
role-of-whitefly-in-plant-virus-transmission-by-pmanikandan-13-638_jpg.rf.3ebf1c33d24de413c627d841e756b164.jpg,640,640,Tomato leaf bacterial spot,371,436,435,507
role-of-whitefly-in-plant-virus-transmission-by-pmanikandan-13-638_jpg.rf.3ebf1c33d24de413c627d841e756b164.jpg,640,640,Tomato leaf bacterial spot,390,332,455,397
role-of-whitefly-in-plant-virus-transmission-by-pmanikandan-13-638_jpg.rf.3ebf1c33d24de413c627d841e756b164.jpg,640,640,Tomato leaf bacterial spot,467,288,511,384
dscn3175_jpg.rf.974d2346adecb26c92e690b306b78772.jpg,640,640,Tomato Early blight leaf,280,131,398,523
dscn3175_jpg.rf.974d2346adecb26c92e690b306b78772.jpg,640,640,Tomato Early blight leaf,159,100,213,334
dscn3175_jpg.rf.974d2346adecb26c92e690b306b78772.jpg,640,640,Tomato Early blight leaf,176,3,242,145
dscn3175_jpg.rf.974d2346adecb26c92e690b306b78772.jpg,640,640,Tomato Early blight leaf,45,351,149,638
dscn3175_jpg.rf.974d2346adecb26c92e690b306b78772.jpg,640,640,Tomato Early blight leaf,479,191,639,577
dscn3175_jpg.rf.974d2346adecb26c92e690b306b78772.jpg,640,640,Tomato Early blight leaf,445,6,597,139
DSCN2697_jpg.rf.d37835e5b09c69053fd42de53585e002.jpg,640,640,Tomato mold leaf,115,139,622,550
stock-photo-tomato-leaf-isolated-on-white-background-580281301_jpg.rf.d35b9f7d11b7a6ed9d0c5689c2094a93.jpg,640,640,Tomato leaf bacterial spot,65,301,350,559
stock-photo-tomato-leaf-isolated-on-white-background-580281301_jpg.rf.d35b9f7d11b7a6ed9d0c5689c2094a93.jpg,640,640,Tomato leaf bacterial spot,334,254,563,517
stock-photo-tomato-leaf-isolated-on-white-background-580281301_jpg.rf.d35b9f7d11b7a6ed9d0c5689c2094a93.jpg,640,640,Tomato leaf bacterial spot,197,66,429,443
stock-vector-set-of-vector-elements-for-your-design-red-ripe-tomatoes-with-water-drops-tomato-leaves-and-tomato-203297116_jpg.rf.522778e4be21db6fd93d4e702d508044.jpg,640,640,Tomato leaf bacterial spot,18,181,181,332
stock-vector-set-of-vector-elements-for-your-design-red-ripe-tomatoes-with-water-drops-tomato-leaves-and-tomato-203297116_jpg.rf.522778e4be21db6fd93d4e702d508044.jpg,640,640,Tomato leaf bacterial spot,146,209,297,380
stock-vector-set-of-vector-elements-for-your-design-red-ripe-tomatoes-with-water-drops-tomato-leaves-and-tomato-203297116_jpg.rf.522778e4be21db6fd93d4e702d508044.jpg,640,640,Tomato leaf bacterial spot,243,284,352,447
stock-vector-set-of-vector-elements-for-your-design-red-ripe-tomatoes-with-water-drops-tomato-leaves-and-tomato-203297116_jpg.rf.522778e4be21db6fd93d4e702d508044.jpg,640,640,Tomato leaf bacterial spot,0,325,214,426
stock-vector-set-of-vector-elements-for-your-design-red-ripe-tomatoes-with-water-drops-tomato-leaves-and-tomato-203297116_jpg.rf.522778e4be21db6fd93d4e702d508044.jpg,640,640,Tomato leaf bacterial spot,81,404,241,504
septoria_tom_leaves1x1200_jpg.rf.fe4affb11330d0046e2fb1d0d48be67c.jpg,640,640,Tomato Septoria leaf spot,82,96,245,222
septoria_tom_leaves1x1200_jpg.rf.fe4affb11330d0046e2fb1d0d48be67c.jpg,640,640,Tomato Septoria leaf spot,22,186,402,359
septoria_tom_leaves1x1200_jpg.rf.fe4affb11330d0046e2fb1d0d48be67c.jpg,640,640,Tomato Septoria leaf spot,331,299,526,628
ToamtoLateBlight3-Version-3-oohvze_jpg.rf.886f5ea0dacef30ef314f2ebd7340703.jpg,640,640,Tomato leaf mosaic virus,13,137,392,615
100_46341_jpg.rf.da7848c38f81cbcf806ff39fc10f7267.jpg,640,640,Tomato Early blight leaf,262,97,509,537
100_8283_jpg.rf.3a8219db6a2a59e3ea731d1efc484625.jpg,640,640,Tomato leaf late blight,231,346,551,602
100_8283_jpg.rf.3a8219db6a2a59e3ea731d1efc484625.jpg,640,640,Tomato leaf late blight,244,206,345,263
100_8283_jpg.rf.3a8219db6a2a59e3ea731d1efc484625.jpg,640,640,Tomato leaf late blight,6,282,128,353
100_8283_jpg.rf.3a8219db6a2a59e3ea731d1efc484625.jpg,640,640,Tomato leaf late blight,333,275,455,314
100_8283_jpg.rf.3a8219db6a2a59e3ea731d1efc484625.jpg,640,640,Tomato leaf late blight,365,173,436,276
100_8283_jpg.rf.3a8219db6a2a59e3ea731d1efc484625.jpg,640,640,Tomato leaf late blight,397,313,608,422
100_8283_jpg.rf.3a8219db6a2a59e3ea731d1efc484625.jpg,640,640,Tomato leaf late blight,20,128,123,186
100_8283_jpg.rf.3a8219db6a2a59e3ea731d1efc484625.jpg,640,640,Tomato leaf late blight,442,172,506,205
IMG_5813_jpg.rf.ef4bfb648896b2b04242172092cbf425.jpg,640,640,Tomato leaf mosaic virus,195,144,451,495
IMG_5813_jpg.rf.f34e400497187e57461d2f418c97cd01.jpg,640,640,Tomato leaf mosaic virus,213,158,421,482
3785483636_d888419c98_o_jpg.rf.0f1699317e7991e25a411b06551f9283.jpg,640,640,Tomato leaf mosaic virus,284,207,582,488
3785483636_d888419c98_o_jpg.rf.0f1699317e7991e25a411b06551f9283.jpg,640,640,Tomato leaf mosaic virus,56,312,339,543
IU-TYLCV_img_6_jpg.rf.141fc60da26bcf54385ce0bb20655d3c.jpg,640,640,Tomato leaf,32,502,76,566
IU-TYLCV_img_6_jpg.rf.141fc60da26bcf54385ce0bb20655d3c.jpg,640,640,Tomato leaf,83,503,120,559
IU-TYLCV_img_6_jpg.rf.141fc60da26bcf54385ce0bb20655d3c.jpg,640,640,Tomato leaf bacterial spot,583,421,640,572
IU-TYLCV_img_6_jpg.rf.141fc60da26bcf54385ce0bb20655d3c.jpg,640,640,Tomato leaf,122,495,146,520
IU-TYLCV_img_6_jpg.rf.141fc60da26bcf54385ce0bb20655d3c.jpg,640,640,Tomato leaf,146,494,172,514
IU-TYLCV_img_6_jpg.rf.141fc60da26bcf54385ce0bb20655d3c.jpg,640,640,Tomato leaf,182,488,213,515
IU-TYLCV_img_6_jpg.rf.141fc60da26bcf54385ce0bb20655d3c.jpg,640,640,Tomato leaf,22,487,56,519
IU-TYLCV_img_6_jpg.rf.141fc60da26bcf54385ce0bb20655d3c.jpg,640,640,Tomato leaf bacterial spot,487,421,578,521
IU-TYLCV_img_6_jpg.rf.141fc60da26bcf54385ce0bb20655d3c.jpg,640,640,Tomato leaf,166,463,192,492
IU-TYLCV_img_6_jpg.rf.141fc60da26bcf54385ce0bb20655d3c.jpg,640,640,Tomato leaf,202,432,246,470
IU-TYLCV_img_6_jpg.rf.141fc60da26bcf54385ce0bb20655d3c.jpg,640,640,Tomato leaf,161,435,187,463
IU-TYLCV_img_6_jpg.rf.141fc60da26bcf54385ce0bb20655d3c.jpg,640,640,Tomato leaf,66,414,106,465
IU-TYLCV_img_6_jpg.rf.141fc60da26bcf54385ce0bb20655d3c.jpg,640,640,Tomato leaf,18,398,44,464
IU-TYLCV_img_6_jpg.rf.141fc60da26bcf54385ce0bb20655d3c.jpg,640,640,Tomato leaf,167,375,198,426
IU-TYLCV_img_6_jpg.rf.141fc60da26bcf54385ce0bb20655d3c.jpg,640,640,Tomato leaf bacterial spot,472,342,566,416
IU-TYLCV_img_6_jpg.rf.141fc60da26bcf54385ce0bb20655d3c.jpg,640,640,Tomato leaf,216,364,262,411
IU-TYLCV_img_6_jpg.rf.141fc60da26bcf54385ce0bb20655d3c.jpg,640,640,Tomato leaf,104,352,148,409
IU-TYLCV_img_6_jpg.rf.141fc60da26bcf54385ce0bb20655d3c.jpg,640,640,Tomato leaf,20,210,60,250
IU-TYLCV_img_6_jpg.rf.141fc60da26bcf54385ce0bb20655d3c.jpg,640,640,Tomato leaf,184,187,210,227
IU-TYLCV_img_6_jpg.rf.141fc60da26bcf54385ce0bb20655d3c.jpg,640,640,Tomato leaf,125,197,142,218
IU-TYLCV_img_6_jpg.rf.141fc60da26bcf54385ce0bb20655d3c.jpg,640,640,Tomato leaf,163,173,183,219
IU-TYLCV_img_6_jpg.rf.141fc60da26bcf54385ce0bb20655d3c.jpg,640,640,Tomato leaf,202,180,241,209
IU-TYLCV_img_6_jpg.rf.141fc60da26bcf54385ce0bb20655d3c.jpg,640,640,Tomato leaf,389,117,543,221
IU-TYLCV_img_6_jpg.rf.141fc60da26bcf54385ce0bb20655d3c.jpg,640,640,Tomato leaf,206,142,249,193
IU-TYLCV_img_6_jpg.rf.141fc60da26bcf54385ce0bb20655d3c.jpg,640,640,Tomato leaf,84,156,105,173
IU-TYLCV_img_6_jpg.rf.141fc60da26bcf54385ce0bb20655d3c.jpg,640,640,Tomato leaf,172,133,216,164
IU-TYLCV_img_6_jpg.rf.141fc60da26bcf54385ce0bb20655d3c.jpg,640,640,Tomato leaf,115,137,141,161
IU-TYLCV_img_6_jpg.rf.141fc60da26bcf54385ce0bb20655d3c.jpg,640,640,Tomato leaf,89,111,109,152
IU-TYLCV_img_6_jpg.rf.141fc60da26bcf54385ce0bb20655d3c.jpg,640,640,Tomato leaf,220,93,263,149
IU-TYLCV_img_6_jpg.rf.141fc60da26bcf54385ce0bb20655d3c.jpg,640,640,Tomato leaf,156,77,198,114
IU-TYLCV_img_6_jpg.rf.141fc60da26bcf54385ce0bb20655d3c.jpg,640,640,Tomato leaf,85,73,107,119
IU-TYLCV_img_6_jpg.rf.141fc60da26bcf54385ce0bb20655d3c.jpg,640,640,Tomato leaf,23,70,43,101
IU-TYLCV_img_6_jpg.rf.141fc60da26bcf54385ce0bb20655d3c.jpg,640,640,Tomato leaf,415,15,566,120
IU-TYLCV_img_6_jpg.rf.141fc60da26bcf54385ce0bb20655d3c.jpg,640,640,Tomato leaf,126,47,159,75
IU-TYLCV_img_6_jpg.rf.141fc60da26bcf54385ce0bb20655d3c.jpg,640,640,Tomato leaf,38,42,62,83
IU-TYLCV_img_6_jpg.rf.141fc60da26bcf54385ce0bb20655d3c.jpg,640,640,Tomato leaf,19,38,39,78
IU-TYLCV_img_6_jpg.rf.141fc60da26bcf54385ce0bb20655d3c.jpg,640,640,Tomato leaf,165,20,202,55
IU-TYLCV_img_6_jpg.rf.141fc60da26bcf54385ce0bb20655d3c.jpg,640,640,Tomato leaf bacterial spot,531,478,609,632
IU-TYLCV_img_6_jpg.rf.141fc60da26bcf54385ce0bb20655d3c.jpg,640,640,Tomato leaf,212,519,256,570
Late-20blight-20tomato1_jpg.rf.721859e0527ca35f2bf597405900337a.jpg,640,640,Tomato leaf mosaic virus,185,236,414,412
90e2c0_jpg.rf.dd860d73cc78ee13416696e10948861a.jpg,640,640,Tomato leaf bacterial spot,38,0,542,625
august-11-early-leaf-blight-single-leaf_jpg.rf.bacf170b1d4722dbf7f3ba2c9d46f278.jpg,640,640,Tomato Septoria leaf spot,73,146,601,483
August-17-2012-Supplemental-6_jpg.rf.82070d6ac1535c7fa4347456188cdaa5.jpg,640,640,Tomato leaf mosaic virus,208,218,466,461
8915974546_00664cefe3_z_jpg.rf.379fd01fe5618057eae3fee4cd355249.jpg,640,640,Tomato mold leaf,121,147,493,493
CankerFoliar-copy-50-QUALITY-122b09b_jpg.rf.42e3e9b5710c9ee7760e7216d3ad426e.jpg,640,640,Tomato leaf mosaic virus,108,454,428,637
CankerFoliar-copy-50-QUALITY-122b09b_jpg.rf.42e3e9b5710c9ee7760e7216d3ad426e.jpg,640,640,Tomato leaf mosaic virus,10,103,219,432
CankerFoliar-copy-50-QUALITY-122b09b_jpg.rf.42e3e9b5710c9ee7760e7216d3ad426e.jpg,640,640,Tomato leaf mosaic virus,243,225,529,537
CankerRhiemsFiring1-copy-50-QUALITY-16lcw30_jpg.rf.208219a6de1b3398005e0c6040c5af21.jpg,640,640,Tomato leaf mosaic virus,128,19,385,564
caf212ccf4696675469a0beaa9e57213_jpg.rf.1ffc91a647749ac0e7bfdccf4ee211d8.jpg,640,640,Tomato Septoria leaf spot,166,52,468,621
pm3_jpg.rf.83767a5d3395d665ad1485967f34945c.jpg,640,640,Tomato mold leaf,1,174,639,631
CankerRhiemsFiring1-copy-50-QUALITY-16lcw30_jpg.rf.d1d57a04756922fa582f74035cfac7b7.jpg,640,640,Tomato leaf mosaic virus,126,22,382,565
tomato-septoria-leaf-spot-_jpg.rf.3483887efad157e0a0790c66de6eeb2e.jpg,640,640,Tomato Septoria leaf spot,275,175,393,320
tomato-septoria-leaf-spot-_jpg.rf.3483887efad157e0a0790c66de6eeb2e.jpg,640,640,Tomato Septoria leaf spot,29,226,146,331
tomato-septoria-leaf-spot-_jpg.rf.3483887efad157e0a0790c66de6eeb2e.jpg,640,640,Tomato Septoria leaf spot,386,280,502,534
tomato-septoria-leaf-spot-_jpg.rf.3483887efad157e0a0790c66de6eeb2e.jpg,640,640,Tomato Septoria leaf spot,199,304,299,465
tomato-septoria-leaf-spot-_jpg.rf.3483887efad157e0a0790c66de6eeb2e.jpg,640,640,Tomato Septoria leaf spot,41,311,159,472
tomato-septoria-leaf-spot-_jpg.rf.3483887efad157e0a0790c66de6eeb2e.jpg,640,640,Tomato Septoria leaf spot,100,336,211,510
tomato-septoria-leaf-spot-_jpg.rf.3483887efad157e0a0790c66de6eeb2e.jpg,640,640,Tomato Septoria leaf spot,223,336,403,639
Tomato-Problems-Septoria-Leaf-Spot_jpg.rf.f62a1d73b4cd060eeba87a5a2dd8efae.jpg,640,640,Tomato Septoria leaf spot,126,365,189,491
Tomato-Problems-Septoria-Leaf-Spot_jpg.rf.f62a1d73b4cd060eeba87a5a2dd8efae.jpg,640,640,Tomato Septoria leaf spot,9,383,137,545
Tomato-Problems-Septoria-Leaf-Spot_jpg.rf.f62a1d73b4cd060eeba87a5a2dd8efae.jpg,640,640,Tomato Septoria leaf spot,46,165,191,329
tomato_D2b-Early-blight-RPitblado_zoom_jpg.rf.1daf2cde6f43e00f7afc5082072adb7f.jpg,640,640,Tomato Early blight leaf,79,0,292,152
tomato_D2b-Early-blight-RPitblado_zoom_jpg.rf.1daf2cde6f43e00f7afc5082072adb7f.jpg,640,640,Tomato Early blight leaf,355,205,495,466
tomato_D2b-Early-blight-RPitblado_zoom_jpg.rf.1daf2cde6f43e00f7afc5082072adb7f.jpg,640,640,Tomato Early blight leaf,23,186,128,363
tomato_D2b-Early-blight-RPitblado_zoom_jpg.rf.1daf2cde6f43e00f7afc5082072adb7f.jpg,640,640,Tomato Early blight leaf,108,296,231,515
tomato_D2b-Early-blight-RPitblado_zoom_jpg.rf.1daf2cde6f43e00f7afc5082072adb7f.jpg,640,640,Tomato Early blight leaf,8,310,131,553
tomato_D33a-Late-blight-015-OMAFHRT_zoom_jpg.rf.fe2b520dc8ea99c4847e3b18d51e1190.jpg,640,640,Tomato leaf mosaic virus,261,206,454,483
DSC02006-JPG_jpg.rf.66e285acfa01df2bf37f9310113422fd.jpg,640,640,Tomato leaf,126,436,202,527
DSC02006-JPG_jpg.rf.66e285acfa01df2bf37f9310113422fd.jpg,640,640,Tomato leaf,175,381,249,458
DSC02006-JPG_jpg.rf.66e285acfa01df2bf37f9310113422fd.jpg,640,640,Tomato leaf,100,320,185,443
DSC02006-JPG_jpg.rf.66e285acfa01df2bf37f9310113422fd.jpg,640,640,Tomato leaf,420,189,486,280
DSC02006-JPG_jpg.rf.66e285acfa01df2bf37f9310113422fd.jpg,640,640,Tomato leaf,181,200,294,323
DSC02006-JPG_jpg.rf.66e285acfa01df2bf37f9310113422fd.jpg,640,640,Tomato leaf,442,56,559,224
DSC02006-JPG_jpg.rf.66e285acfa01df2bf37f9310113422fd.jpg,640,640,Tomato leaf,260,130,414,225
DSC02006-JPG_jpg.rf.66e285acfa01df2bf37f9310113422fd.jpg,640,640,Tomato leaf,280,3,458,119
DSC02006-JPG_jpg.rf.66e285acfa01df2bf37f9310113422fd.jpg,640,640,Tomato leaf,170,10,262,96
dscn6689_jpg.rf.93dc0c9deb5536a3147eca885feded9f.jpg,640,640,Tomato mold leaf,93,210,556,547
DSC02007-JPG_jpg.rf.e6c75ab998731b86bb30c8d18db9bcfe.jpg,640,640,Tomato leaf,324,169,373,216
DSC02007-JPG_jpg.rf.e6c75ab998731b86bb30c8d18db9bcfe.jpg,640,640,Tomato leaf,178,283,242,362
DSC02007-JPG_jpg.rf.e6c75ab998731b86bb30c8d18db9bcfe.jpg,640,640,Tomato leaf,278,290,355,339
DSC02007-JPG_jpg.rf.e6c75ab998731b86bb30c8d18db9bcfe.jpg,640,640,Tomato leaf,233,339,318,419
DSC02007-JPG_jpg.rf.e6c75ab998731b86bb30c8d18db9bcfe.jpg,640,640,Tomato leaf,188,370,251,476
DSC02007-JPG_jpg.rf.e6c75ab998731b86bb30c8d18db9bcfe.jpg,640,640,Tomato leaf,330,382,436,486
DSC02007-JPG_jpg.rf.e6c75ab998731b86bb30c8d18db9bcfe.jpg,640,640,Tomato leaf,460,391,548,457
DSC02007-JPG_jpg.rf.e6c75ab998731b86bb30c8d18db9bcfe.jpg,640,640,Tomato leaf,526,434,640,560
DSC02007-JPG_jpg.rf.e6c75ab998731b86bb30c8d18db9bcfe.jpg,640,640,Tomato leaf,290,460,432,602
DSC02007-JPG_jpg.rf.e6c75ab998731b86bb30c8d18db9bcfe.jpg,640,640,Tomato leaf,432,565,497,630
DSC_3019_320x209_jpg.rf.566f5928772e04d8490e4a4bdd56bda6.jpg,640,640,Tomato leaf bacterial spot,179,141,301,224
DSC_3019_320x209_jpg.rf.566f5928772e04d8490e4a4bdd56bda6.jpg,640,640,Tomato leaf bacterial spot,26,409,192,557
DSC_3019_320x209_jpg.rf.566f5928772e04d8490e4a4bdd56bda6.jpg,640,640,Tomato leaf bacterial spot,211,460,634,634
DSC_3019_320x209_jpg.rf.566f5928772e04d8490e4a4bdd56bda6.jpg,640,640,Tomato leaf bacterial spot,141,313,282,455
DSC02006-JPG_jpg.rf.d4b7141df14aedc7340ea9146a801876.jpg,640,640,Tomato leaf,123,434,199,525
DSC02006-JPG_jpg.rf.d4b7141df14aedc7340ea9146a801876.jpg,640,640,Tomato leaf,172,380,246,455
DSC02006-JPG_jpg.rf.d4b7141df14aedc7340ea9146a801876.jpg,640,640,Tomato leaf,99,316,184,439
DSC02006-JPG_jpg.rf.d4b7141df14aedc7340ea9146a801876.jpg,640,640,Tomato leaf,422,191,486,282
DSC02006-JPG_jpg.rf.d4b7141df14aedc7340ea9146a801876.jpg,640,640,Tomato leaf,184,198,295,320
DSC02006-JPG_jpg.rf.d4b7141df14aedc7340ea9146a801876.jpg,640,640,Tomato leaf,446,60,560,228
DSC02006-JPG_jpg.rf.d4b7141df14aedc7340ea9146a801876.jpg,640,640,Tomato leaf,262,131,416,225
DSC02006-JPG_jpg.rf.d4b7141df14aedc7340ea9146a801876.jpg,640,640,Tomato leaf,285,6,463,120
DSC02006-JPG_jpg.rf.d4b7141df14aedc7340ea9146a801876.jpg,640,640,Tomato leaf,175,9,268,93
DSC02007-JPG_jpg.rf.5bf3f94a89f93f5a17a06a358d0d218b.jpg,640,640,Tomato leaf,233,179,285,230
DSC02007-JPG_jpg.rf.5bf3f94a89f93f5a17a06a358d0d218b.jpg,640,640,Tomato leaf,392,253,463,336
DSC02007-JPG_jpg.rf.5bf3f94a89f93f5a17a06a358d0d218b.jpg,640,640,Tomato leaf,282,286,363,342
DSC02007-JPG_jpg.rf.5bf3f94a89f93f5a17a06a358d0d218b.jpg,640,640,Tomato leaf,332,322,423,408
DSC02007-JPG_jpg.rf.5bf3f94a89f93f5a17a06a358d0d218b.jpg,640,640,Tomato leaf,409,339,480,450
DSC02007-JPG_jpg.rf.5bf3f94a89f93f5a17a06a358d0d218b.jpg,640,640,Tomato leaf,232,390,346,502
DSC02007-JPG_jpg.rf.5bf3f94a89f93f5a17a06a358d0d218b.jpg,640,640,Tomato leaf,123,431,215,505
DSC02007-JPG_jpg.rf.5bf3f94a89f93f5a17a06a358d0d218b.jpg,640,640,Tomato leaf,45,492,173,626
DSC02007-JPG_jpg.rf.5bf3f94a89f93f5a17a06a358d0d218b.jpg,640,640,Tomato leaf,259,459,412,610
DSC02007-JPG_jpg.rf.5bf3f94a89f93f5a17a06a358d0d218b.jpg,640,640,Tomato leaf,216,590,287,639
dscn6690_jpg.rf.4a1b8589d95d459f479ffa8a50910e1a.jpg,640,640,Tomato mold leaf,76,39,621,583
DSC02006_JPG_jpg.rf.8ab81f26f579c8a36deeacc76a48a589.jpg,640,640,Tomato leaf bacterial spot,317,573,395,639
DSC02006_JPG_jpg.rf.8ab81f26f579c8a36deeacc76a48a589.jpg,640,640,Tomato leaf bacterial spot,148,332,195,414
DSC02006_JPG_jpg.rf.8ab81f26f579c8a36deeacc76a48a589.jpg,640,640,Tomato leaf bacterial spot,417,219,477,282
DSC02006_JPG_jpg.rf.8ab81f26f579c8a36deeacc76a48a589.jpg,640,640,Tomato leaf bacterial spot,482,163,540,242
DSC02006_JPG_jpg.rf.8ab81f26f579c8a36deeacc76a48a589.jpg,640,640,Tomato leaf bacterial spot,477,249,537,362
DSC02006_JPG_jpg.rf.8ab81f26f579c8a36deeacc76a48a589.jpg,640,640,Tomato leaf bacterial spot,62,375,143,528
DSC02006_JPG_jpg.rf.8ab81f26f579c8a36deeacc76a48a589.jpg,640,640,Tomato leaf bacterial spot,126,517,280,598
DSC02006_JPG_jpg.rf.8ab81f26f579c8a36deeacc76a48a589.jpg,640,640,Tomato leaf bacterial spot,340,346,431,449
DSC02006_JPG_jpg.rf.8ab81f26f579c8a36deeacc76a48a589.jpg,640,640,Tomato leaf bacterial spot,198,423,340,486
TomatoLeafMold2-50QUALITY-1b89zfs_jpg.rf.a6092d114de6b40a8788ea002fabdc20.jpg,640,640,Tomato mold leaf,5,83,639,602
slide21-n_jpg.rf.9aeaa86499d3596b52ecfaf84be06a0d.jpg,640,640,Tomato Septoria leaf spot,141,76,467,621
stock-vector-set-of-vector-elements-for-your-design-red-ripe-tomatoes-with-water-drops-tomato-leaves-and-tomato-203297116_jpg.rf.fbfa0cd97946699f12a1cb13b4f39826.jpg,640,640,Tomato leaf bacterial spot,456,311,622,465
stock-vector-set-of-vector-elements-for-your-design-red-ripe-tomatoes-with-water-drops-tomato-leaves-and-tomato-203297116_jpg.rf.fbfa0cd97946699f12a1cb13b4f39826.jpg,640,640,Tomato leaf bacterial spot,342,261,496,435
stock-vector-set-of-vector-elements-for-your-design-red-ripe-tomatoes-with-water-drops-tomato-leaves-and-tomato-203297116_jpg.rf.fbfa0cd97946699f12a1cb13b4f39826.jpg,640,640,Tomato leaf bacterial spot,288,192,400,357
stock-vector-set-of-vector-elements-for-your-design-red-ripe-tomatoes-with-water-drops-tomato-leaves-and-tomato-203297116_jpg.rf.fbfa0cd97946699f12a1cb13b4f39826.jpg,640,640,Tomato leaf bacterial spot,426,217,640,321
stock-vector-set-of-vector-elements-for-your-design-red-ripe-tomatoes-with-water-drops-tomato-leaves-and-tomato-203297116_jpg.rf.fbfa0cd97946699f12a1cb13b4f39826.jpg,640,640,Tomato leaf bacterial spot,402,138,562,239
tomatoyellowleafcurlcropped_jpg.rf.341fbdce8045cd68c6c14e1e0b3715f1.jpg,640,640,Tomato leaf,303,57,500,154
tomatoyellowleafcurlcropped_jpg.rf.341fbdce8045cd68c6c14e1e0b3715f1.jpg,640,640,Tomato leaf,2,52,276,186
tomatoyellowleafcurlcropped_jpg.rf.341fbdce8045cd68c6c14e1e0b3715f1.jpg,640,640,Tomato leaf,408,185,448,237
tomatoyellowleafcurlcropped_jpg.rf.341fbdce8045cd68c6c14e1e0b3715f1.jpg,640,640,Tomato leaf,377,210,435,261
tomatoyellowleafcurlcropped_jpg.rf.341fbdce8045cd68c6c14e1e0b3715f1.jpg,640,640,Tomato leaf,224,209,296,312
tomatoyellowleafcurlcropped_jpg.rf.341fbdce8045cd68c6c14e1e0b3715f1.jpg,640,640,Tomato leaf,286,230,363,333
tomatoyellowleafcurlcropped_jpg.rf.341fbdce8045cd68c6c14e1e0b3715f1.jpg,640,640,Tomato leaf,113,251,239,400
tomatoyellowleafcurlcropped_jpg.rf.341fbdce8045cd68c6c14e1e0b3715f1.jpg,640,640,Tomato leaf,406,365,529,441
tomatoyellowleafcurlcropped_jpg.rf.341fbdce8045cd68c6c14e1e0b3715f1.jpg,640,640,Tomato leaf,269,353,365,501
tomatoyellowleafcurlcropped_jpg.rf.341fbdce8045cd68c6c14e1e0b3715f1.jpg,640,640,Tomato leaf,455,415,639,509
tomatoyellowleafcurlcropped_jpg.rf.341fbdce8045cd68c6c14e1e0b3715f1.jpg,640,640,Tomato leaf,367,448,473,588
tomatoyellowleafcurlcropped_jpg.rf.341fbdce8045cd68c6c14e1e0b3715f1.jpg,640,640,Tomato leaf,440,498,552,617
Shoemaker_7068_JPG_jpg.rf.abd61d6bd5b960bfe68fa09e0aa4a007.jpg,640,640,Tomato Early blight leaf,17,113,638,422
stock-photo-bacterial-spot-on-tomato-559799107_jpg.rf.aca66f619033d9d829a81e872311d79a.jpg,640,640,Tomato leaf late blight,50,0,581,622
stock-photo-bacterial-spot-on-tomato-559799107_jpg.rf.aca66f619033d9d829a81e872311d79a.jpg,640,640,Tomato leaf late blight,317,343,626,640
TomatoLateBlightTop_jpg.rf.1871cea118eb27dea812ceae7d8c3175.jpg,640,640,Tomato leaf yellow virus,20,48,525,608
early-blight-on-leaf-yel-halo-IMG_2313-JPG_jpg.rf.c77036b04d32454556243200965aed48.jpg,640,640,Tomato Septoria leaf spot,0,0,638,638
single-a-green-leaf-of-tomato-picture-id496662675-k-6-m-496662675-s-612x612-w-0-h-6zKfv022H_9cLQSIR_kpcOAlTeg1eIVtLBbc80PQA7Y-_jpg.rf.50b1d8c4263de6bb92ac9cd35d79be8a.jpg,640,640,Tomato leaf bacterial spot,85,379,380,610
single-a-green-leaf-of-tomato-picture-id496662675-k-6-m-496662675-s-612x612-w-0-h-6zKfv022H_9cLQSIR_kpcOAlTeg1eIVtLBbc80PQA7Y-_jpg.rf.50b1d8c4263de6bb92ac9cd35d79be8a.jpg,640,640,Tomato leaf bacterial spot,340,327,502,596
single-a-green-leaf-of-tomato-picture-id496662675-k-6-m-496662675-s-612x612-w-0-h-6zKfv022H_9cLQSIR_kpcOAlTeg1eIVtLBbc80PQA7Y-_jpg.rf.50b1d8c4263de6bb92ac9cd35d79be8a.jpg,640,640,Tomato leaf bacterial spot,100,205,411,460
single-a-green-leaf-of-tomato-picture-id496662675-k-6-m-496662675-s-612x612-w-0-h-6zKfv022H_9cLQSIR_kpcOAlTeg1eIVtLBbc80PQA7Y-_jpg.rf.50b1d8c4263de6bb92ac9cd35d79be8a.jpg,640,640,Tomato leaf bacterial spot,434,205,594,379
single-a-green-leaf-of-tomato-picture-id496662675-k-6-m-496662675-s-612x612-w-0-h-6zKfv022H_9cLQSIR_kpcOAlTeg1eIVtLBbc80PQA7Y-_jpg.rf.50b1d8c4263de6bb92ac9cd35d79be8a.jpg,640,640,Tomato leaf bacterial spot,270,32,459,295
TomatoLateBlightTop_jpg.rf.7650c8d48ae19a95f451edcd551260d7.jpg,640,640,Tomato leaf mosaic virus,22,100,525,609
TomatoLeafMold2-50QUALITY-1b89zfs_jpg.rf.4cea11000a0517332ba4156d9dc25a6d.jpg,640,640,Tomato mold leaf,4,82,639,500
Tomato-20bacterial-20canker-JPG_jpg.rf.9764aa63d915ed34b78cbacf1db15d87.jpg,640,640,Tomato Early blight leaf,0,24,623,558
TNRV2_jpg.rf.f9265284ca2ce2fce200843835b52f15.jpg,640,640,Tomato leaf,302,454,403,634
TNRV2_jpg.rf.f9265284ca2ce2fce200843835b52f15.jpg,640,640,Tomato leaf,358,275,493,422
TNRV2_jpg.rf.f9265284ca2ce2fce200843835b52f15.jpg,640,640,Tomato leaf,7,230,256,615
ToamtoLateBlight3-Version-3-oohvze_jpg.rf.abde224fcfea949e3336eabcc2f872cc.jpg,640,640,Tomato leaf yellow virus,6,13,634,621
Tomato-2Bmosaic-2Bvirus_jpg.rf.2f09a6dc984b0e854c007408cdefca7f.jpg,640,640,Tomato leaf yellow virus,386,39,640,406
100_8283_jpg.rf.114694fe71326606cdfbe35cd5d5d859.jpg,640,640,Tomato leaf bacterial spot,534,417,638,485
100_8283_jpg.rf.114694fe71326606cdfbe35cd5d5d859.jpg,640,640,Tomato leaf bacterial spot,147,448,215,490
100_8283_jpg.rf.114694fe71326606cdfbe35cd5d5d859.jpg,640,640,Tomato leaf bacterial spot,212,368,296,482
100_8283_jpg.rf.114694fe71326606cdfbe35cd5d5d859.jpg,640,640,Tomato leaf bacterial spot,300,366,411,439
100_8283_jpg.rf.114694fe71326606cdfbe35cd5d5d859.jpg,640,640,Tomato leaf bacterial spot,187,325,316,383
100_8283_jpg.rf.114694fe71326606cdfbe35cd5d5d859.jpg,640,640,Tomato leaf bacterial spot,507,251,638,337
100_8283_jpg.rf.114694fe71326606cdfbe35cd5d5d859.jpg,640,640,Tomato leaf bacterial spot,24,229,247,363
100_8283_jpg.rf.114694fe71326606cdfbe35cd5d5d859.jpg,640,640,Tomato leaf bacterial spot,60,32,408,320
Tomato-2Bmosaic-2Bvirus_jpg.rf.93c8994d83b18fa56f8a000632d4e6dc.jpg,640,640,Tomato leaf yellow virus,365,3,628,363
Tomato-Alternaria-Early-Blight_jpg.rf.bc787df411ccbfcf588a9e750da92031.jpg,640,640,Tomato Early blight leaf,12,0,310,358
Tomato-Alternaria-Early-Blight_jpg.rf.bc787df411ccbfcf588a9e750da92031.jpg,640,640,Tomato Early blight leaf,263,0,640,425
05-069f9_jpg.rf.1d623637a7e73f025c2125d38d400ef3.jpg,640,640,Tomato leaf mosaic virus,115,58,615,461
100_8283_jpg.rf.f1a70a9e5772472834d62d025ae0fe0a.jpg,640,640,Tomato leaf bacterial spot,487,84,598,155
100_8283_jpg.rf.f1a70a9e5772472834d62d025ae0fe0a.jpg,640,640,Tomato leaf bacterial spot,112,192,179,237
100_8283_jpg.rf.f1a70a9e5772472834d62d025ae0fe0a.jpg,640,640,Tomato leaf bacterial spot,184,180,271,295
100_8283_jpg.rf.f1a70a9e5772472834d62d025ae0fe0a.jpg,640,640,Tomato leaf bacterial spot,277,194,388,269
100_8283_jpg.rf.f1a70a9e5772472834d62d025ae0fe0a.jpg,640,640,Tomato leaf bacterial spot,179,275,310,338
100_8283_jpg.rf.f1a70a9e5772472834d62d025ae0fe0a.jpg,640,640,Tomato leaf bacterial spot,504,231,636,322
100_8283_jpg.rf.f1a70a9e5772472834d62d025ae0fe0a.jpg,640,640,Tomato leaf bacterial spot,37,325,261,465
100_8283_jpg.rf.f1a70a9e5772472834d62d025ae0fe0a.jpg,640,640,Tomato leaf bacterial spot,99,333,453,632
Tomato-Alternaria-Early-Blight_jpg.rf.43179f9346fa3c8a0f05f3c513a9e5ac.jpg,640,640,Tomato Early blight leaf,1,4,258,387
Tomato-Alternaria-Early-Blight_jpg.rf.43179f9346fa3c8a0f05f3c513a9e5ac.jpg,640,640,Tomato Early blight leaf,252,0,632,372
11-40580_5_jpg.rf.5939751c9dbf56ea9729b8e639fa7b8d.jpg,640,640,Tomato leaf bacterial spot,174,13,268,179
11-40580_5_jpg.rf.5939751c9dbf56ea9729b8e639fa7b8d.jpg,640,640,Tomato leaf bacterial spot,11,112,166,365
11-40580_5_jpg.rf.5939751c9dbf56ea9729b8e639fa7b8d.jpg,640,640,Tomato leaf bacterial spot,175,448,237,586
11-40580_5_jpg.rf.5939751c9dbf56ea9729b8e639fa7b8d.jpg,640,640,Tomato leaf bacterial spot,468,365,572,583
11-40580_5_jpg.rf.5939751c9dbf56ea9729b8e639fa7b8d.jpg,640,640,Tomato leaf bacterial spot,405,237,512,397
11-40580_5_jpg.rf.5939751c9dbf56ea9729b8e639fa7b8d.jpg,640,640,Tomato leaf bacterial spot,115,214,203,323
11-40580_5_jpg.rf.5939751c9dbf56ea9729b8e639fa7b8d.jpg,640,640,Tomato leaf bacterial spot,211,397,320,545
11-40580_5_jpg.rf.5939751c9dbf56ea9729b8e639fa7b8d.jpg,640,640,Tomato leaf bacterial spot,215,243,323,368
11-40580_5_jpg.rf.5939751c9dbf56ea9729b8e639fa7b8d.jpg,640,640,Tomato leaf bacterial spot,292,202,394,413
tomato-2Bseptoria-2Bleaf-2Bspot2_JPG_jpg.rf.8538e1cc70a1c5ee223ec2aba643e4e0.jpg,640,640,Tomato Septoria leaf spot,0,56,518,441
tomato-2Bseptoria-2Bleaf-2Bspot2_JPG_jpg.rf.8538e1cc70a1c5ee223ec2aba643e4e0.jpg,640,640,Tomato Septoria leaf spot,218,141,550,582
Late-Blight-A_jpg.rf.4c698e9774048c58cecf2ff85bc3a42d.jpg,640,640,Tomato leaf yellow virus,70,159,422,538
Late-Blight-A_jpg.rf.4c698e9774048c58cecf2ff85bc3a42d.jpg,640,640,Tomato leaf yellow virus,243,147,634,288
Late-Blight-A_jpg.rf.e6c7e6370aa6eda214e1fc4283ca4f02.jpg,640,640,Tomato leaf yellow virus,74,159,421,536
Late-Blight-A_jpg.rf.e6c7e6370aa6eda214e1fc4283ca4f02.jpg,640,640,Tomato leaf yellow virus,243,146,637,286
IMG_5813_jpg.rf.60ee1d16fa6628e66cc3757aa79edc7a.jpg,640,640,Tomato leaf yellow virus,196,5,499,591
IU-TYLCV_img_6_jpg.rf.fdfe2f29c140da5b564b28555e62101b.jpg,640,640,Tomato leaf,568,497,612,561
IU-TYLCV_img_6_jpg.rf.fdfe2f29c140da5b564b28555e62101b.jpg,640,640,Tomato leaf,525,499,560,555
IU-TYLCV_img_6_jpg.rf.fdfe2f29c140da5b564b28555e62101b.jpg,640,640,Tomato leaf bacterial spot,1,427,59,575
IU-TYLCV_img_6_jpg.rf.fdfe2f29c140da5b564b28555e62101b.jpg,640,640,Tomato leaf,499,493,522,516
IU-TYLCV_img_6_jpg.rf.fdfe2f29c140da5b564b28555e62101b.jpg,640,640,Tomato leaf,472,492,497,510
IU-TYLCV_img_6_jpg.rf.fdfe2f29c140da5b564b28555e62101b.jpg,640,640,Tomato leaf,431,485,462,513
IU-TYLCV_img_6_jpg.rf.fdfe2f29c140da5b564b28555e62101b.jpg,640,640,Tomato leaf,588,481,622,514
IU-TYLCV_img_6_jpg.rf.fdfe2f29c140da5b564b28555e62101b.jpg,640,640,Tomato leaf bacterial spot,66,425,157,525
IU-TYLCV_img_6_jpg.rf.fdfe2f29c140da5b564b28555e62101b.jpg,640,640,Tomato leaf,452,462,476,489
IU-TYLCV_img_6_jpg.rf.fdfe2f29c140da5b564b28555e62101b.jpg,640,640,Tomato leaf,396,430,441,468
IU-TYLCV_img_6_jpg.rf.fdfe2f29c140da5b564b28555e62101b.jpg,640,640,Tomato leaf,457,434,481,460
IU-TYLCV_img_6_jpg.rf.fdfe2f29c140da5b564b28555e62101b.jpg,640,640,Tomato leaf,537,410,575,461
IU-TYLCV_img_6_jpg.rf.fdfe2f29c140da5b564b28555e62101b.jpg,640,640,Tomato leaf,599,394,623,458
IU-TYLCV_img_6_jpg.rf.fdfe2f29c140da5b564b28555e62101b.jpg,640,640,Tomato leaf,445,372,474,423
IU-TYLCV_img_6_jpg.rf.fdfe2f29c140da5b564b28555e62101b.jpg,640,640,Tomato leaf bacterial spot,76,346,169,419
IU-TYLCV_img_6_jpg.rf.fdfe2f29c140da5b564b28555e62101b.jpg,640,640,Tomato leaf,380,362,425,410
IU-TYLCV_img_6_jpg.rf.fdfe2f29c140da5b564b28555e62101b.jpg,640,640,Tomato leaf,494,348,537,405
IU-TYLCV_img_6_jpg.rf.fdfe2f29c140da5b564b28555e62101b.jpg,640,640,Tomato leaf,578,206,618,246
IU-TYLCV_img_6_jpg.rf.fdfe2f29c140da5b564b28555e62101b.jpg,640,640,Tomato leaf,428,185,454,224
IU-TYLCV_img_6_jpg.rf.fdfe2f29c140da5b564b28555e62101b.jpg,640,640,Tomato leaf,496,194,513,214
IU-TYLCV_img_6_jpg.rf.fdfe2f29c140da5b564b28555e62101b.jpg,640,640,Tomato leaf,455,172,475,216
IU-TYLCV_img_6_jpg.rf.fdfe2f29c140da5b564b28555e62101b.jpg,640,640,Tomato leaf,398,178,435,207
IU-TYLCV_img_6_jpg.rf.fdfe2f29c140da5b564b28555e62101b.jpg,640,640,Tomato leaf,94,120,248,223
IU-TYLCV_img_6_jpg.rf.fdfe2f29c140da5b564b28555e62101b.jpg,640,640,Tomato leaf,388,140,430,191
IU-TYLCV_img_6_jpg.rf.fdfe2f29c140da5b564b28555e62101b.jpg,640,640,Tomato leaf,533,151,553,168
IU-TYLCV_img_6_jpg.rf.fdfe2f29c140da5b564b28555e62101b.jpg,640,640,Tomato leaf,422,131,466,162
IU-TYLCV_img_6_jpg.rf.fdfe2f29c140da5b564b28555e62101b.jpg,640,640,Tomato leaf,497,135,521,158
IU-TYLCV_img_6_jpg.rf.fdfe2f29c140da5b564b28555e62101b.jpg,640,640,Tomato leaf,529,108,549,148
IU-TYLCV_img_6_jpg.rf.fdfe2f29c140da5b564b28555e62101b.jpg,640,640,Tomato leaf,375,91,417,147
IU-TYLCV_img_6_jpg.rf.fdfe2f29c140da5b564b28555e62101b.jpg,640,640,Tomato leaf,438,74,480,111
IU-TYLCV_img_6_jpg.rf.fdfe2f29c140da5b564b28555e62101b.jpg,640,640,Tomato leaf,530,71,550,115
IU-TYLCV_img_6_jpg.rf.fdfe2f29c140da5b564b28555e62101b.jpg,640,640,Tomato leaf,592,67,614,96
IU-TYLCV_img_6_jpg.rf.fdfe2f29c140da5b564b28555e62101b.jpg,640,640,Tomato leaf,72,20,221,123
IU-TYLCV_img_6_jpg.rf.fdfe2f29c140da5b564b28555e62101b.jpg,640,640,Tomato leaf,478,44,509,71
IU-TYLCV_img_6_jpg.rf.fdfe2f29c140da5b564b28555e62101b.jpg,640,640,Tomato leaf,573,37,598,77
IU-TYLCV_img_6_jpg.rf.fdfe2f29c140da5b564b28555e62101b.jpg,640,640,Tomato leaf,596,33,616,72
IU-TYLCV_img_6_jpg.rf.fdfe2f29c140da5b564b28555e62101b.jpg,640,640,Tomato leaf,434,18,471,53
IU-TYLCV_img_6_jpg.rf.fdfe2f29c140da5b564b28555e62101b.jpg,640,640,Tomato leaf bacterial spot,37,482,114,636
IU-TYLCV_img_6_jpg.rf.fdfe2f29c140da5b564b28555e62101b.jpg,640,640,Tomato leaf,390,519,433,570
Late-blight-foliar-leasion-on-tomato_jpg.rf.c4114cf68a232df7c133cbcd9afb01df.jpg,640,640,Tomato leaf mosaic virus,142,272,298,506
Late-blight-foliar-leasion-on-tomato_jpg.rf.c4114cf68a232df7c133cbcd9afb01df.jpg,640,640,Tomato leaf mosaic virus,164,0,298,111
Late-blight-foliar-leasion-on-tomato_jpg.rf.c4114cf68a232df7c133cbcd9afb01df.jpg,640,640,Tomato leaf mosaic virus,282,581,489,639
late-blight-leaves_jpg.rf.1bd05d0231231e41e54f77a18fcd3aec.jpg,640,640,Tomato leaf mosaic virus,271,27,484,433
Late-20blight-20tomato1_jpg.rf.fbd1af0fd25ed61c19d8e14b439639f6.jpg,640,640,Tomato leaf mosaic virus,185,228,414,404
Late-blight-foliar-leasion-on-tomato_jpg.rf.cabb4fc05af4e4f6ebc80eb3fd4615b8.jpg,640,640,Tomato leaf mosaic virus,158,130,298,353
Late-blight-foliar-leasion-on-tomato_jpg.rf.cabb4fc05af4e4f6ebc80eb3fd4615b8.jpg,640,640,Tomato leaf mosaic virus,140,524,265,638
Late-blight-foliar-leasion-on-tomato_jpg.rf.cabb4fc05af4e4f6ebc80eb3fd4615b8.jpg,640,640,Tomato leaf mosaic virus,315,1,518,61
Late-blight-foliar-leasion-on-tomato_jpg.rf.1076d1fee12ae43502d8fddeb80400ee.jpg,640,640,Tomato leaf yellow virus,358,6,551,192
Late-blight-foliar-leasion-on-tomato_jpg.rf.1076d1fee12ae43502d8fddeb80400ee.jpg,640,640,Tomato leaf yellow virus,103,518,423,634
Late-blight-foliar-leasion-on-tomato_jpg.rf.1076d1fee12ae43502d8fddeb80400ee.jpg,640,640,Tomato leaf yellow virus,0,243,122,500
Late-blight-foliar-leasion-on-tomato_jpg.rf.1076d1fee12ae43502d8fddeb80400ee.jpg,640,640,Tomato leaf yellow virus,281,141,557,564
IU-TYLCV_img_6_jpg.rf.b9dd00535da077e5f9e885a437271a9a.jpg,640,640,Tomato leaf,35,69,81,135
IU-TYLCV_img_6_jpg.rf.b9dd00535da077e5f9e885a437271a9a.jpg,640,640,Tomato leaf,86,77,123,134
IU-TYLCV_img_6_jpg.rf.b9dd00535da077e5f9e885a437271a9a.jpg,640,640,Tomato leaf bacterial spot,586,74,640,225
IU-TYLCV_img_6_jpg.rf.b9dd00535da077e5f9e885a437271a9a.jpg,640,640,Tomato leaf,124,117,148,141
IU-TYLCV_img_6_jpg.rf.b9dd00535da077e5f9e885a437271a9a.jpg,640,640,Tomato leaf,149,124,175,144
IU-TYLCV_img_6_jpg.rf.b9dd00535da077e5f9e885a437271a9a.jpg,640,640,Tomato leaf,185,122,216,150
IU-TYLCV_img_6_jpg.rf.b9dd00535da077e5f9e885a437271a9a.jpg,640,640,Tomato leaf,26,116,60,149
IU-TYLCV_img_6_jpg.rf.b9dd00535da077e5f9e885a437271a9a.jpg,640,640,Tomato leaf bacterial spot,489,122,583,224
IU-TYLCV_img_6_jpg.rf.b9dd00535da077e5f9e885a437271a9a.jpg,640,640,Tomato leaf,169,146,195,175
IU-TYLCV_img_6_jpg.rf.b9dd00535da077e5f9e885a437271a9a.jpg,640,640,Tomato leaf,204,168,248,208
IU-TYLCV_img_6_jpg.rf.b9dd00535da077e5f9e885a437271a9a.jpg,640,640,Tomato leaf,163,174,189,201
IU-TYLCV_img_6_jpg.rf.b9dd00535da077e5f9e885a437271a9a.jpg,640,640,Tomato leaf,68,170,108,222
IU-TYLCV_img_6_jpg.rf.b9dd00535da077e5f9e885a437271a9a.jpg,640,640,Tomato leaf,19,171,46,237
IU-TYLCV_img_6_jpg.rf.b9dd00535da077e5f9e885a437271a9a.jpg,640,640,Tomato leaf,169,212,200,263
IU-TYLCV_img_6_jpg.rf.b9dd00535da077e5f9e885a437271a9a.jpg,640,640,Tomato leaf bacterial spot,472,227,569,302
IU-TYLCV_img_6_jpg.rf.b9dd00535da077e5f9e885a437271a9a.jpg,640,640,Tomato leaf,218,227,264,275
IU-TYLCV_img_6_jpg.rf.b9dd00535da077e5f9e885a437271a9a.jpg,640,640,Tomato leaf,105,229,149,286
IU-TYLCV_img_6_jpg.rf.b9dd00535da077e5f9e885a437271a9a.jpg,640,640,Tomato leaf,19,384,59,425
IU-TYLCV_img_6_jpg.rf.b9dd00535da077e5f9e885a437271a9a.jpg,640,640,Tomato leaf,182,411,209,451
IU-TYLCV_img_6_jpg.rf.b9dd00535da077e5f9e885a437271a9a.jpg,640,640,Tomato leaf,123,418,140,440
IU-TYLCV_img_6_jpg.rf.b9dd00535da077e5f9e885a437271a9a.jpg,640,640,Tomato leaf,161,419,181,465
IU-TYLCV_img_6_jpg.rf.b9dd00535da077e5f9e885a437271a9a.jpg,640,640,Tomato leaf,200,429,238,460
IU-TYLCV_img_6_jpg.rf.b9dd00535da077e5f9e885a437271a9a.jpg,640,640,Tomato leaf,386,420,542,528
IU-TYLCV_img_6_jpg.rf.b9dd00535da077e5f9e885a437271a9a.jpg,640,640,Tomato leaf,202,445,247,497
IU-TYLCV_img_6_jpg.rf.b9dd00535da077e5f9e885a437271a9a.jpg,640,640,Tomato leaf,81,465,102,482
IU-TYLCV_img_6_jpg.rf.b9dd00535da077e5f9e885a437271a9a.jpg,640,640,Tomato leaf,169,473,213,505
IU-TYLCV_img_6_jpg.rf.b9dd00535da077e5f9e885a437271a9a.jpg,640,640,Tomato leaf,112,475,138,500
IU-TYLCV_img_6_jpg.rf.b9dd00535da077e5f9e885a437271a9a.jpg,640,640,Tomato leaf,86,484,106,525
IU-TYLCV_img_6_jpg.rf.b9dd00535da077e5f9e885a437271a9a.jpg,640,640,Tomato leaf,216,489,259,546
IU-TYLCV_img_6_jpg.rf.b9dd00535da077e5f9e885a437271a9a.jpg,640,640,Tomato leaf,152,524,195,561
IU-TYLCV_img_6_jpg.rf.b9dd00535da077e5f9e885a437271a9a.jpg,640,640,Tomato leaf,82,516,103,562
IU-TYLCV_img_6_jpg.rf.b9dd00535da077e5f9e885a437271a9a.jpg,640,640,Tomato leaf,18,534,39,565
IU-TYLCV_img_6_jpg.rf.b9dd00535da077e5f9e885a437271a9a.jpg,640,640,Tomato leaf,409,522,562,629
IU-TYLCV_img_6_jpg.rf.b9dd00535da077e5f9e885a437271a9a.jpg,640,640,Tomato leaf,121,562,154,590
IU-TYLCV_img_6_jpg.rf.b9dd00535da077e5f9e885a437271a9a.jpg,640,640,Tomato leaf,33,553,58,595
IU-TYLCV_img_6_jpg.rf.b9dd00535da077e5f9e885a437271a9a.jpg,640,640,Tomato leaf,15,558,35,598
IU-TYLCV_img_6_jpg.rf.b9dd00535da077e5f9e885a437271a9a.jpg,640,640,Tomato leaf,159,582,196,619
IU-TYLCV_img_6_jpg.rf.b9dd00535da077e5f9e885a437271a9a.jpg,640,640,Tomato leaf bacterial spot,534,11,614,168
IU-TYLCV_img_6_jpg.rf.b9dd00535da077e5f9e885a437271a9a.jpg,640,640,Tomato leaf,215,69,259,120
IN0335_jpg.rf.12e2e39027a2013e1118dbc3391cc7d1.jpg,640,640,Tomato leaf mosaic virus,202,9,639,637
IN0335_jpg.rf.12e2e39027a2013e1118dbc3391cc7d1.jpg,640,640,Tomato leaf mosaic virus,20,43,197,608
Late-blight-symptoms-on-tomato-leaves-1r3uhy2_jpg.rf.c92df86897597d0090dda89e57907857.jpg,640,640,Tomato leaf mosaic virus,151,470,284,579
Late-blight-symptoms-on-tomato-leaves-1r3uhy2_jpg.rf.c92df86897597d0090dda89e57907857.jpg,640,640,Tomato leaf mosaic virus,296,299,561,499
Late-blight-symptoms-on-tomato-leaves-1r3uhy2_jpg.rf.c92df86897597d0090dda89e57907857.jpg,640,640,Tomato leaf mosaic virus,0,258,195,483
Late-blight-symptoms-on-tomato-leaves-1r3uhy2_jpg.rf.c92df86897597d0090dda89e57907857.jpg,640,640,Tomato leaf mosaic virus,31,5,337,343
IN0335_jpg.rf.d8909f66ed2620d2282067af44e21724.jpg,640,640,Tomato leaf mosaic virus,198,6,634,634
IN0335_jpg.rf.d8909f66ed2620d2282067af44e21724.jpg,640,640,Tomato leaf mosaic virus,19,45,199,608
late-blight-phytophthora-infestans-damage-to-tomato-leaves-and-fruit-cmnxnf_jpg.rf.5603f8b0f74123b7884fe51ae824df2b.jpg,640,640,Tomato leaf yellow virus,486,128,634,448
late-blight-phytophthora-infestans-damage-to-tomato-leaves-and-fruit-cmnxnf_jpg.rf.5603f8b0f74123b7884fe51ae824df2b.jpg,640,640,Tomato leaf yellow virus,116,7,347,276
late-blight-phytophthora-infestans-damage-to-tomato-leaves-and-fruit-cmnxnf_jpg.rf.5603f8b0f74123b7884fe51ae824df2b.jpg,640,640,Tomato leaf yellow virus,173,365,442,608
illustration-thematique-urbino-fig5-plante-20tylcv_jpg.rf.1216be266a83489279e601083d422adb.jpg,640,640,Tomato leaf,214,106,261,143
illustration-thematique-urbino-fig5-plante-20tylcv_jpg.rf.1216be266a83489279e601083d422adb.jpg,640,640,Tomato leaf,407,163,444,200
illustration-thematique-urbino-fig5-plante-20tylcv_jpg.rf.1216be266a83489279e601083d422adb.jpg,640,640,Tomato leaf,400,205,438,279
illustration-thematique-urbino-fig5-plante-20tylcv_jpg.rf.1216be266a83489279e601083d422adb.jpg,640,640,Tomato leaf,360,246,412,309
illustration-thematique-urbino-fig5-plante-20tylcv_jpg.rf.1216be266a83489279e601083d422adb.jpg,640,640,Tomato leaf,261,271,318,325
illustration-thematique-urbino-fig5-plante-20tylcv_jpg.rf.1216be266a83489279e601083d422adb.jpg,640,640,Tomato leaf,4,304,71,379
illustration-thematique-urbino-fig5-plante-20tylcv_jpg.rf.1216be266a83489279e601083d422adb.jpg,640,640,Tomato leaf,330,333,375,395
illustration-thematique-urbino-fig5-plante-20tylcv_jpg.rf.1216be266a83489279e601083d422adb.jpg,640,640,Tomato leaf,224,357,295,438
illustration-thematique-urbino-fig5-plante-20tylcv_jpg.rf.1216be266a83489279e601083d422adb.jpg,640,640,Tomato leaf,14,362,91,430
illustration-thematique-urbino-fig5-plante-20tylcv_jpg.rf.1216be266a83489279e601083d422adb.jpg,640,640,Tomato leaf,292,391,343,497
illustration-thematique-urbino-fig5-plante-20tylcv_jpg.rf.1216be266a83489279e601083d422adb.jpg,640,640,Tomato leaf,331,503,371,543
illustration-thematique-urbino-fig5-plante-20tylcv_jpg.rf.1216be266a83489279e601083d422adb.jpg,640,640,Tomato leaf,338,544,376,571
illustration-thematique-urbino-fig5-plante-20tylcv_jpg.rf.1216be266a83489279e601083d422adb.jpg,640,640,Tomato leaf,340,558,378,614
illustration-thematique-urbino-fig5-plante-20tylcv_jpg.rf.1216be266a83489279e601083d422adb.jpg,640,640,Tomato leaf,258,56,295,132
late-blight-fungicides_jpg.rf.df7ba3ddcfce5c1f6a86d3f9cbf8e3cb.jpg,640,640,Tomato leaf mosaic virus,0,321,295,629
late-blight-fungicides_jpg.rf.df7ba3ddcfce5c1f6a86d3f9cbf8e3cb.jpg,640,640,Tomato leaf mosaic virus,180,89,526,375
9bfac1dea7f401e3b379dab33f535bb4_jpg.rf.424604024e2221a4f32e2f811b7815a3.jpg,640,640,Tomato leaf late blight,206,3,257,82
9bfac1dea7f401e3b379dab33f535bb4_jpg.rf.424604024e2221a4f32e2f811b7815a3.jpg,640,640,Tomato leaf late blight,236,73,290,122
9bfac1dea7f401e3b379dab33f535bb4_jpg.rf.424604024e2221a4f32e2f811b7815a3.jpg,640,640,Tomato leaf late blight,178,77,231,129
9bfac1dea7f401e3b379dab33f535bb4_jpg.rf.424604024e2221a4f32e2f811b7815a3.jpg,640,640,Tomato leaf late blight,500,7,597,156
9bfac1dea7f401e3b379dab33f535bb4_jpg.rf.424604024e2221a4f32e2f811b7815a3.jpg,640,640,Tomato leaf late blight,386,279,442,310
9bfac1dea7f401e3b379dab33f535bb4_jpg.rf.424604024e2221a4f32e2f811b7815a3.jpg,640,640,Tomato leaf late blight,368,225,394,288
9bfac1dea7f401e3b379dab33f535bb4_jpg.rf.424604024e2221a4f32e2f811b7815a3.jpg,640,640,Tomato leaf late blight,234,134,292,166
9bfac1dea7f401e3b379dab33f535bb4_jpg.rf.424604024e2221a4f32e2f811b7815a3.jpg,640,640,Tomato leaf late blight,214,225,248,277
august-11-early-leaf-blight-single-leaf_jpg.rf.9e25e6757d72c5880a802aff23d201d2.jpg,640,640,Tomato Early blight leaf,90,166,596,462
August-17-2012-Supplemental-6_jpg.rf.80054f3bfbc770d208f57ed84336980f.jpg,640,640,Tomato leaf mosaic virus,169,175,436,429
b54d0e40027ff5e90e8ba7e1e9abf9bd-garden-guide-garden-ideas_jpg.rf.5e754e03392d778b48a8c738c05efbf0.jpg,640,640,Tomato Early blight leaf,13,6,550,608
b-speck_jpg.rf.5aaf467ac525ddd4e1b44abd4fa3b549.jpg,640,640,Tomato leaf mosaic virus,166,23,477,622
august-11-early-leaf-blight-single-leaf_jpg.rf.93b22151a4a24751ff445dd4e5fd8075.jpg,640,640,Tomato Early blight leaf,93,166,596,460
b54d0e40027ff5e90e8ba7e1e9abf9bd-garden-guide-garden-ideas_jpg.rf.5bd071b6238c42a65316e689d1d1ec1a.jpg,640,640,Tomato Early blight leaf,11,6,551,608
9bfac1dea7f401e3b379dab33f535bb4_jpg.rf.2486cb5ddec35498e119cac7fa00c6dc.jpg,640,640,Tomato leaf late blight,205,0,257,83
9bfac1dea7f401e3b379dab33f535bb4_jpg.rf.2486cb5ddec35498e119cac7fa00c6dc.jpg,640,640,Tomato leaf late blight,236,70,289,122
9bfac1dea7f401e3b379dab33f535bb4_jpg.rf.2486cb5ddec35498e119cac7fa00c6dc.jpg,640,640,Tomato leaf late blight,178,76,231,129
9bfac1dea7f401e3b379dab33f535bb4_jpg.rf.2486cb5ddec35498e119cac7fa00c6dc.jpg,640,640,Tomato leaf late blight,499,6,596,154
9bfac1dea7f401e3b379dab33f535bb4_jpg.rf.2486cb5ddec35498e119cac7fa00c6dc.jpg,640,640,Tomato leaf late blight,384,282,442,308
9bfac1dea7f401e3b379dab33f535bb4_jpg.rf.2486cb5ddec35498e119cac7fa00c6dc.jpg,640,640,Tomato leaf late blight,365,224,397,288
9bfac1dea7f401e3b379dab33f535bb4_jpg.rf.2486cb5ddec35498e119cac7fa00c6dc.jpg,640,640,Tomato leaf late blight,237,135,294,167
9bfac1dea7f401e3b379dab33f535bb4_jpg.rf.2486cb5ddec35498e119cac7fa00c6dc.jpg,640,640,Tomato leaf late blight,212,223,250,275
tomato-late-blight-phytophthora-infestans-lesions-and-damage-on-tomato-bh3w9j_jpg.rf.989aa08d1337b8e4ffd723892da7ab72.jpg,640,640,Tomato leaf yellow virus,122,327,583,615
tomato-late-blight-phytophthora-infestans-lesions-and-damage-on-tomato-bh3w9j_jpg.rf.989aa08d1337b8e4ffd723892da7ab72.jpg,640,640,Tomato leaf yellow virus,70,58,582,390
b54d0e40027ff5e90e8ba7e1e9abf9bd-garden-guide-garden-ideas_jpg.rf.91b4d28f386fe295d078345453fc9083.jpg,640,640,Tomato leaf late blight,0,34,545,474
8e60bae9f613f360403943f108a03083_jpg.rf.fcf7acf95a457dc0330e11e30cd4eb3a.jpg,640,640,Tomato leaf bacterial spot,377,332,512,486
8e60bae9f613f360403943f108a03083_jpg.rf.fcf7acf95a457dc0330e11e30cd4eb3a.jpg,640,640,Tomato leaf bacterial spot,289,141,416,313
8e60bae9f613f360403943f108a03083_jpg.rf.fcf7acf95a457dc0330e11e30cd4eb3a.jpg,640,640,Tomato leaf bacterial spot,26,224,192,339
8e60bae9f613f360403943f108a03083_jpg.rf.fcf7acf95a457dc0330e11e30cd4eb3a.jpg,640,640,Tomato leaf bacterial spot,147,134,268,346
8e60bae9f613f360403943f108a03083_jpg.rf.fcf7acf95a457dc0330e11e30cd4eb3a.jpg,640,640,Tomato leaf bacterial spot,294,19,506,116
b-speck_jpg.rf.2be5901a3ef85d09b3d95ce39167b79d.jpg,640,640,Tomato leaf late blight,153,209,436,523
August-17-2012-Supplemental-6_jpg.rf.99d106248f954c7a53eb8578dd748aa1.jpg,640,640,Tomato leaf yellow virus,128,179,634,513
b-speck_jpg.rf.7569d860429898fe6537994b682776d4.jpg,640,640,Tomato leaf mosaic virus,166,25,474,621
s-prasanth-kumar-young-scientist-awarded-presentation-2-728_jpg.rf.ea500778e936e1b237dcbeaf11511523.jpg,640,640,Tomato leaf bacterial spot,25,295,224,582
s-prasanth-kumar-young-scientist-awarded-presentation-2-728_jpg.rf.ea500778e936e1b237dcbeaf11511523.jpg,640,640,Tomato leaf bacterial spot,166,134,314,314
s-prasanth-kumar-young-scientist-awarded-presentation-2-728_jpg.rf.ea500778e936e1b237dcbeaf11511523.jpg,640,640,Tomato leaf bacterial spot,467,121,608,378
s-prasanth-kumar-young-scientist-awarded-presentation-2-728_jpg.rf.ea500778e936e1b237dcbeaf11511523.jpg,640,640,Tomato leaf bacterial spot,415,211,468,384
s-prasanth-kumar-young-scientist-awarded-presentation-2-728_jpg.rf.ea500778e936e1b237dcbeaf11511523.jpg,640,640,Tomato leaf bacterial spot,320,352,442,609
classic-septoria_jpg.rf.6655c21f6a8285e52f479abd22269e22.jpg,640,640,Tomato Septoria leaf spot,115,378,333,633
classic-septoria_jpg.rf.6655c21f6a8285e52f479abd22269e22.jpg,640,640,Tomato Septoria leaf spot,230,243,410,442
classic-septoria_jpg.rf.6655c21f6a8285e52f479abd22269e22.jpg,640,640,Tomato Septoria leaf spot,71,115,314,301
classic-septoria_jpg.rf.6655c21f6a8285e52f479abd22269e22.jpg,640,640,Tomato Septoria leaf spot,353,141,513,321
depositphotos_120361722-stock-photo-tomato-leaf-closeup_jpg.rf.ffe9b6be4890cae370077a7d8fc51946.jpg,640,640,Tomato leaf bacterial spot,216,37,593,411
depositphotos_120361722-stock-photo-tomato-leaf-closeup_jpg.rf.ffe9b6be4890cae370077a7d8fc51946.jpg,640,640,Tomato leaf bacterial spot,35,108,238,445
depositphotos_120361722-stock-photo-tomato-leaf-closeup_jpg.rf.ffe9b6be4890cae370077a7d8fc51946.jpg,640,640,Tomato leaf bacterial spot,277,408,541,610
depositphotos_120361722-stock-photo-tomato-leaf-closeup_jpg.rf.ffe9b6be4890cae370077a7d8fc51946.jpg,640,640,Tomato leaf bacterial spot,203,447,326,628
depositphotos_120361722-stock-photo-tomato-leaf-closeup_jpg.rf.1463670aac6194ab3e5618a766a16874.jpg,640,640,Tomato leaf bacterial spot,2,176,413,584
depositphotos_120361722-stock-photo-tomato-leaf-closeup_jpg.rf.1463670aac6194ab3e5618a766a16874.jpg,640,640,Tomato leaf bacterial spot,358,253,595,601
depositphotos_120361722-stock-photo-tomato-leaf-closeup_jpg.rf.1463670aac6194ab3e5618a766a16874.jpg,640,640,Tomato leaf bacterial spot,164,0,445,225
depositphotos_120361722-stock-photo-tomato-leaf-closeup_jpg.rf.1463670aac6194ab3e5618a766a16874.jpg,640,640,Tomato leaf bacterial spot,380,42,520,233
depositphotos_143371585-stock-photo-tomato-leaf-closeup-isolated-on_jpg.rf.a598209913f437913c32dd1572cdcab9.jpg,640,640,Tomato leaf late blight,38,295,333,493
depositphotos_143371585-stock-photo-tomato-leaf-closeup-isolated-on_jpg.rf.a598209913f437913c32dd1572cdcab9.jpg,640,640,Tomato leaf late blight,326,307,462,538
depositphotos_143371585-stock-photo-tomato-leaf-closeup-isolated-on_jpg.rf.a598209913f437913c32dd1572cdcab9.jpg,640,640,Tomato leaf late blight,455,224,582,410
depositphotos_143371585-stock-photo-tomato-leaf-closeup-isolated-on_jpg.rf.a598209913f437913c32dd1572cdcab9.jpg,640,640,Tomato leaf late blight,295,45,467,231
depositphotos_143371585-stock-photo-tomato-leaf-closeup-isolated-on_jpg.rf.a598209913f437913c32dd1572cdcab9.jpg,640,640,Tomato leaf late blight,160,193,397,353
depositphotos_143371585-stock-photo-tomato-leaf-closeup-isolated-on_jpg.rf.33a86eb2dfeb231d193a9b71967e438d.jpg,640,640,Tomato leaf bacterial spot,248,26,449,237
depositphotos_143371585-stock-photo-tomato-leaf-closeup-isolated-on_jpg.rf.33a86eb2dfeb231d193a9b71967e438d.jpg,640,640,Tomato leaf bacterial spot,138,177,398,375
depositphotos_143371585-stock-photo-tomato-leaf-closeup-isolated-on_jpg.rf.33a86eb2dfeb231d193a9b71967e438d.jpg,640,640,Tomato leaf bacterial spot,438,184,593,388
depositphotos_143371585-stock-photo-tomato-leaf-closeup-isolated-on_jpg.rf.33a86eb2dfeb231d193a9b71967e438d.jpg,640,640,Tomato leaf bacterial spot,37,290,360,535
depositphotos_143371585-stock-photo-tomato-leaf-closeup-isolated-on_jpg.rf.33a86eb2dfeb231d193a9b71967e438d.jpg,640,640,Tomato leaf bacterial spot,301,282,513,536
classic-septoria_jpg.rf.0bf290a7dedcf2783922ceb1f1833b03.jpg,640,640,Tomato Septoria leaf spot,117,374,334,635
classic-septoria_jpg.rf.0bf290a7dedcf2783922ceb1f1833b03.jpg,640,640,Tomato Septoria leaf spot,230,245,413,443
classic-septoria_jpg.rf.0bf290a7dedcf2783922ceb1f1833b03.jpg,640,640,Tomato Septoria leaf spot,68,119,312,299
classic-septoria_jpg.rf.0bf290a7dedcf2783922ceb1f1833b03.jpg,640,640,Tomato Septoria leaf spot,351,145,514,320
s-prasanth-kumar-young-scientist-awarded-presentation-2-728_jpg.rf.242bbc32fb37944cfa6090bf1fd3575b.jpg,640,640,Tomato leaf bacterial spot,28,294,226,580
s-prasanth-kumar-young-scientist-awarded-presentation-2-728_jpg.rf.242bbc32fb37944cfa6090bf1fd3575b.jpg,640,640,Tomato leaf bacterial spot,168,132,314,314
s-prasanth-kumar-young-scientist-awarded-presentation-2-728_jpg.rf.242bbc32fb37944cfa6090bf1fd3575b.jpg,640,640,Tomato leaf bacterial spot,468,125,606,379
s-prasanth-kumar-young-scientist-awarded-presentation-2-728_jpg.rf.242bbc32fb37944cfa6090bf1fd3575b.jpg,640,640,Tomato leaf bacterial spot,414,209,468,383
s-prasanth-kumar-young-scientist-awarded-presentation-2-728_jpg.rf.242bbc32fb37944cfa6090bf1fd3575b.jpg,640,640,Tomato leaf bacterial spot,322,354,442,608
classic-septoria_jpg.rf.f58b24d51bc14ae9a3b7f0f2527c5070.jpg,640,640,Tomato Septoria leaf spot,26,125,308,362
classic-septoria_jpg.rf.f58b24d51bc14ae9a3b7f0f2527c5070.jpg,640,640,Tomato Septoria leaf spot,307,102,508,313
classic-septoria_jpg.rf.f58b24d51bc14ae9a3b7f0f2527c5070.jpg,640,640,Tomato Septoria leaf spot,214,223,438,462
classic-septoria_jpg.rf.f58b24d51bc14ae9a3b7f0f2527c5070.jpg,640,640,Tomato Septoria leaf spot,136,369,410,640
depositphotos_120361722-stock-photo-tomato-leaf-closeup_jpg.rf.e57f6355e191de82aa490ba62a957e30.jpg,640,640,Tomato leaf bacterial spot,50,48,413,407
depositphotos_120361722-stock-photo-tomato-leaf-closeup_jpg.rf.e57f6355e191de82aa490ba62a957e30.jpg,640,640,Tomato leaf bacterial spot,407,102,595,431
depositphotos_120361722-stock-photo-tomato-leaf-closeup_jpg.rf.e57f6355e191de82aa490ba62a957e30.jpg,640,640,Tomato leaf bacterial spot,113,419,370,610
depositphotos_120361722-stock-photo-tomato-leaf-closeup_jpg.rf.e57f6355e191de82aa490ba62a957e30.jpg,640,640,Tomato leaf bacterial spot,330,445,444,623
PxWBE_jpg.rf.ec89c867a0c22939c60c0e754bd9570f.jpg,640,640,Tomato leaf bacterial spot,91,425,265,570
PxWBE_jpg.rf.ec89c867a0c22939c60c0e754bd9570f.jpg,640,640,Tomato leaf bacterial spot,0,349,83,523
PxWBE_jpg.rf.ec89c867a0c22939c60c0e754bd9570f.jpg,640,640,Tomato leaf bacterial spot,76,353,299,479
PxWBE_jpg.rf.ec89c867a0c22939c60c0e754bd9570f.jpg,640,640,Tomato leaf bacterial spot,157,103,551,509
PxWBE_jpg.rf.ec89c867a0c22939c60c0e754bd9570f.jpg,640,640,Tomato leaf bacterial spot,51,0,287,137
PxWBE_jpg.rf.ec89c867a0c22939c60c0e754bd9570f.jpg,640,640,Tomato leaf bacterial spot,281,0,521,158
sept4disease-019_jpg.rf.26ffd8f1a09d8f15a14f4bedc3674f0a.jpg,640,640,Tomato Septoria leaf spot,41,74,637,612
depositphotos_7182856-stock-photo-tomato-leaf_jpg.rf.61eb2e7c783bc20d40410b0fa0de61b5.jpg,640,640,Tomato leaf late blight,26,154,243,329
depositphotos_7182856-stock-photo-tomato-leaf_jpg.rf.61eb2e7c783bc20d40410b0fa0de61b5.jpg,640,640,Tomato leaf late blight,214,120,323,280
depositphotos_7182856-stock-photo-tomato-leaf_jpg.rf.61eb2e7c783bc20d40410b0fa0de61b5.jpg,640,640,Tomato leaf late blight,300,88,442,295
depositphotos_7182856-stock-photo-tomato-leaf_jpg.rf.61eb2e7c783bc20d40410b0fa0de61b5.jpg,640,640,Tomato leaf late blight,405,89,529,274
depositphotos_7182856-stock-photo-tomato-leaf_jpg.rf.61eb2e7c783bc20d40410b0fa0de61b5.jpg,640,640,Tomato leaf late blight,391,345,520,537
depositphotos_7182856-stock-photo-tomato-leaf_jpg.rf.61eb2e7c783bc20d40410b0fa0de61b5.jpg,640,640,Tomato leaf late blight,352,345,414,597
depositphotos_7182856-stock-photo-tomato-leaf_jpg.rf.61eb2e7c783bc20d40410b0fa0de61b5.jpg,640,640,Tomato leaf late blight,198,292,297,477
1234080-Early-Blight_jpg.rf.b1a3ddd9864ba4201804b3deafc9cf16.jpg,640,640,Tomato Early blight leaf,147,71,576,551
603-116-0_jpg.rf.932cc58bf971181996766fbcea301100.jpg,640,640,Tomato mold leaf,0,154,454,634
tomato-septoria-5_jpg.rf.3a84f3a774ff8c704023ac9997840748.jpg,640,640,Tomato Septoria leaf spot,121,207,497,451
tomato-septoria-leaf-spot-_jpg.rf.6ae59999fb6028acad57e9e119f068c6.jpg,640,640,Tomato Septoria leaf spot,147,270,230,513
tomato-septoria-leaf-spot-_jpg.rf.6ae59999fb6028acad57e9e119f068c6.jpg,640,640,Tomato Septoria leaf spot,480,345,583,493
tomato-septoria-leaf-spot-_jpg.rf.6ae59999fb6028acad57e9e119f068c6.jpg,640,640,Tomato Septoria leaf spot,506,263,609,352
tomato-septoria-leaf-spot-_jpg.rf.6ae59999fb6028acad57e9e119f068c6.jpg,640,640,Tomato Septoria leaf spot,423,359,520,525
tomato-septoria-leaf-spot-_jpg.rf.6ae59999fb6028acad57e9e119f068c6.jpg,640,640,Tomato Septoria leaf spot,346,320,423,468
tomato-septoria-leaf-spot-_jpg.rf.6ae59999fb6028acad57e9e119f068c6.jpg,640,640,Tomato Septoria leaf spot,238,345,384,633
tomato-septoria-leaf-spot-_jpg.rf.6ae59999fb6028acad57e9e119f068c6.jpg,640,640,Tomato Septoria leaf spot,263,179,372,313
603-116-0_jpg.rf.ad9d825f72a200016d15bea676a4d017.jpg,640,640,Tomato mold leaf,1,151,457,638
tomato-septoria-leaf-spot-_jpg.rf.ae53bb2613d4af9d184885e05e5b352d.jpg,640,640,Tomato Septoria leaf spot,248,318,374,467
tomato-septoria-leaf-spot-_jpg.rf.ae53bb2613d4af9d184885e05e5b352d.jpg,640,640,Tomato Septoria leaf spot,25,232,146,343
tomato-septoria-leaf-spot-_jpg.rf.ae53bb2613d4af9d184885e05e5b352d.jpg,640,640,Tomato Septoria leaf spot,399,147,530,404
tomato-septoria-leaf-spot-_jpg.rf.ae53bb2613d4af9d184885e05e5b352d.jpg,640,640,Tomato Septoria leaf spot,218,154,327,318
tomato-septoria-leaf-spot-_jpg.rf.ae53bb2613d4af9d184885e05e5b352d.jpg,640,640,Tomato Septoria leaf spot,69,101,197,267
tomato-septoria-leaf-spot-_jpg.rf.ae53bb2613d4af9d184885e05e5b352d.jpg,640,640,Tomato Septoria leaf spot,135,81,256,261
tomato-septoria-leaf-spot-_jpg.rf.ae53bb2613d4af9d184885e05e5b352d.jpg,640,640,Tomato Septoria leaf spot,264,0,463,312
late_blight_2013_longisland2x1200_jpg.rf.ca959a67f3239f292d309f793930af90.jpg,640,640,Tomato leaf mosaic virus,0,37,638,514
607-155-1_jpg.rf.aa3a303e68ac45e7c47c514103a76e93.jpg,640,640,Tomato mold leaf,0,0,638,617
tomato-septoria-leaf-spot-_jpg.rf.0c8300768370bc13749448efac3e8a64.jpg,640,640,Tomato Septoria leaf spot,0,281,122,493
tomato-septoria-leaf-spot-_jpg.rf.0c8300768370bc13749448efac3e8a64.jpg,640,640,Tomato Septoria leaf spot,90,13,193,333
tomato-septoria-leaf-spot-_jpg.rf.0c8300768370bc13749448efac3e8a64.jpg,640,640,Tomato Septoria leaf spot,480,378,569,582
tomato-septoria-leaf-spot-_jpg.rf.0c8300768370bc13749448efac3e8a64.jpg,640,640,Tomato Septoria leaf spot,506,231,609,397
tomato-septoria-leaf-spot-_jpg.rf.0c8300768370bc13749448efac3e8a64.jpg,640,640,Tomato Septoria leaf spot,436,441,525,634
tomato-septoria-leaf-spot-_jpg.rf.0c8300768370bc13749448efac3e8a64.jpg,640,640,Tomato Septoria leaf spot,340,332,423,563
tomato-septoria-leaf-spot-_jpg.rf.0c8300768370bc13749448efac3e8a64.jpg,640,640,Tomato Septoria leaf spot,159,288,218,595
tomato-septoria-leaf-spot-_jpg.rf.0c8300768370bc13749448efac3e8a64.jpg,640,640,Tomato Septoria leaf spot,276,89,359,308
Leaf-mold3_jpg.rf.71d542af62c3dd2ee36088d633d8b374.jpg,640,640,Tomato mold leaf,544,275,627,339
Leaf-mold3_jpg.rf.71d542af62c3dd2ee36088d633d8b374.jpg,640,640,Tomato mold leaf,422,116,538,205
Leaf-mold3_jpg.rf.71d542af62c3dd2ee36088d633d8b374.jpg,640,640,Tomato mold leaf,498,308,551,480
Leaf-mold3_jpg.rf.71d542af62c3dd2ee36088d633d8b374.jpg,640,640,Tomato mold leaf,12,492,154,634
Leaf-mold3_jpg.rf.71d542af62c3dd2ee36088d633d8b374.jpg,640,640,Tomato mold leaf,26,141,186,224
Leaf-mold3_jpg.rf.71d542af62c3dd2ee36088d633d8b374.jpg,640,640,Tomato mold leaf,26,211,123,346
Leaf-mold3_jpg.rf.71d542af62c3dd2ee36088d633d8b374.jpg,640,640,Tomato mold leaf,83,340,166,506
Leaf-mold3_jpg.rf.71d542af62c3dd2ee36088d633d8b374.jpg,640,640,Tomato mold leaf,237,167,294,256
Leaf-mold3_jpg.rf.71d542af62c3dd2ee36088d633d8b374.jpg,640,640,Tomato mold leaf,358,231,538,377
Leaf-mold3_jpg.rf.71d542af62c3dd2ee36088d633d8b374.jpg,640,640,Tomato mold leaf,256,301,384,525
tomato-septoria-leaf-spot-_jpg.rf.daf03b96b6dd5c7d6bc468be50589310.jpg,640,640,Tomato Septoria leaf spot,238,317,365,466
tomato-septoria-leaf-spot-_jpg.rf.daf03b96b6dd5c7d6bc468be50589310.jpg,640,640,Tomato Septoria leaf spot,488,322,610,433
tomato-septoria-leaf-spot-_jpg.rf.daf03b96b6dd5c7d6bc468be50589310.jpg,640,640,Tomato Septoria leaf spot,137,96,268,353
tomato-septoria-leaf-spot-_jpg.rf.daf03b96b6dd5c7d6bc468be50589310.jpg,640,640,Tomato Septoria leaf spot,342,179,451,343
tomato-septoria-leaf-spot-_jpg.rf.daf03b96b6dd5c7d6bc468be50589310.jpg,640,640,Tomato Septoria leaf spot,481,181,608,347
tomato-septoria-leaf-spot-_jpg.rf.daf03b96b6dd5c7d6bc468be50589310.jpg,640,640,Tomato Septoria leaf spot,430,139,553,319
tomato-septoria-leaf-spot-_jpg.rf.daf03b96b6dd5c7d6bc468be50589310.jpg,640,640,Tomato Septoria leaf spot,242,0,440,308
tomato-septoria-3-500x384_jpg.rf.4e1710fd1020ca1476a6e8f835b473c7.jpg,640,640,Tomato Septoria leaf spot,2,460,236,602
tomato-septoria-3-500x384_jpg.rf.4e1710fd1020ca1476a6e8f835b473c7.jpg,640,640,Tomato Septoria leaf spot,397,140,545,357
tomato-septoria-3-500x384_jpg.rf.4e1710fd1020ca1476a6e8f835b473c7.jpg,640,640,Tomato Septoria leaf spot,522,331,631,575
tomato-septoria-3-500x384_jpg.rf.4e1710fd1020ca1476a6e8f835b473c7.jpg,640,640,Tomato Septoria leaf spot,233,245,462,426
tomato-yellow-leaf-curl-disease-260nw-1006958086_jpg.rf.ed5e4359cc5bf28a4c0fe13c1b7d89bd.jpg,640,640,Tomato leaf bacterial spot,326,5,548,166
tomato-yellow-leaf-curl-disease-260nw-1006958086_jpg.rf.ed5e4359cc5bf28a4c0fe13c1b7d89bd.jpg,640,640,Tomato leaf bacterial spot,160,140,251,335
tomato-yellow-leaf-curl-disease-260nw-1006958086_jpg.rf.ed5e4359cc5bf28a4c0fe13c1b7d89bd.jpg,640,640,Tomato leaf bacterial spot,243,339,359,545
tomato-yellow-leaf-curl-disease-260nw-1006958086_jpg.rf.ed5e4359cc5bf28a4c0fe13c1b7d89bd.jpg,640,640,Tomato leaf bacterial spot,291,174,408,349
tomato-yellow-leaf-curl-disease-260nw-1006958086_jpg.rf.ed5e4359cc5bf28a4c0fe13c1b7d89bd.jpg,640,640,Tomato leaf bacterial spot,350,306,596,486
tomato-septoria-leaf-spot-_jpg.rf.0b0434f7b81a06bd635853abe5c0fdab.jpg,640,640,Tomato Septoria leaf spot,2,282,122,491
tomato-septoria-leaf-spot-_jpg.rf.0b0434f7b81a06bd635853abe5c0fdab.jpg,640,640,Tomato Septoria leaf spot,91,15,191,331
tomato-septoria-leaf-spot-_jpg.rf.0b0434f7b81a06bd635853abe5c0fdab.jpg,640,640,Tomato Septoria leaf spot,483,380,569,582
tomato-septoria-leaf-spot-_jpg.rf.0b0434f7b81a06bd635853abe5c0fdab.jpg,640,640,Tomato Septoria leaf spot,505,232,611,400
tomato-septoria-leaf-spot-_jpg.rf.0b0434f7b81a06bd635853abe5c0fdab.jpg,640,640,Tomato Septoria leaf spot,434,443,528,637
tomato-septoria-leaf-spot-_jpg.rf.0b0434f7b81a06bd635853abe5c0fdab.jpg,640,640,Tomato Septoria leaf spot,342,336,422,565
tomato-septoria-leaf-spot-_jpg.rf.0b0434f7b81a06bd635853abe5c0fdab.jpg,640,640,Tomato Septoria leaf spot,159,290,219,599
tomato-septoria-leaf-spot-_jpg.rf.0b0434f7b81a06bd635853abe5c0fdab.jpg,640,640,Tomato Septoria leaf spot,274,88,361,306
tomato-yellow-leaf-curl-disease-260nw-1006958086_jpg.rf.46f3cb99fc8bac71f45c8799e4556ac8.jpg,640,640,Tomato leaf bacterial spot,326,6,551,166
tomato-yellow-leaf-curl-disease-260nw-1006958086_jpg.rf.46f3cb99fc8bac71f45c8799e4556ac8.jpg,640,640,Tomato leaf bacterial spot,160,141,249,339
tomato-yellow-leaf-curl-disease-260nw-1006958086_jpg.rf.46f3cb99fc8bac71f45c8799e4556ac8.jpg,640,640,Tomato leaf bacterial spot,243,339,359,544
tomato-yellow-leaf-curl-disease-260nw-1006958086_jpg.rf.46f3cb99fc8bac71f45c8799e4556ac8.jpg,640,640,Tomato leaf bacterial spot,295,173,410,353
tomato-yellow-leaf-curl-disease-260nw-1006958086_jpg.rf.46f3cb99fc8bac71f45c8799e4556ac8.jpg,640,640,Tomato leaf bacterial spot,347,308,596,486
tomato-yellow-closeup-3_jpg.rf.346c9e3046f0b1e263a79282e8ad3e08.jpg,640,640,Tomato leaf bacterial spot,396,166,461,423
tomato-yellow-closeup-3_jpg.rf.346c9e3046f0b1e263a79282e8ad3e08.jpg,640,640,Tomato leaf bacterial spot,295,192,333,294
tomato-yellow-closeup-3_jpg.rf.346c9e3046f0b1e263a79282e8ad3e08.jpg,640,640,Tomato leaf bacterial spot,205,390,257,448
tomato-yellow-closeup-3_jpg.rf.346c9e3046f0b1e263a79282e8ad3e08.jpg,640,640,Tomato leaf bacterial spot,185,320,238,409
tomato-yellow-closeup-3_jpg.rf.346c9e3046f0b1e263a79282e8ad3e08.jpg,640,640,Tomato leaf bacterial spot,262,295,333,378
6032331_JPG_jpg.rf.c50d7228ee2bd80fee504758ce58ea8b.jpg,640,640,Tomato mold leaf,172,89,225,154
6032331_JPG_jpg.rf.c50d7228ee2bd80fee504758ce58ea8b.jpg,640,640,Tomato mold leaf,550,160,615,294
6032331_JPG_jpg.rf.c50d7228ee2bd80fee504758ce58ea8b.jpg,640,640,Tomato mold leaf,537,505,634,633
6032331_JPG_jpg.rf.c50d7228ee2bd80fee504758ce58ea8b.jpg,640,640,Tomato mold leaf,269,6,500,326
6032331_JPG_jpg.rf.c50d7228ee2bd80fee504758ce58ea8b.jpg,640,640,Tomato mold leaf,116,199,282,583
tomato-septoria-leaf-spot_jpg.rf.b1d1f300143c49776f6da9ac9418aaaa.jpg,640,640,Tomato Septoria leaf spot,6,12,634,634
tomato-septoria-3-500x384_jpg.rf.cb3c4c3306ad82120a69adc8a154993a.jpg,640,640,Tomato Septoria leaf spot,72,255,250,490
tomato-septoria-3-500x384_jpg.rf.cb3c4c3306ad82120a69adc8a154993a.jpg,640,640,Tomato Septoria leaf spot,170,197,422,408
tomato-septoria-3-500x384_jpg.rf.cb3c4c3306ad82120a69adc8a154993a.jpg,640,640,Tomato Septoria leaf spot,13,25,156,284
Leaf-2Bsymptoms-2BMDA_jpg.rf.de171808f28630971277b4c9f0943fc5.jpg,640,640,Tomato leaf mosaic virus,333,108,542,482
Leaf-2Bsymptoms-2BMDA_jpg.rf.de171808f28630971277b4c9f0943fc5.jpg,640,640,Tomato leaf mosaic virus,196,217,473,614
Leaf-2Bsymptoms-2BMDA_jpg.rf.de171808f28630971277b4c9f0943fc5.jpg,640,640,Tomato leaf mosaic virus,15,20,294,402
607-155-0_jpg.rf.7728153aa7d00b33568234e703b21a18.jpg,640,640,Tomato mold leaf,64,12,582,525
grey-mould-botrytis-cinerea-on-bottom-of-a-tomato-leaf-late-in-the-AFRDAN_jpg.rf.28669e521579a9fbdb1f81682595a115.jpg,640,640,Tomato mold leaf,0,52,632,561
Tomato_Blight_Leaves-JPG_jpg.rf.0ddd1c88c4084d6c9e79ab965dd1cb1f.jpg,640,640,Tomato Early blight leaf,76,6,259,235
Tomato_Blight_Leaves-JPG_jpg.rf.0ddd1c88c4084d6c9e79ab965dd1cb1f.jpg,640,640,Tomato Early blight leaf,243,168,337,331
Tomato_Blight_Leaves-JPG_jpg.rf.0ddd1c88c4084d6c9e79ab965dd1cb1f.jpg,640,640,Tomato Early blight leaf,322,184,489,301
Tomato_Blight_Leaves-JPG_jpg.rf.0ddd1c88c4084d6c9e79ab965dd1cb1f.jpg,640,640,Tomato Early blight leaf,549,262,640,496
Tomato_Blight_Leaves-JPG_jpg.rf.0ddd1c88c4084d6c9e79ab965dd1cb1f.jpg,640,640,Tomato Early blight leaf,230,375,416,639
tomato_D2b-Early-blight-RPitblado_zoom_jpg.rf.bda5dc469a98402e68e67eee1a77f300.jpg,640,640,Tomato Early blight leaf,384,187,467,436
tomato_D2b-Early-blight-RPitblado_zoom_jpg.rf.bda5dc469a98402e68e67eee1a77f300.jpg,640,640,Tomato Early blight leaf,77,365,160,602
tomato_D2b-Early-blight-RPitblado_zoom_jpg.rf.bda5dc469a98402e68e67eee1a77f300.jpg,640,640,Tomato Early blight leaf,160,339,231,544
tomato_D2b-Early-blight-RPitblado_zoom_jpg.rf.bda5dc469a98402e68e67eee1a77f300.jpg,640,640,Tomato Early blight leaf,32,57,218,192
tomato_D2b-Early-blight-RPitblado_zoom_jpg.rf.bda5dc469a98402e68e67eee1a77f300.jpg,640,640,Tomato Early blight leaf,569,243,634,409
ill-tomato-of-tomato-mosaic-virus-DBE17N_jpg.rf.a751c38711a8601ac4d30fcd1536ed6d.jpg,640,640,Tomato leaf yellow virus,165,65,244,212
ill-tomato-of-tomato-mosaic-virus-DBE17N_jpg.rf.a751c38711a8601ac4d30fcd1536ed6d.jpg,640,640,Tomato leaf yellow virus,25,163,239,283
ill-tomato-of-tomato-mosaic-virus-DBE17N_jpg.rf.a751c38711a8601ac4d30fcd1536ed6d.jpg,640,640,Tomato leaf yellow virus,206,223,345,445
ill-tomato-of-tomato-mosaic-virus-DBE17N_jpg.rf.a751c38711a8601ac4d30fcd1536ed6d.jpg,640,640,Tomato leaf yellow virus,495,323,563,448
ill-tomato-of-tomato-mosaic-virus-DBE17N_jpg.rf.a751c38711a8601ac4d30fcd1536ed6d.jpg,640,640,Tomato leaf yellow virus,64,305,164,473
ill-tomato-of-tomato-mosaic-virus-DBE17N_jpg.rf.a751c38711a8601ac4d30fcd1536ed6d.jpg,640,640,Tomato leaf yellow virus,445,455,510,589
tomato_fulvia2_jpg.rf.5fa836aff06511afa930cf4768f99473.jpg,640,640,Tomato mold leaf,0,24,638,527
tomato_fulvia2_jpg.rf.5fa836aff06511afa930cf4768f99473.jpg,640,640,Tomato mold leaf,252,223,639,640
late_blight_tomato_unusual-symptomsx1200_jpg.rf.afcb6e0e325182781f50418ac68a959a.jpg,640,640,Tomato leaf yellow virus,6,134,205,595
late_blight_tomato_unusual-symptomsx1200_jpg.rf.afcb6e0e325182781f50418ac68a959a.jpg,640,640,Tomato leaf yellow virus,83,12,249,486
late_blight_tomato_unusual-symptomsx1200_jpg.rf.afcb6e0e325182781f50418ac68a959a.jpg,640,640,Tomato leaf yellow virus,236,178,410,480
late_blight_tomato_unusual-symptomsx1200_jpg.rf.afcb6e0e325182781f50418ac68a959a.jpg,640,640,Tomato leaf yellow virus,333,250,621,596
late_blight_tomato_unusual-symptomsx1200_jpg.rf.afcb6e0e325182781f50418ac68a959a.jpg,640,640,Tomato leaf yellow virus,422,83,633,237
late_blight_tomato_unusual-symptomsx1200_jpg.rf.afcb6e0e325182781f50418ac68a959a.jpg,640,640,Tomato leaf yellow virus,255,64,474,307
tomato_bacterial-speck_03_zoom_jpg.rf.6bf9fa314c10a5d3d82074f56f9ddff8.jpg,640,640,Tomato leaf late blight,411,180,551,406
tomato_bacterial-speck_03_zoom_jpg.rf.6bf9fa314c10a5d3d82074f56f9ddff8.jpg,640,640,Tomato leaf late blight,67,208,198,426
tomato_bacterial-speck_03_zoom_jpg.rf.6bf9fa314c10a5d3d82074f56f9ddff8.jpg,640,640,Tomato leaf late blight,250,178,353,342
tomato_fulvia2_jpg.rf.e02a09455913523dc1137016f98ec951.jpg,640,640,Tomato mold leaf,0,131,638,597
tomato_fulvia2_jpg.rf.e02a09455913523dc1137016f98ec951.jpg,640,640,Tomato mold leaf,0,6,332,469
tomato_early-blight_02_zoom_jpg.rf.207d60e13147bdfcddab28e1345ed063.jpg,640,640,Tomato Early blight leaf,2,154,266,491
tomato_early-blight_02_zoom_jpg.rf.207d60e13147bdfcddab28e1345ed063.jpg,640,640,Tomato Early blight leaf,405,39,608,433
tomato_early-blight_02_zoom_jpg.rf.207d60e13147bdfcddab28e1345ed063.jpg,640,640,Tomato Early blight leaf,201,39,407,410
tomato_early-blight_02_zoom_jpg.rf.207d60e13147bdfcddab28e1345ed063.jpg,640,640,Tomato Early blight leaf,218,419,560,639
6078710516023296-jpeg_jpg.rf.dc5c5a1c9757a2edf9c2283733d35597.jpg,640,640,Tomato Septoria leaf spot,0,68,565,564
tomato_bacterial-speck_03_zoom_jpg.rf.9d953bec44a9081b90c7f3c17ebc74b6.jpg,640,640,Tomato leaf mosaic virus,96,224,218,442
tomato_bacterial-speck_03_zoom_jpg.rf.9d953bec44a9081b90c7f3c17ebc74b6.jpg,640,640,Tomato leaf mosaic virus,454,236,563,621
tomato_bacterial-speck_03_zoom_jpg.rf.9d953bec44a9081b90c7f3c17ebc74b6.jpg,640,640,Tomato leaf mosaic virus,288,179,390,461
tomato_early-blight_03_zoom_jpg.rf.d47bf2cc3c20975121b9dc953b025ad7.jpg,640,640,Tomato Early blight leaf,224,180,378,506
tomato_early-blight_03_zoom_jpg.rf.d47bf2cc3c20975121b9dc953b025ad7.jpg,640,640,Tomato Early blight leaf,262,0,519,377
tomato_early-blight_03_zoom_jpg.rf.d47bf2cc3c20975121b9dc953b025ad7.jpg,640,640,Tomato Early blight leaf,161,378,301,621
tomato_early-blight_02_zoom_jpg.rf.1493bc64943277a7be20fded4b636140.jpg,640,640,Tomato Early blight leaf,376,155,636,489
tomato_early-blight_02_zoom_jpg.rf.1493bc64943277a7be20fded4b636140.jpg,640,640,Tomato Early blight leaf,35,206,232,597
tomato_early-blight_02_zoom_jpg.rf.1493bc64943277a7be20fded4b636140.jpg,640,640,Tomato Early blight leaf,236,232,436,599
tomato_early-blight_02_zoom_jpg.rf.1493bc64943277a7be20fded4b636140.jpg,640,640,Tomato Early blight leaf,87,0,424,218
grey-mould-botrytis-cinerea-on-bottom-of-a-tomato-leaf-late-in-the-AFRDAN_jpg.rf.7e2bbef32e4318f40986fe19716af2fb.jpg,640,640,Tomato leaf mosaic virus,103,228,486,590
grey-mould-botrytis-cinerea-on-bottom-of-a-tomato-leaf-late-in-the-AFRDAN_jpg.rf.edf9f0ae83e980fe3a428f4728a7ca11.jpg,640,640,Tomato leaf mosaic virus,206,250,532,548
BCH-20medium-20thumbnail-20for-20upload-20-2836-29_jpg.rf.6ca907eef54ea6324b7a2cf5be7b897e.jpg,640,640,Tomato Early blight leaf,153,417,341,605
BCH-20medium-20thumbnail-20for-20upload-20-2836-29_jpg.rf.6ca907eef54ea6324b7a2cf5be7b897e.jpg,640,640,Tomato Early blight leaf,390,149,639,540
BCH-20medium-20thumbnail-20for-20upload-20-2836-29_jpg.rf.6ca907eef54ea6324b7a2cf5be7b897e.jpg,640,640,Tomato Early blight leaf,208,57,407,434
dsc_4621c_jpg.rf.6fa3c041d4cd67c1257c94bd3adf77ae.jpg,640,640,Tomato leaf mosaic virus,199,252,426,450
dscn6690_jpg.rf.a9c6268c7a0d62e9994c64643375ac3b.jpg,640,640,Tomato mold leaf,64,50,633,613
dscn6690_jpg.rf.446575361ef8465401ab023005d72351.jpg,640,640,Tomato mold leaf,68,54,628,608
DSC02246_JPG_jpg.rf.02190a84490531e59ec79de43119fec8.jpg,640,640,Tomato leaf,153,109,416,576
DSC02246_JPG_jpg.rf.02190a84490531e59ec79de43119fec8.jpg,640,640,Tomato leaf,6,109,219,557
DSC02246_JPG_jpg.rf.02190a84490531e59ec79de43119fec8.jpg,640,640,Tomato leaf,448,147,628,487
DSC02007-JPG_jpg.rf.0fda8b162c5767699046681a4c3072ef.jpg,640,640,Tomato leaf,239,177,290,228
DSC02007-JPG_jpg.rf.0fda8b162c5767699046681a4c3072ef.jpg,640,640,Tomato leaf,393,258,462,338
DSC02007-JPG_jpg.rf.0fda8b162c5767699046681a4c3072ef.jpg,640,640,Tomato leaf,283,287,363,341
DSC02007-JPG_jpg.rf.0fda8b162c5767699046681a4c3072ef.jpg,640,640,Tomato leaf,332,326,420,409
DSC02007-JPG_jpg.rf.0fda8b162c5767699046681a4c3072ef.jpg,640,640,Tomato leaf,408,344,475,451
DSC02007-JPG_jpg.rf.0fda8b162c5767699046681a4c3072ef.jpg,640,640,Tomato leaf,229,390,340,499
DSC02007-JPG_jpg.rf.0fda8b162c5767699046681a4c3072ef.jpg,640,640,Tomato leaf,119,427,210,498
DSC02007-JPG_jpg.rf.0fda8b162c5767699046681a4c3072ef.jpg,640,640,Tomato leaf,39,487,163,618
DSC02007-JPG_jpg.rf.0fda8b162c5767699046681a4c3072ef.jpg,640,640,Tomato leaf,254,462,401,609
DSC02007-JPG_jpg.rf.0fda8b162c5767699046681a4c3072ef.jpg,640,640,Tomato leaf,207,589,276,640
dsc_4621c_jpg.rf.6dce90fdabbf3bd6232131899db29ad6.jpg,640,640,Tomato leaf yellow virus,77,179,634,461
dsc_4621c_jpg.rf.c6ec0bdfd30f9202c8190ea8ccf5e29e.jpg,640,640,Tomato leaf yellow virus,76,180,639,465
dscf2712_jpg.rf.35db0638cede257c6ec4c750cd90cdd9.jpg,640,640,Tomato mold leaf,166,57,442,634
dscf2712_jpg.rf.57f7f412fa504cbcf834e7d10ee29eef.jpg,640,640,Tomato mold leaf,165,58,434,637
early-20blight-20-283-29-jpg-itok-UMYWI0xr_jpg.rf.b7d9fcf82d46d4188523fbffed6ead8e.jpg,640,640,Tomato Early blight leaf,0,29,622,442
tomato_blight_early_jpg.rf.45cc32b84ec1c2e66d78e146c117e65e.jpg,640,640,Tomato Early blight leaf,388,279,557,513
tomato_blight_early_jpg.rf.45cc32b84ec1c2e66d78e146c117e65e.jpg,640,640,Tomato Early blight leaf,428,151,639,297
tomato_blight_early_jpg.rf.45cc32b84ec1c2e66d78e146c117e65e.jpg,640,640,Tomato Early blight leaf,203,131,309,325
tomato_blight_early_jpg.rf.45cc32b84ec1c2e66d78e146c117e65e.jpg,640,640,Tomato Early blight leaf,279,237,402,383
tomato_blight_early_jpg.rf.45cc32b84ec1c2e66d78e146c117e65e.jpg,640,640,Tomato Early blight leaf,362,20,589,91
tomato_blight_early_jpg.rf.45cc32b84ec1c2e66d78e146c117e65e.jpg,640,640,Tomato Early blight leaf,15,19,257,136
tomato_blight_early_jpg.rf.6cbd545eb90ee00177815178d5fbf7d9.jpg,640,640,Tomato Early blight leaf,447,159,584,266
tomato_blight_early_jpg.rf.6cbd545eb90ee00177815178d5fbf7d9.jpg,640,640,Tomato Early blight leaf,283,268,360,386
tomato_blight_early_jpg.rf.6cbd545eb90ee00177815178d5fbf7d9.jpg,640,640,Tomato Early blight leaf,380,310,463,462
stock-photo-tomato-leaf-isolated-on-white-background-580281301_jpg.rf.1bb29aafa56d8e87546706a2f00df345.jpg,640,640,Tomato leaf bacterial spot,93,328,353,557
stock-photo-tomato-leaf-isolated-on-white-background-580281301_jpg.rf.1bb29aafa56d8e87546706a2f00df345.jpg,640,640,Tomato leaf bacterial spot,354,248,557,490
stock-photo-tomato-leaf-isolated-on-white-background-580281301_jpg.rf.1bb29aafa56d8e87546706a2f00df345.jpg,640,640,Tomato leaf bacterial spot,209,77,400,434
septoria_tom_seedlings2x1200_jpg.rf.668e70e2961c92988075213ac1976744.jpg,640,640,Tomato Septoria leaf spot,88,9,583,371
septoria_tom_seedlings2x1200_jpg.rf.668e70e2961c92988075213ac1976744.jpg,640,640,Tomato Septoria leaf spot,199,372,622,634
septoria_tom_seedlings2x1200_jpg.rf.668e70e2961c92988075213ac1976744.jpg,640,640,Tomato Septoria leaf spot,54,374,211,638
septoria_tom_seedlings2x1200_jpg.rf.668e70e2961c92988075213ac1976744.jpg,640,640,Tomato Septoria leaf spot,68,257,291,415
tomato-badleaves_jpg.rf.ee990d85fe64d953bf0f4a6034218439.jpg,640,640,Tomato Septoria leaf spot,94,387,277,607
tomato-badleaves_jpg.rf.ee990d85fe64d953bf0f4a6034218439.jpg,640,640,Tomato Septoria leaf spot,388,385,510,585
tomato-badleaves_jpg.rf.ee990d85fe64d953bf0f4a6034218439.jpg,640,640,Tomato Septoria leaf spot,277,255,435,560
tomato-badleaves_jpg.rf.ee990d85fe64d953bf0f4a6034218439.jpg,640,640,Tomato Septoria leaf spot,143,243,283,480
tomato-badleaves_jpg.rf.ee990d85fe64d953bf0f4a6034218439.jpg,640,640,Tomato Septoria leaf spot,76,256,201,430
tomato-badleaves_jpg.rf.ee990d85fe64d953bf0f4a6034218439.jpg,640,640,Tomato Septoria leaf spot,65,13,209,213
tomato-badleaves_jpg.rf.ee990d85fe64d953bf0f4a6034218439.jpg,640,640,Tomato Septoria leaf spot,231,9,348,186
late-blight-tomato-leaf_jpg.rf.e905b2850972225206cfed51f50d8fa0.jpg,640,640,Tomato leaf yellow virus,37,11,574,626
late-blight-TomC2-10_jpg.rf.4ae51dd50be4285800deb62ba19f41c4.jpg,640,640,Tomato leaf yellow virus,57,186,431,522
a_solani_jpg.rf.7fdf1c5858894dcbd630ead83303e37d.jpg,640,640,Tomato Early blight leaf,170,9,407,640
a_solani_jpg.rf.7fdf1c5858894dcbd630ead83303e37d.jpg,640,640,Tomato Early blight leaf,450,0,636,374
august-11-early-leaf-blight-single-leaf_jpg.rf.9546a31651006fb2b75280de56db3f53.jpg,640,640,Tomato Septoria leaf spot,65,127,611,504
art_15017325188173_a24a66_jpg.rf.ad46c15b56a281dbd550a0e39d28bbfa.jpg,640,640,Tomato leaf bacterial spot,365,435,409,538
art_15017325188173_a24a66_jpg.rf.ad46c15b56a281dbd550a0e39d28bbfa.jpg,640,640,Tomato leaf bacterial spot,243,282,302,365
art_15017325188173_a24a66_jpg.rf.ad46c15b56a281dbd550a0e39d28bbfa.jpg,640,640,Tomato leaf bacterial spot,505,468,570,634
art_15017325188173_a24a66_jpg.rf.ad46c15b56a281dbd550a0e39d28bbfa.jpg,640,640,Tomato leaf bacterial spot,519,435,602,493
art_15017325188173_a24a66_jpg.rf.ad46c15b56a281dbd550a0e39d28bbfa.jpg,640,640,Tomato leaf bacterial spot,480,345,557,390
art_15017325188173_a24a66_jpg.rf.ad46c15b56a281dbd550a0e39d28bbfa.jpg,640,640,Tomato leaf bacterial spot,103,243,186,371
art_15017325188173_a24a66_jpg.rf.ad46c15b56a281dbd550a0e39d28bbfa.jpg,640,640,Tomato leaf bacterial spot,7,448,96,628
art_15017325188173_a24a66_jpg.rf.ad46c15b56a281dbd550a0e39d28bbfa.jpg,640,640,Tomato leaf bacterial spot,109,409,154,462
art_15017325188173_a24a66_jpg.rf.ad46c15b56a281dbd550a0e39d28bbfa.jpg,640,640,Tomato leaf bacterial spot,123,448,180,583
art_15017325188173_a24a66_jpg.rf.ad46c15b56a281dbd550a0e39d28bbfa.jpg,640,640,Tomato leaf bacterial spot,172,396,225,449
art_15017325188173_a24a66_jpg.rf.ad46c15b56a281dbd550a0e39d28bbfa.jpg,640,640,Tomato leaf bacterial spot,192,371,263,435
art_15017325188173_a24a66_jpg.rf.ad46c15b56a281dbd550a0e39d28bbfa.jpg,640,640,Tomato leaf bacterial spot,243,454,314,634
art_15017325188173_a24a66_jpg.rf.ad46c15b56a281dbd550a0e39d28bbfa.jpg,640,640,Tomato leaf bacterial spot,429,416,493,590
photo-2_jpg.rf.efacf8ec818c42b598da8ff02437de31.jpg,640,640,Tomato leaf yellow virus,108,147,321,422
photo-2_jpg.rf.efacf8ec818c42b598da8ff02437de31.jpg,640,640,Tomato leaf yellow virus,378,372,633,550
photo-2_jpg.rf.efacf8ec818c42b598da8ff02437de31.jpg,640,640,Tomato leaf yellow virus,415,172,634,320
photo-2_jpg.rf.efacf8ec818c42b598da8ff02437de31.jpg,640,640,Tomato leaf yellow virus,192,51,377,326
depositphotos_120361722-stock-photo-tomato-leaf-closeup_jpg.rf.965a59dfc9df58c7c25815c4726005bd.jpg,640,640,Tomato leaf late blight,45,96,211,416
depositphotos_120361722-stock-photo-tomato-leaf-closeup_jpg.rf.965a59dfc9df58c7c25815c4726005bd.jpg,640,640,Tomato leaf late blight,236,51,576,384
depositphotos_120361722-stock-photo-tomato-leaf-closeup_jpg.rf.965a59dfc9df58c7c25815c4726005bd.jpg,640,640,Tomato leaf late blight,263,435,506,609
depositphotos_120361722-stock-photo-tomato-leaf-closeup_jpg.rf.965a59dfc9df58c7c25815c4726005bd.jpg,640,640,Tomato leaf late blight,186,441,288,615
depositphotos_120361722-stock-photo-tomato-leaf-closeup_jpg.rf.bd6d34fe4be8bf7d61827be840c28476.jpg,640,640,Tomato leaf late blight,48,95,212,414
depositphotos_120361722-stock-photo-tomato-leaf-closeup_jpg.rf.bd6d34fe4be8bf7d61827be840c28476.jpg,640,640,Tomato leaf late blight,238,52,577,386
depositphotos_120361722-stock-photo-tomato-leaf-closeup_jpg.rf.bd6d34fe4be8bf7d61827be840c28476.jpg,640,640,Tomato leaf late blight,263,434,508,606
depositphotos_120361722-stock-photo-tomato-leaf-closeup_jpg.rf.bd6d34fe4be8bf7d61827be840c28476.jpg,640,640,Tomato leaf late blight,188,445,289,616
tomato_D33a-Late-blight-015-OMAFHRT_zoom_jpg.rf.1d7da567ce89d25a7027d846abe67b48.jpg,640,640,Tomato leaf yellow virus,185,25,473,570
tomato_early-blight_02_zoom_jpg.rf.50cae882ae742d59e51c67b7511c375f.jpg,640,640,Tomato Early blight leaf,2,190,273,530
tomato_early-blight_02_zoom_jpg.rf.50cae882ae742d59e51c67b7511c375f.jpg,640,640,Tomato Early blight leaf,416,162,625,558
tomato_early-blight_02_zoom_jpg.rf.50cae882ae742d59e51c67b7511c375f.jpg,640,640,Tomato Early blight leaf,219,230,432,602
tomato_early-blight_02_zoom_jpg.rf.50cae882ae742d59e51c67b7511c375f.jpg,640,640,Tomato Early blight leaf,167,0,510,215
slide21-n_jpg.rf.aa604c32f42bdbe98378d53086ab049d.jpg,640,640,Tomato Septoria leaf spot,122,6,490,577
Late-blight-on-a-tomato-leaf_jpg.rf.589447473c3b04c0ac74b611af243223.jpg,640,640,Tomato leaf mosaic virus,108,157,542,526
dahliaviralsymptoms2lowresjpg_jpg.rf.e452385d4f8807f347e72e6547a4084c.jpg,640,640,Tomato leaf yellow virus,377,282,540,576
dahliaviralsymptoms2lowresjpg_jpg.rf.e452385d4f8807f347e72e6547a4084c.jpg,640,640,Tomato leaf yellow virus,155,300,349,548
dahliaviralsymptoms2lowresjpg_jpg.rf.e452385d4f8807f347e72e6547a4084c.jpg,640,640,Tomato leaf yellow virus,106,51,323,308
dahliaviralsymptoms2lowresjpg_jpg.rf.e452385d4f8807f347e72e6547a4084c.jpg,640,640,Tomato leaf yellow virus,294,0,490,255
tomato_fulvia_jpg.rf.caa048dbc3bc8669e02fa60457ca9fe4.jpg,640,640,Tomato mold leaf,23,48,640,602
1342017-162221-44540_jpg.rf.b964f18005034a839c6f0bf519e6d191.jpg,640,640,Tomato leaf bacterial spot,371,512,454,560
1342017-162221-44540_jpg.rf.b964f18005034a839c6f0bf519e6d191.jpg,640,640,Tomato leaf bacterial spot,314,5,461,163
1342017-162221-44540_jpg.rf.b964f18005034a839c6f0bf519e6d191.jpg,640,640,Tomato leaf bacterial spot,206,147,340,216
1342017-162221-44540_jpg.rf.b964f18005034a839c6f0bf519e6d191.jpg,640,640,Tomato leaf bacterial spot,365,171,483,222
1342017-162221-44540_jpg.rf.b964f18005034a839c6f0bf519e6d191.jpg,640,640,Tomato leaf bacterial spot,488,417,599,466
1342017-162221-44540_jpg.rf.b964f18005034a839c6f0bf519e6d191.jpg,640,640,Tomato leaf bacterial spot,443,345,571,408
1342017-162221-44540_jpg.rf.b964f18005034a839c6f0bf519e6d191.jpg,640,640,Tomato leaf bacterial spot,280,256,329,302
1342017-162221-44540_jpg.rf.b964f18005034a839c6f0bf519e6d191.jpg,640,640,Tomato leaf bacterial spot,186,266,300,322
1342017-162221-44540_jpg.rf.b964f18005034a839c6f0bf519e6d191.jpg,640,640,Tomato leaf bacterial spot,403,255,509,300
tomato_leaf_roll_JPG_jpg.rf.69d59ff8faf91108571de7385623f8e6.jpg,640,640,Tomato leaf bacterial spot,179,154,455,243
tomato_leaf_roll_JPG_jpg.rf.69d59ff8faf91108571de7385623f8e6.jpg,640,640,Tomato leaf bacterial spot,58,7,550,96
tomato_leaf_roll_JPG_jpg.rf.69d59ff8faf91108571de7385623f8e6.jpg,640,640,Tomato leaf bacterial spot,211,95,358,160
tomato_leaf_roll_JPG_jpg.rf.69d59ff8faf91108571de7385623f8e6.jpg,640,640,Tomato leaf bacterial spot,179,519,236,602
tomato_leaf_roll_JPG_jpg.rf.69d59ff8faf91108571de7385623f8e6.jpg,640,640,Tomato leaf bacterial spot,147,417,205,506
tomato_leaf_roll_JPG_jpg.rf.69d59ff8faf91108571de7385623f8e6.jpg,640,640,Tomato leaf bacterial spot,255,371,320,435
tomato_leaf_roll_JPG_jpg.rf.69d59ff8faf91108571de7385623f8e6.jpg,640,640,Tomato leaf bacterial spot,358,486,410,563
tomato-vine-ripe-leaves-isolated-against-white-34863029_jpg.rf.0e2f017081c18a87448a5495896075a1.jpg,640,640,Tomato leaf bacterial spot,413,155,470,232
tomato-vine-ripe-leaves-isolated-against-white-34863029_jpg.rf.0e2f017081c18a87448a5495896075a1.jpg,640,640,Tomato leaf bacterial spot,430,208,595,343
tomato-vine-ripe-leaves-isolated-against-white-34863029_jpg.rf.0e2f017081c18a87448a5495896075a1.jpg,640,640,Tomato leaf bacterial spot,276,218,422,381
tomato-vine-ripe-leaves-isolated-against-white-34863029_jpg.rf.0e2f017081c18a87448a5495896075a1.jpg,640,640,Tomato leaf bacterial spot,161,212,296,437
dscn1652cropped_jpg.rf.472bc2162df7be4610cbd760c8aa0434.jpg,640,640,Tomato leaf,178,497,215,538
dscn1652cropped_jpg.rf.472bc2162df7be4610cbd760c8aa0434.jpg,640,640,Tomato leaf,85,478,119,518
dscn1652cropped_jpg.rf.472bc2162df7be4610cbd760c8aa0434.jpg,640,640,Tomato leaf,292,494,321,534
dscn1652cropped_jpg.rf.472bc2162df7be4610cbd760c8aa0434.jpg,640,640,Tomato leaf,378,512,405,536
dscn1652cropped_jpg.rf.472bc2162df7be4610cbd760c8aa0434.jpg,640,640,Tomato leaf,215,455,269,499
dscn1652cropped_jpg.rf.472bc2162df7be4610cbd760c8aa0434.jpg,640,640,Tomato leaf,136,428,189,471
dscn1652cropped_jpg.rf.472bc2162df7be4610cbd760c8aa0434.jpg,640,640,Tomato leaf,185,423,216,460
dscn1652cropped_jpg.rf.472bc2162df7be4610cbd760c8aa0434.jpg,640,640,Tomato leaf,312,406,351,454
dscn1652cropped_jpg.rf.472bc2162df7be4610cbd760c8aa0434.jpg,640,640,Tomato leaf,389,413,426,449
dscn1652cropped_jpg.rf.472bc2162df7be4610cbd760c8aa0434.jpg,640,640,Tomato leaf,223,372,259,433
dscn1652cropped_jpg.rf.472bc2162df7be4610cbd760c8aa0434.jpg,640,640,Tomato leaf,71,336,142,405
dscn1652cropped_jpg.rf.472bc2162df7be4610cbd760c8aa0434.jpg,640,640,Tomato leaf,201,366,232,409
dscn1652cropped_jpg.rf.472bc2162df7be4610cbd760c8aa0434.jpg,640,640,Tomato leaf,405,375,460,424
dscn1652cropped_jpg.rf.472bc2162df7be4610cbd760c8aa0434.jpg,640,640,Tomato leaf,342,233,423,338
dscn1652cropped_jpg.rf.472bc2162df7be4610cbd760c8aa0434.jpg,640,640,Tomato leaf,58,90,104,153
dscn1652cropped_jpg.rf.472bc2162df7be4610cbd760c8aa0434.jpg,640,640,Tomato leaf,88,13,155,116
dscn1652cropped_jpg.rf.472bc2162df7be4610cbd760c8aa0434.jpg,640,640,Tomato leaf,174,535,218,575
stock-photo-tomato-leaf-isolated-on-white-background-580281301_jpg.rf.01e6d8fdf3ff5c3535cd1ff263ea0ed5.jpg,640,640,Tomato leaf bacterial spot,289,81,560,324
stock-photo-tomato-leaf-isolated-on-white-background-580281301_jpg.rf.01e6d8fdf3ff5c3535cd1ff263ea0ed5.jpg,640,640,Tomato leaf bacterial spot,80,139,295,390
stock-photo-tomato-leaf-isolated-on-white-background-580281301_jpg.rf.01e6d8fdf3ff5c3535cd1ff263ea0ed5.jpg,640,640,Tomato leaf bacterial spot,227,202,436,568
bacterial-leaf-spot_jpg.rf.800b59be00ca4b8272040fc8f49ef44a.jpg,640,640,Tomato leaf mosaic virus,343,405,400,537
bacterial-leaf-spot_jpg.rf.800b59be00ca4b8272040fc8f49ef44a.jpg,640,640,Tomato leaf mosaic virus,206,282,286,463
bacterial-leaf-spot_jpg.rf.800b59be00ca4b8272040fc8f49ef44a.jpg,640,640,Tomato leaf mosaic virus,337,94,477,345
bacterial-leaf-spot_jpg.rf.800b59be00ca4b8272040fc8f49ef44a.jpg,640,640,Tomato leaf mosaic virus,437,81,565,394
bacterial-leaf-spot_jpg.rf.800b59be00ca4b8272040fc8f49ef44a.jpg,640,640,Tomato leaf mosaic virus,229,368,357,629
607-155-0_jpg.rf.a70ee19e56e518be46a6beeb266c4d1c.jpg,640,640,Tomato mold leaf,34,79,621,639
tomato_early_blightH_jpg.rf.240b0a42998404baa6b1bb0c917851e4.jpg,640,640,Tomato leaf yellow virus,270,256,513,518
tomato_early_blightH_jpg.rf.240b0a42998404baa6b1bb0c917851e4.jpg,640,640,Tomato leaf yellow virus,135,52,493,218
tomato_early_blightH_jpg.rf.240b0a42998404baa6b1bb0c917851e4.jpg,640,640,Tomato leaf yellow virus,64,198,313,634
early-20blight-20-283-29-jpg-itok-UMYWI0xr_jpg.rf.0290acd7a3d71389def66bc3c97fed02.jpg,640,640,Tomato Early blight leaf,0,254,625,565
depositphotos_143371585-stock-photo-tomato-leaf-closeup-isolated-on_jpg.rf.97812dcda0c777384a392bf71fa226c8.jpg,640,640,Tomato leaf bacterial spot,226,399,440,622
depositphotos_143371585-stock-photo-tomato-leaf-closeup-isolated-on_jpg.rf.97812dcda0c777384a392bf71fa226c8.jpg,640,640,Tomato leaf bacterial spot,130,251,399,467
depositphotos_143371585-stock-photo-tomato-leaf-closeup-isolated-on_jpg.rf.97812dcda0c777384a392bf71fa226c8.jpg,640,640,Tomato leaf bacterial spot,429,265,596,477
depositphotos_143371585-stock-photo-tomato-leaf-closeup-isolated-on_jpg.rf.97812dcda0c777384a392bf71fa226c8.jpg,640,640,Tomato leaf bacterial spot,39,85,375,351
depositphotos_143371585-stock-photo-tomato-leaf-closeup-isolated-on_jpg.rf.97812dcda0c777384a392bf71fa226c8.jpg,640,640,Tomato leaf bacterial spot,301,107,528,371
Leaf-mold-caused-by-the-fungal-pathogen-Passalore-fulva-in-tomatoes_jpg.rf.b46e03b7b042a13a68f05e07b5de0465.jpg,640,640,Tomato mold leaf,556,410,630,576
Leaf-mold-caused-by-the-fungal-pathogen-Passalore-fulva-in-tomatoes_jpg.rf.b46e03b7b042a13a68f05e07b5de0465.jpg,640,640,Tomato mold leaf,536,20,639,400
Leaf-mold-caused-by-the-fungal-pathogen-Passalore-fulva-in-tomatoes_jpg.rf.b46e03b7b042a13a68f05e07b5de0465.jpg,640,640,Tomato mold leaf,248,65,372,274
Leaf-mold-caused-by-the-fungal-pathogen-Passalore-fulva-in-tomatoes_jpg.rf.b46e03b7b042a13a68f05e07b5de0465.jpg,640,640,Tomato mold leaf,328,36,482,353
Leaf-mold-caused-by-the-fungal-pathogen-Passalore-fulva-in-tomatoes_jpg.rf.b46e03b7b042a13a68f05e07b5de0465.jpg,640,640,Tomato mold leaf,32,179,325,528
tomato_D2b-Early-blight-RPitblado_zoom_jpg.rf.de7932407a9a22f4c06131b82392e957.jpg,640,640,Tomato Early blight leaf,385,187,466,436
tomato_D2b-Early-blight-RPitblado_zoom_jpg.rf.de7932407a9a22f4c06131b82392e957.jpg,640,640,Tomato Early blight leaf,79,366,159,600
tomato_D2b-Early-blight-RPitblado_zoom_jpg.rf.de7932407a9a22f4c06131b82392e957.jpg,640,640,Tomato Early blight leaf,158,337,231,545
tomato_D2b-Early-blight-RPitblado_zoom_jpg.rf.de7932407a9a22f4c06131b82392e957.jpg,640,640,Tomato Early blight leaf,31,56,215,190
tomato_D2b-Early-blight-RPitblado_zoom_jpg.rf.de7932407a9a22f4c06131b82392e957.jpg,640,640,Tomato Early blight leaf,568,245,634,411
tomato_septoria_05_zoom_jpg.rf.33b3156b0484a7bca12b40ad5a9c396d.jpg,640,640,Tomato Septoria leaf spot,145,364,311,558
tomato_septoria_05_zoom_jpg.rf.33b3156b0484a7bca12b40ad5a9c396d.jpg,640,640,Tomato Septoria leaf spot,469,329,620,500
tomato_septoria_05_zoom_jpg.rf.33b3156b0484a7bca12b40ad5a9c396d.jpg,640,640,Tomato Septoria leaf spot,260,198,383,422
tomato_septoria_05_zoom_jpg.rf.33b3156b0484a7bca12b40ad5a9c396d.jpg,640,640,Tomato Septoria leaf spot,362,132,456,300
tomato_septoria_05_zoom_jpg.rf.33b3156b0484a7bca12b40ad5a9c396d.jpg,640,640,Tomato Septoria leaf spot,474,82,609,309
tomato_septoria_05_zoom_jpg.rf.33b3156b0484a7bca12b40ad5a9c396d.jpg,640,640,Tomato Septoria leaf spot,326,451,483,638
gray-leaf-spot-300x225_jpg.rf.b268c3976c7e13e674eea8b5755b3bba.jpg,640,640,Tomato mold leaf,462,239,628,405
gray-leaf-spot-300x225_jpg.rf.b268c3976c7e13e674eea8b5755b3bba.jpg,640,640,Tomato mold leaf,2,426,149,631
gray-leaf-spot-300x225_jpg.rf.b268c3976c7e13e674eea8b5755b3bba.jpg,640,640,Tomato mold leaf,162,66,443,392
gray-leaf-spot-300x225_jpg.rf.b268c3976c7e13e674eea8b5755b3bba.jpg,640,640,Tomato mold leaf,71,54,217,452
tomato_bacterial-speck_03_zoom_jpg.rf.bf4f332889c9303d71cf03cb2f212676.jpg,640,640,Tomato leaf late blight,399,246,556,480
tomato_bacterial-speck_03_zoom_jpg.rf.bf4f332889c9303d71cf03cb2f212676.jpg,640,640,Tomato leaf late blight,59,193,206,419
tomato_bacterial-speck_03_zoom_jpg.rf.bf4f332889c9303d71cf03cb2f212676.jpg,640,640,Tomato leaf late blight,238,292,355,463
dsc_8151s_jpg.rf.b95f4f2f6406e5cb05b434a5b57aac3c.jpg,640,640,Tomato leaf mosaic virus,258,328,381,508
dsc_8151s_jpg.rf.b95f4f2f6406e5cb05b434a5b57aac3c.jpg,640,640,Tomato leaf mosaic virus,384,115,571,561
dsc_8151s_jpg.rf.b95f4f2f6406e5cb05b434a5b57aac3c.jpg,640,640,Tomato leaf mosaic virus,139,2,292,241
tomato_D33a-Late-blight-015-OMAFHRT_zoom_jpg.rf.4dcdfdcca9cc6495132f8bfa41217c7b.jpg,640,640,Tomato leaf yellow virus,186,23,477,572
140714-2811-29_JPG_jpg.rf.0340d8cc975f62ca96ce71b77069de49.jpg,640,640,Tomato Septoria leaf spot,189,79,265,263
140714-2811-29_JPG_jpg.rf.0340d8cc975f62ca96ce71b77069de49.jpg,640,640,Tomato Septoria leaf spot,194,291,345,515
140714-2811-29_JPG_jpg.rf.0340d8cc975f62ca96ce71b77069de49.jpg,640,640,Tomato Septoria leaf spot,305,138,371,217
140714-2811-29_JPG_jpg.rf.0340d8cc975f62ca96ce71b77069de49.jpg,640,640,Tomato Septoria leaf spot,560,40,637,166
140714-2811-29_JPG_jpg.rf.0340d8cc975f62ca96ce71b77069de49.jpg,640,640,Tomato Septoria leaf spot,394,249,508,468
140714-2811-29_JPG_jpg.rf.0340d8cc975f62ca96ce71b77069de49.jpg,640,640,Tomato Septoria leaf spot,491,175,638,311
140714-2811-29_JPG_jpg.rf.0340d8cc975f62ca96ce71b77069de49.jpg,640,640,Tomato Septoria leaf spot,425,54,528,265
140714-2811-29_JPG_jpg.rf.0340d8cc975f62ca96ce71b77069de49.jpg,640,640,Tomato Septoria leaf spot,245,212,371,323
140714-2811-29_JPG_jpg.rf.0340d8cc975f62ca96ce71b77069de49.jpg,640,640,Tomato Septoria leaf spot,360,196,451,362
b-speck_jpg.rf.5791de2cb5ae44cee676e382aa46f8ef.jpg,640,640,Tomato leaf late blight,150,208,438,525
photo-1_jpg.rf.086c27bf2f0a1ae576b2e660b58f38da.jpg,640,640,Tomato leaf late blight,122,122,488,467
slide21-n_jpg.rf.ff6dbadeb426e17e1116674f2321064b.jpg,640,640,Tomato Septoria leaf spot,101,0,556,595
110608-01-8356c-lg_jpg.rf.92b2588779c67f2362c9566c5cd2601e.jpg,640,640,Tomato Early blight leaf,60,6,615,622
art_15017325188173_a24a66_jpg.rf.8a2e4f48af18718b977103adf0f4ceba.jpg,640,640,Tomato leaf bacterial spot,363,434,412,538
art_15017325188173_a24a66_jpg.rf.8a2e4f48af18718b977103adf0f4ceba.jpg,640,640,Tomato leaf bacterial spot,245,280,300,365
art_15017325188173_a24a66_jpg.rf.8a2e4f48af18718b977103adf0f4ceba.jpg,640,640,Tomato leaf bacterial spot,508,465,571,639
art_15017325188173_a24a66_jpg.rf.8a2e4f48af18718b977103adf0f4ceba.jpg,640,640,Tomato leaf bacterial spot,522,437,605,491
art_15017325188173_a24a66_jpg.rf.8a2e4f48af18718b977103adf0f4ceba.jpg,640,640,Tomato leaf bacterial spot,482,346,556,391
art_15017325188173_a24a66_jpg.rf.8a2e4f48af18718b977103adf0f4ceba.jpg,640,640,Tomato leaf bacterial spot,105,242,185,369
art_15017325188173_a24a66_jpg.rf.8a2e4f48af18718b977103adf0f4ceba.jpg,640,640,Tomato leaf bacterial spot,8,449,94,629
art_15017325188173_a24a66_jpg.rf.8a2e4f48af18718b977103adf0f4ceba.jpg,640,640,Tomato leaf bacterial spot,112,409,151,460
art_15017325188173_a24a66_jpg.rf.8a2e4f48af18718b977103adf0f4ceba.jpg,640,640,Tomato leaf bacterial spot,125,449,180,583
art_15017325188173_a24a66_jpg.rf.8a2e4f48af18718b977103adf0f4ceba.jpg,640,640,Tomato leaf bacterial spot,171,397,222,451
art_15017325188173_a24a66_jpg.rf.8a2e4f48af18718b977103adf0f4ceba.jpg,640,640,Tomato leaf bacterial spot,192,371,260,438
art_15017325188173_a24a66_jpg.rf.8a2e4f48af18718b977103adf0f4ceba.jpg,640,640,Tomato leaf bacterial spot,245,454,311,634
art_15017325188173_a24a66_jpg.rf.8a2e4f48af18718b977103adf0f4ceba.jpg,640,640,Tomato leaf bacterial spot,433,415,496,591
tomato_fulvia2_jpg.rf.551071bcb4797d4744e64da1a3746ef1.jpg,640,640,Tomato mold leaf,185,192,633,634
tomato_fulvia2_jpg.rf.551071bcb4797d4744e64da1a3746ef1.jpg,640,640,Tomato mold leaf,0,102,589,544
image018_jpg.rf.34d176a11d59e7d88cbf73dd86424b94.jpg,640,640,Tomato leaf,128,256,302,544
image018_jpg.rf.34d176a11d59e7d88cbf73dd86424b94.jpg,640,640,Tomato leaf,333,320,544,583
image018_jpg.rf.34d176a11d59e7d88cbf73dd86424b94.jpg,640,640,Tomato leaf,288,218,442,422
image018_jpg.rf.34d176a11d59e7d88cbf73dd86424b94.jpg,640,640,Tomato leaf,268,180,467,283
dsc_4621c_jpg.rf.f5f1284b9ce108f2a28db090eca57d29.jpg,640,640,Tomato leaf mosaic virus,176,173,436,413
B-29-Leafunsidecladosp-envez_jpg.rf.fa2d3981de30dff68c01960e6d6a8636.jpg,640,640,Tomato mold leaf,25,76,633,609
sept4disease-019_jpg.rf.2f1fa55085063d0466618882097fc6ca.jpg,640,640,Tomato Septoria leaf spot,0,12,614,581
tomato_Leaf-roll-physiological-7059-SLoewen_thm_jpg.rf.50f121bb2a4ee6489c56f7f22d7a2f57.jpg,640,640,Tomato mold leaf,422,166,621,563
tomato_Leaf-roll-physiological-7059-SLoewen_thm_jpg.rf.50f121bb2a4ee6489c56f7f22d7a2f57.jpg,640,640,Tomato mold leaf,122,154,276,601
toma_TMV_jpg.rf.daa73266eafb3e9ef9c0cea99f471432.jpg,640,640,Tomato leaf,1,57,74,314
toma_TMV_jpg.rf.daa73266eafb3e9ef9c0cea99f471432.jpg,640,640,Tomato leaf,57,385,246,639
toma_TMV_jpg.rf.daa73266eafb3e9ef9c0cea99f471432.jpg,640,640,Tomato leaf,57,5,251,299
toma_TMV_jpg.rf.daa73266eafb3e9ef9c0cea99f471432.jpg,640,640,Tomato leaf,197,183,609,526
b54d0e40027ff5e90e8ba7e1e9abf9bd-garden-guide-garden-ideas_jpg.rf.1316cd76df999018ffb359007e1d945c.jpg,640,640,Tomato leaf late blight,103,41,640,473
gray-leaf-spot-300x225_jpg.rf.633dbcf5e0cd25dcb3f0b28ea45ad286.jpg,640,640,Tomato mold leaf,461,237,627,403
gray-leaf-spot-300x225_jpg.rf.633dbcf5e0cd25dcb3f0b28ea45ad286.jpg,640,640,Tomato mold leaf,0,429,148,634
gray-leaf-spot-300x225_jpg.rf.633dbcf5e0cd25dcb3f0b28ea45ad286.jpg,640,640,Tomato mold leaf,160,64,442,390
gray-leaf-spot-300x225_jpg.rf.633dbcf5e0cd25dcb3f0b28ea45ad286.jpg,640,640,Tomato mold leaf,70,52,218,455
DSC02246_JPG_jpg.rf.bbdb4da78c41f5d1a15c9ffab82d8be4.jpg,640,640,Tomato leaf,154,111,418,577
DSC02246_JPG_jpg.rf.bbdb4da78c41f5d1a15c9ffab82d8be4.jpg,640,640,Tomato leaf,6,108,217,557
DSC02246_JPG_jpg.rf.bbdb4da78c41f5d1a15c9ffab82d8be4.jpg,640,640,Tomato leaf,445,146,626,488
TomatoLeafMold1-50QUALITY-16lgkq6_jpg.rf.e057e6a80280e18af85a76307001455c.jpg,640,640,Tomato mold leaf,2,83,639,639
110608-01-8356c-lg_jpg.rf.6f62c3a8158a794b01c1560beab29df1.jpg,640,640,Tomato leaf mosaic virus,49,22,565,600
tomato_mosaic_virus_jpg.rf.8e637ab03422ec09e5288c80d2b83a53.jpg,640,640,Tomato leaf,314,410,403,499
tomato_mosaic_virus_jpg.rf.8e637ab03422ec09e5288c80d2b83a53.jpg,640,640,Tomato leaf,543,231,595,314
tomato_mosaic_virus_jpg.rf.8e637ab03422ec09e5288c80d2b83a53.jpg,640,640,Tomato leaf,371,64,435,122
tomato_mosaic_virus_jpg.rf.8e637ab03422ec09e5288c80d2b83a53.jpg,640,640,Tomato leaf,206,217,263,352
tomato_mosaic_virus_jpg.rf.8e637ab03422ec09e5288c80d2b83a53.jpg,640,640,Tomato leaf,263,236,346,422
tomato_mosaic_virus_jpg.rf.8e637ab03422ec09e5288c80d2b83a53.jpg,640,640,Tomato leaf,359,205,486,332
dahliaviralsymptoms2lowresjpg_jpg.rf.7e7442761e43691a2d032f50c2cb032c.jpg,640,640,Tomato leaf yellow virus,314,17,512,323
dahliaviralsymptoms2lowresjpg_jpg.rf.7e7442761e43691a2d032f50c2cb032c.jpg,640,640,Tomato leaf yellow virus,109,114,331,378
dahliaviralsymptoms2lowresjpg_jpg.rf.7e7442761e43691a2d032f50c2cb032c.jpg,640,640,Tomato leaf yellow virus,147,350,391,627
dahliaviralsymptoms2lowresjpg_jpg.rf.7e7442761e43691a2d032f50c2cb032c.jpg,640,640,Tomato leaf yellow virus,342,341,567,621
bac-canker_jpg.rf.4fc5929a1346592db1672c8e97c9cf01.jpg,640,640,Tomato leaf mosaic virus,64,6,256,199
DSCN1016_JPG_jpg.rf.9737de399b58c109acbb9b1b2c6ecfca.jpg,640,640,Tomato leaf late blight,89,320,288,634
DSCN1016_JPG_jpg.rf.9737de399b58c109acbb9b1b2c6ecfca.jpg,640,640,Tomato leaf late blight,302,255,480,403
tomato_D4a-TobRingspotVirus-1000077_zoom_jpg.rf.6fea1d0ba0d82a3f14184a20c48603c0.jpg,640,640,Tomato leaf yellow virus,240,169,623,380
tomato_D4a-TobRingspotVirus-1000077_zoom_jpg.rf.6fea1d0ba0d82a3f14184a20c48603c0.jpg,640,640,Tomato leaf yellow virus,70,288,185,389
tomato_D4a-TobRingspotVirus-1000077_zoom_jpg.rf.6fea1d0ba0d82a3f14184a20c48603c0.jpg,640,640,Tomato leaf yellow virus,292,430,546,595
1058_0-jpeg-itok-OQkdtxgv_jpg.rf.967e1933808bea1841cf24c4d23c72c0.jpg,640,640,Tomato Early blight leaf,29,202,460,568
tomato_virus_06_zoom_jpg.rf.c2cda504fce59a574b90e794022cb7e6.jpg,640,640,Tomato leaf,0,255,243,403
tomato_virus_06_zoom_jpg.rf.c2cda504fce59a574b90e794022cb7e6.jpg,640,640,Tomato leaf,276,45,365,257
tomato_virus_06_zoom_jpg.rf.c2cda504fce59a574b90e794022cb7e6.jpg,640,640,Tomato leaf,480,276,608,507
tomato_virus_06_zoom_jpg.rf.c2cda504fce59a574b90e794022cb7e6.jpg,640,640,Tomato leaf,308,301,454,602
bacterial-leaf-spot_jpg.rf.1aecc536f6196c36f623794a97139359.jpg,640,640,Tomato leaf mosaic virus,345,403,404,539
bacterial-leaf-spot_jpg.rf.1aecc536f6196c36f623794a97139359.jpg,640,640,Tomato leaf mosaic virus,205,282,288,462
bacterial-leaf-spot_jpg.rf.1aecc536f6196c36f623794a97139359.jpg,640,640,Tomato leaf mosaic virus,338,97,480,346
bacterial-leaf-spot_jpg.rf.1aecc536f6196c36f623794a97139359.jpg,640,640,Tomato leaf mosaic virus,435,83,563,391
bacterial-leaf-spot_jpg.rf.1aecc536f6196c36f623794a97139359.jpg,640,640,Tomato leaf mosaic virus,231,371,358,628
tomato_late-blight_01_zoom_jpg.rf.77a7dee97cde4b5c190b97ea0a0a3058.jpg,640,640,Tomato leaf mosaic virus,184,375,415,639
tomato_late-blight_01_zoom_jpg.rf.77a7dee97cde4b5c190b97ea0a0a3058.jpg,640,640,Tomato leaf mosaic virus,451,111,638,443
tomato_late-blight_01_zoom_jpg.rf.77a7dee97cde4b5c190b97ea0a0a3058.jpg,640,640,Tomato leaf mosaic virus,113,89,470,486
tomato_late-blight_01_zoom_jpg.rf.77a7dee97cde4b5c190b97ea0a0a3058.jpg,640,640,Tomato leaf mosaic virus,0,14,169,354
tomato_late-blight_01_zoom_jpg.rf.77a7dee97cde4b5c190b97ea0a0a3058.jpg,640,640,Tomato leaf mosaic virus,337,0,531,275
tomato_late-blight_01_zoom_jpg.rf.77a7dee97cde4b5c190b97ea0a0a3058.jpg,640,640,Tomato leaf mosaic virus,459,420,639,626
stock-photo-tomato-leaf-isolated-on-white-background-580281301_jpg.rf.a65912f27f1864b92e6b5f29c2c02933.jpg,640,640,Tomato leaf late blight,215,209,394,562
stock-photo-tomato-leaf-isolated-on-white-background-580281301_jpg.rf.a65912f27f1864b92e6b5f29c2c02933.jpg,640,640,Tomato leaf late blight,103,85,355,306
stock-photo-tomato-leaf-isolated-on-white-background-580281301_jpg.rf.a65912f27f1864b92e6b5f29c2c02933.jpg,640,640,Tomato leaf late blight,360,103,565,395
110822-206-Tomato-blight_jpg.rf.1e6e8f7545db1b9c429cd90107b00d61.jpg,640,640,Tomato leaf yellow virus,30,8,596,543
tomato_septoria_05_zoom_jpg.rf.55ef27561341f48db43291ef8f206eb0.jpg,640,640,Tomato Septoria leaf spot,140,0,268,198
tomato_septoria_05_zoom_jpg.rf.55ef27561341f48db43291ef8f206eb0.jpg,640,640,Tomato Septoria leaf spot,18,179,154,333
tomato_septoria_05_zoom_jpg.rf.55ef27561341f48db43291ef8f206eb0.jpg,640,640,Tomato Septoria leaf spot,76,371,179,583
tomato_septoria_05_zoom_jpg.rf.55ef27561341f48db43291ef8f206eb0.jpg,640,640,Tomato Septoria leaf spot,185,359,307,513
tomato_septoria_05_zoom_jpg.rf.55ef27561341f48db43291ef8f206eb0.jpg,640,640,Tomato Septoria leaf spot,276,223,365,435
tomato_septoria_05_zoom_jpg.rf.55ef27561341f48db43291ef8f206eb0.jpg,640,640,Tomato Septoria leaf spot,320,82,468,256
dsc_8151s_jpg.rf.64fb13329b2836fe210515b4d8e32bd1.jpg,640,640,Tomato leaf mosaic virus,259,129,396,316
dsc_8151s_jpg.rf.64fb13329b2836fe210515b4d8e32bd1.jpg,640,640,Tomato leaf mosaic virus,366,88,591,545
dsc_8151s_jpg.rf.64fb13329b2836fe210515b4d8e32bd1.jpg,640,640,Tomato leaf mosaic virus,111,385,284,632
stock-photo-tomato-leaves-close-up-macro-shot-isolated-on-white-background-78796204_jpg.rf.df4abba67c77b4537d40bd402afe56ea.jpg,640,640,Tomato leaf bacterial spot,103,399,365,633
stock-photo-tomato-leaves-close-up-macro-shot-isolated-on-white-background-78796204_jpg.rf.df4abba67c77b4537d40bd402afe56ea.jpg,640,640,Tomato leaf bacterial spot,355,452,617,591
stock-photo-tomato-leaves-close-up-macro-shot-isolated-on-white-background-78796204_jpg.rf.df4abba67c77b4537d40bd402afe56ea.jpg,640,640,Tomato leaf bacterial spot,49,199,317,448
stock-photo-tomato-leaves-close-up-macro-shot-isolated-on-white-background-78796204_jpg.rf.df4abba67c77b4537d40bd402afe56ea.jpg,640,640,Tomato leaf bacterial spot,336,150,624,438
stock-photo-tomato-leaves-close-up-macro-shot-isolated-on-white-background-78796204_jpg.rf.df4abba67c77b4537d40bd402afe56ea.jpg,640,640,Tomato leaf bacterial spot,8,12,425,238
lbleaf_jpg.rf.e82248e0c70cbb9d1c5a6746d1e68ba2.jpg,640,640,Tomato leaf mosaic virus,259,113,401,556
lbleaf_jpg.rf.e82248e0c70cbb9d1c5a6746d1e68ba2.jpg,640,640,Tomato leaf mosaic virus,484,109,627,386
lbleaf_jpg.rf.e82248e0c70cbb9d1c5a6746d1e68ba2.jpg,640,640,Tomato leaf mosaic virus,211,0,340,232
tomato-yellow-closeup-3_jpg.rf.5bd4543d993ccf1b9ee90168097c0ab3.jpg,640,640,Tomato leaf bacterial spot,394,166,460,425
tomato-yellow-closeup-3_jpg.rf.5bd4543d993ccf1b9ee90168097c0ab3.jpg,640,640,Tomato leaf bacterial spot,292,191,331,294
tomato-yellow-closeup-3_jpg.rf.5bd4543d993ccf1b9ee90168097c0ab3.jpg,640,640,Tomato leaf bacterial spot,206,391,257,451
tomato-yellow-closeup-3_jpg.rf.5bd4543d993ccf1b9ee90168097c0ab3.jpg,640,640,Tomato leaf bacterial spot,183,319,235,410
tomato-yellow-closeup-3_jpg.rf.5bd4543d993ccf1b9ee90168097c0ab3.jpg,640,640,Tomato leaf bacterial spot,263,297,331,380
bac-canker_jpg.rf.382a064180fc7d4163e1807148b7d6bb.jpg,640,640,Tomato leaf mosaic virus,387,436,585,636
bac-canker_jpg.rf.382a064180fc7d4163e1807148b7d6bb.jpg,640,640,Tomato leaf mosaic virus,98,329,162,429
bac-canker_jpg.rf.382a064180fc7d4163e1807148b7d6bb.jpg,640,640,Tomato leaf mosaic virus,130,226,224,437
bac-canker_jpg.rf.382a064180fc7d4163e1807148b7d6bb.jpg,640,640,Tomato leaf mosaic virus,410,225,541,400
1058_0-jpeg-itok-OQkdtxgv_jpg.rf.40babb41f9a94173ab63ec4691cf2127.jpg,640,640,Tomato Early blight leaf,206,214,602,537
B-29-Leafunsidecladosp-envez_jpg.rf.d9ee2479d51d4c240f722ddb802ee3c9.jpg,640,640,Tomato mold leaf,28,77,634,608
bacterial-speck-tomato-2_jpg.rf.a83eaa63bf4286fea769572dcdd79978.jpg,640,640,Tomato leaf late blight,53,87,636,462
early-blight-2x_jpg.rf.2e6c09afb9d37abc7b15c4d5e8b4f4e6.jpg,640,640,Tomato Early blight leaf,102,64,576,608
stock-vector-set-of-vector-elements-for-your-design-red-ripe-tomatoes-with-water-drops-tomato-leaves-and-tomato-203297116_jpg.rf.cd65e5e1a8b9ea724f5dbfae36cc6361.jpg,640,640,Tomato leaf late blight,473,211,621,346
stock-vector-set-of-vector-elements-for-your-design-red-ripe-tomatoes-with-water-drops-tomato-leaves-and-tomato-203297116_jpg.rf.cd65e5e1a8b9ea724f5dbfae36cc6361.jpg,640,640,Tomato leaf late blight,422,353,633,436
stock-vector-set-of-vector-elements-for-your-design-red-ripe-tomatoes-with-water-drops-tomato-leaves-and-tomato-203297116_jpg.rf.cd65e5e1a8b9ea724f5dbfae36cc6361.jpg,640,640,Tomato leaf late blight,352,224,493,384
stock-vector-set-of-vector-elements-for-your-design-red-ripe-tomatoes-with-water-drops-tomato-leaves-and-tomato-203297116_jpg.rf.cd65e5e1a8b9ea724f5dbfae36cc6361.jpg,640,640,Tomato leaf late blight,295,295,390,449
stock-vector-set-of-vector-elements-for-your-design-red-ripe-tomatoes-with-water-drops-tomato-leaves-and-tomato-203297116_jpg.rf.cd65e5e1a8b9ea724f5dbfae36cc6361.jpg,640,640,Tomato leaf late blight,390,430,544,513
BCH-20medium-20thumbnail-20for-20upload-20-2836-29_jpg.rf.afd8e20c66f78349c51e69fd93fc6359.jpg,640,640,Tomato Early blight leaf,229,427,420,621
BCH-20medium-20thumbnail-20for-20upload-20-2836-29_jpg.rf.afd8e20c66f78349c51e69fd93fc6359.jpg,640,640,Tomato Early blight leaf,379,69,639,466
BCH-20medium-20thumbnail-20for-20upload-20-2836-29_jpg.rf.afd8e20c66f78349c51e69fd93fc6359.jpg,640,640,Tomato Early blight leaf,177,66,386,445
Bacterial-leaf-spot-transplants1_jpg.rf.eee8d6fce8f158710256d3ccb20d35a7.jpg,640,640,Tomato leaf late blight,0,363,152,546
Bacterial-leaf-spot-transplants1_jpg.rf.eee8d6fce8f158710256d3ccb20d35a7.jpg,640,640,Tomato leaf late blight,178,188,535,530
Bacterial-leaf-spot-transplants1_jpg.rf.eee8d6fce8f158710256d3ccb20d35a7.jpg,640,640,Tomato leaf late blight,265,83,510,220
tomato_late-blight_01_zoom_jpg.rf.098c56a36ab70b18276cc95389aeb951.jpg,640,640,Tomato leaf mosaic virus,252,379,466,630
tomato_late-blight_01_zoom_jpg.rf.098c56a36ab70b18276cc95389aeb951.jpg,640,640,Tomato leaf mosaic virus,0,140,175,462
tomato_late-blight_01_zoom_jpg.rf.098c56a36ab70b18276cc95389aeb951.jpg,640,640,Tomato leaf mosaic virus,180,97,511,472
tomato_late-blight_01_zoom_jpg.rf.098c56a36ab70b18276cc95389aeb951.jpg,640,640,Tomato leaf mosaic virus,466,0,640,325
tomato_late-blight_01_zoom_jpg.rf.098c56a36ab70b18276cc95389aeb951.jpg,640,640,Tomato leaf mosaic virus,100,3,275,283
tomato_late-blight_01_zoom_jpg.rf.098c56a36ab70b18276cc95389aeb951.jpg,640,640,Tomato leaf mosaic virus,3,450,199,639
Tomato-2Bmosaic-2Bvirus_jpg.rf.81329699f22ce776d99d2b9c4304a68d.jpg,640,640,Tomato leaf,19,275,250,615
tomato_xanthomonas_foliage_jpg.rf.eb44932ab6d3b3efb85a91cc6dea6056.jpg,640,640,Tomato leaf mosaic virus,505,224,633,582
tomato_xanthomonas_foliage_jpg.rf.eb44932ab6d3b3efb85a91cc6dea6056.jpg,640,640,Tomato leaf mosaic virus,384,96,473,410
tomato_xanthomonas_foliage_jpg.rf.eb44932ab6d3b3efb85a91cc6dea6056.jpg,640,640,Tomato leaf mosaic virus,198,140,314,634
tomato_xanthomonas_foliage_jpg.rf.eb44932ab6d3b3efb85a91cc6dea6056.jpg,640,640,Tomato leaf mosaic virus,32,102,218,627
bacterial-speck-tomato-2_jpg.rf.0fa809eb5ba561de72633f110788ee95.jpg,640,640,Tomato leaf mosaic virus,53,183,633,568
DSCN1015_JPG_jpg.rf.220109b098ae94efa4977a20a51b36b3.jpg,640,640,Tomato leaf late blight,362,31,631,271
DSCN1015_JPG_jpg.rf.220109b098ae94efa4977a20a51b36b3.jpg,640,640,Tomato leaf late blight,234,161,395,417
DSCN1015_JPG_jpg.rf.220109b098ae94efa4977a20a51b36b3.jpg,640,640,Tomato leaf late blight,0,16,208,245
SpotSpeckBlightMite-1l4v879_jpg.rf.d7c69e0a692519db64c2cbb9576a09a2.jpg,640,640,Tomato Early blight leaf,33,339,282,633
SpotSpeckBlightMite-1l4v879_jpg.rf.d7c69e0a692519db64c2cbb9576a09a2.jpg,640,640,Tomato leaf mosaic virus,185,71,321,275
SpotSpeckBlightMite-1l4v879_jpg.rf.d7c69e0a692519db64c2cbb9576a09a2.jpg,640,640,Tomato leaf mosaic virus,33,77,199,314
SpotSpeckBlightMite-1l4v879_jpg.rf.d7c69e0a692519db64c2cbb9576a09a2.jpg,640,640,Tomato leaf mosaic virus,486,6,622,186
SpotSpeckBlightMite-1l4v879_jpg.rf.d7c69e0a692519db64c2cbb9576a09a2.jpg,640,640,Tomato leaf mosaic virus,397,6,474,160
SpotSpeckBlightMite-1l4v879_jpg.rf.d7c69e0a692519db64c2cbb9576a09a2.jpg,640,640,Tomato leaf mosaic virus,499,70,538,147
SpotSpeckBlightMite-1l4v879_jpg.rf.d7c69e0a692519db64c2cbb9576a09a2.jpg,640,640,Tomato leaf mosaic virus,512,154,557,255
SpotSpeckBlightMite-1l4v879_jpg.rf.d7c69e0a692519db64c2cbb9576a09a2.jpg,640,640,Tomato leaf mosaic virus,544,185,633,321
SpotSpeckBlightMite-1l4v879_jpg.rf.d7c69e0a692519db64c2cbb9576a09a2.jpg,640,640,Tomato leaf mosaic virus,429,160,500,326
Tomato_Septoria_Leaf_Spot_jpg.rf.d76e5f43f13cb8f70775bc4c4e57ea76.jpg,640,640,Tomato Septoria leaf spot,0,113,188,547
Tomato_Septoria_Leaf_Spot_jpg.rf.d76e5f43f13cb8f70775bc4c4e57ea76.jpg,640,640,Tomato Septoria leaf spot,235,2,608,549
bacterial-speck-tomato-2_jpg.rf.5c677840f869b07d8a8d22fcbf9f2b92.jpg,640,640,Tomato leaf mosaic virus,51,185,634,570
tomato_late-blight_01_zoom_jpg.rf.827216ceeb3814ac34e0c1539589f38c.jpg,640,640,Tomato leaf yellow virus,365,365,539,633
tomato_late-blight_01_zoom_jpg.rf.827216ceeb3814ac34e0c1539589f38c.jpg,640,640,Tomato leaf yellow virus,0,293,172,626
tomato_late-blight_01_zoom_jpg.rf.827216ceeb3814ac34e0c1539589f38c.jpg,640,640,Tomato leaf yellow virus,448,6,634,199
tomato_late-blight_01_zoom_jpg.rf.827216ceeb3814ac34e0c1539589f38c.jpg,640,640,Tomato leaf yellow virus,468,128,634,442
tomato_late-blight_01_zoom_jpg.rf.827216ceeb3814ac34e0c1539589f38c.jpg,640,640,Tomato leaf yellow virus,178,13,391,262
tomato_late-blight_01_zoom_jpg.rf.827216ceeb3814ac34e0c1539589f38c.jpg,640,640,Tomato leaf yellow virus,135,173,455,538
128110613-56a6d3633df78cf7729070ad_jpg.rf.15f458ab3acd845171c2e1943df0388d.jpg,640,640,Tomato Septoria leaf spot,325,42,522,600
128110613-56a6d3633df78cf7729070ad_jpg.rf.15f458ab3acd845171c2e1943df0388d.jpg,640,640,Tomato Septoria leaf spot,445,5,617,169
tomato_early-blight_01_zoom_jpg.rf.beaff195cebdad5d6debf282e9347817.jpg,640,640,Tomato Early blight leaf,162,169,422,500
tomato_early-blight_01_zoom_jpg.rf.beaff195cebdad5d6debf282e9347817.jpg,640,640,Tomato Early blight leaf,375,2,583,331
tomato_early-blight_01_zoom_jpg.rf.beaff195cebdad5d6debf282e9347817.jpg,640,640,Tomato Early blight leaf,23,329,269,625
1342017-162221-44540_jpg.rf.980936ade27ab9b03f54f101b928f5c7.jpg,640,640,Tomato leaf,182,408,324,495
1342017-162221-44540_jpg.rf.980936ade27ab9b03f54f101b928f5c7.jpg,640,640,Tomato leaf,342,424,467,490
1342017-162221-44540_jpg.rf.980936ade27ab9b03f54f101b928f5c7.jpg,640,640,Tomato leaf,391,353,504,412
1342017-162221-44540_jpg.rf.980936ade27ab9b03f54f101b928f5c7.jpg,640,640,Tomato leaf,269,332,326,386
1342017-162221-44540_jpg.rf.980936ade27ab9b03f54f101b928f5c7.jpg,640,640,Tomato leaf,178,301,301,372
1342017-162221-44540_jpg.rf.980936ade27ab9b03f54f101b928f5c7.jpg,640,640,Tomato leaf,443,253,580,333
1342017-162221-44540_jpg.rf.980936ade27ab9b03f54f101b928f5c7.jpg,640,640,Tomato leaf,498,199,615,264
1342017-162221-44540_jpg.rf.980936ade27ab9b03f54f101b928f5c7.jpg,640,640,Tomato leaf,395,89,484,149
1342017-162221-44540_jpg.rf.980936ade27ab9b03f54f101b928f5c7.jpg,640,640,Tomato leaf,272,473,425,624
tomato_virus_04_zoom_jpg.rf.bfa88483a5ac82b098a1e0be30aafbce.jpg,640,640,Tomato leaf yellow virus,54,366,248,639
tomato_virus_04_zoom_jpg.rf.bfa88483a5ac82b098a1e0be30aafbce.jpg,640,640,Tomato leaf yellow virus,266,225,580,433
tomato_virus_04_zoom_jpg.rf.bfa88483a5ac82b098a1e0be30aafbce.jpg,640,640,Tomato leaf yellow virus,134,240,248,346
tomato_virus_04_zoom_jpg.rf.bfa88483a5ac82b098a1e0be30aafbce.jpg,640,640,Tomato leaf yellow virus,308,53,482,199
early-20blight-20-284-29-jpg-itok-gfK5C193_jpg.rf.62b72707db3b4ddffb20d025f023d175.jpg,640,640,Tomato leaf mosaic virus,161,148,639,477
depositphotos_143371585-stock-photo-tomato-leaf-closeup-isolated-on_jpg.rf.f971b20fafc5ce3644e69aac72de04cd.jpg,640,640,Tomato leaf bacterial spot,171,45,348,234
depositphotos_143371585-stock-photo-tomato-leaf-closeup-isolated-on_jpg.rf.f971b20fafc5ce3644e69aac72de04cd.jpg,640,640,Tomato leaf bacterial spot,244,184,484,351
depositphotos_143371585-stock-photo-tomato-leaf-closeup-isolated-on_jpg.rf.f971b20fafc5ce3644e69aac72de04cd.jpg,640,640,Tomato leaf bacterial spot,56,227,187,416
depositphotos_143371585-stock-photo-tomato-leaf-closeup-isolated-on_jpg.rf.f971b20fafc5ce3644e69aac72de04cd.jpg,640,640,Tomato leaf bacterial spot,306,286,605,492
depositphotos_143371585-stock-photo-tomato-leaf-closeup-isolated-on_jpg.rf.f971b20fafc5ce3644e69aac72de04cd.jpg,640,640,Tomato leaf bacterial spot,159,306,342,539
bact-spot-fig-1_jpg.rf.591c79edc4f73db123e760c9cf37c6e0.jpg,640,640,Tomato leaf mosaic virus,28,105,585,451
stock-photo-tomato-leaves-close-up-macro-shot-isolated-on-white-background-78796204_jpg.rf.5770b6993933473cb2fd0939f9a7a19f.jpg,640,640,Tomato leaf bacterial spot,135,407,404,639
stock-photo-tomato-leaves-close-up-macro-shot-isolated-on-white-background-78796204_jpg.rf.5770b6993933473cb2fd0939f9a7a19f.jpg,640,640,Tomato leaf bacterial spot,386,416,639,564
stock-photo-tomato-leaves-close-up-macro-shot-isolated-on-white-background-78796204_jpg.rf.5770b6993933473cb2fd0939f9a7a19f.jpg,640,640,Tomato leaf bacterial spot,49,218,323,475
stock-photo-tomato-leaves-close-up-macro-shot-isolated-on-white-background-78796204_jpg.rf.5770b6993933473cb2fd0939f9a7a19f.jpg,640,640,Tomato leaf bacterial spot,326,118,623,415
stock-photo-tomato-leaves-close-up-macro-shot-isolated-on-white-background-78796204_jpg.rf.5770b6993933473cb2fd0939f9a7a19f.jpg,640,640,Tomato leaf bacterial spot,0,26,395,266
tomato_mosaic_virus_jpg.rf.a5e9fc6bba2e04592b4de5988de11045.jpg,640,640,Tomato leaf yellow virus,154,168,309,325
tomato_mosaic_virus_jpg.rf.a5e9fc6bba2e04592b4de5988de11045.jpg,640,640,Tomato leaf yellow virus,56,171,122,262
tomato_mosaic_virus_jpg.rf.a5e9fc6bba2e04592b4de5988de11045.jpg,640,640,Tomato leaf yellow virus,372,234,455,378
tomato_mosaic_virus_jpg.rf.a5e9fc6bba2e04592b4de5988de11045.jpg,640,640,Tomato leaf yellow virus,276,230,395,428
tomato_mosaic_virus_jpg.rf.a5e9fc6bba2e04592b4de5988de11045.jpg,640,640,Tomato leaf yellow virus,200,388,306,494
tomato_mosaic_virus_jpg.rf.a5e9fc6bba2e04592b4de5988de11045.jpg,640,640,Tomato leaf yellow virus,256,46,330,117
140714-2811-29-JPG_jpg.rf.8a0136b127548dc3bd00b6c997ff1096.jpg,640,640,Tomato leaf late blight,502,0,600,117
140714-2811-29-JPG_jpg.rf.8a0136b127548dc3bd00b6c997ff1096.jpg,640,640,Tomato leaf late blight,372,19,513,246
140714-2811-29-JPG_jpg.rf.8a0136b127548dc3bd00b6c997ff1096.jpg,640,640,Tomato leaf late blight,146,93,255,290
140714-2811-29-JPG_jpg.rf.8a0136b127548dc3bd00b6c997ff1096.jpg,640,640,Tomato leaf late blight,268,133,350,222
140714-2811-29-JPG_jpg.rf.8a0136b127548dc3bd00b6c997ff1096.jpg,640,640,Tomato leaf late blight,459,116,632,276
140714-2811-29-JPG_jpg.rf.8a0136b127548dc3bd00b6c997ff1096.jpg,640,640,Tomato leaf late blight,236,207,358,336
140714-2811-29-JPG_jpg.rf.8a0136b127548dc3bd00b6c997ff1096.jpg,640,640,Tomato leaf late blight,336,173,456,353
140714-2811-29-JPG_jpg.rf.8a0136b127548dc3bd00b6c997ff1096.jpg,640,640,Tomato leaf late blight,379,214,533,451
140714-2811-29-JPG_jpg.rf.8a0136b127548dc3bd00b6c997ff1096.jpg,640,640,Tomato leaf late blight,190,287,381,536
Bacterial-leaf-spot-transplants1_jpg.rf.0987ae3755d9c0d693f21425692178c7.jpg,640,640,Tomato leaf late blight,345,23,572,135
Bacterial-leaf-spot-transplants1_jpg.rf.0987ae3755d9c0d693f21425692178c7.jpg,640,640,Tomato leaf mosaic virus,251,445,486,552
Bacterial-leaf-spot-transplants1_jpg.rf.0987ae3755d9c0d693f21425692178c7.jpg,640,640,Tomato leaf mosaic virus,202,136,522,439
dsc_8151s_jpg.rf.02a27769a758661f96122f8873481e3f.jpg,640,640,Tomato leaf mosaic virus,262,125,411,321
dsc_8151s_jpg.rf.02a27769a758661f96122f8873481e3f.jpg,640,640,Tomato leaf mosaic virus,349,98,609,562
dsc_8151s_jpg.rf.02a27769a758661f96122f8873481e3f.jpg,640,640,Tomato leaf mosaic virus,88,369,277,626
tomato_early-blight_02_zoom_jpg.rf.d0111e59eb49ce89098cb11d4345d3a0.jpg,640,640,Tomato Early blight leaf,45,199,211,576
tomato_early-blight_02_zoom_jpg.rf.d0111e59eb49ce89098cb11d4345d3a0.jpg,640,640,Tomato Early blight leaf,224,186,410,589
tomato_early-blight_02_zoom_jpg.rf.d0111e59eb49ce89098cb11d4345d3a0.jpg,640,640,Tomato Early blight leaf,108,6,410,225
tomato_early-blight_02_zoom_jpg.rf.d0111e59eb49ce89098cb11d4345d3a0.jpg,640,640,Tomato Early blight leaf,390,121,627,615
stock-photo-tomato-leaves-close-up-macro-shot-isolated-on-white-background-78796204_jpg.rf.1bdf4ec72dea86c080d822d0db3ac579.jpg,640,640,Tomato leaf bacterial spot,74,378,354,635
stock-photo-tomato-leaves-close-up-macro-shot-isolated-on-white-background-78796204_jpg.rf.1bdf4ec72dea86c080d822d0db3ac579.jpg,640,640,Tomato leaf bacterial spot,329,456,600,619
stock-photo-tomato-leaves-close-up-macro-shot-isolated-on-white-background-78796204_jpg.rf.1bdf4ec72dea86c080d822d0db3ac579.jpg,640,640,Tomato leaf bacterial spot,40,172,328,445
stock-photo-tomato-leaves-close-up-macro-shot-isolated-on-white-background-78796204_jpg.rf.1bdf4ec72dea86c080d822d0db3ac579.jpg,640,640,Tomato leaf bacterial spot,326,154,639,468
stock-photo-tomato-leaves-close-up-macro-shot-isolated-on-white-background-78796204_jpg.rf.1bdf4ec72dea86c080d822d0db3ac579.jpg,640,640,Tomato leaf bacterial spot,21,0,453,248
Tom_Sept1_jpg.rf.a0af40a2e5c4a6ebf89816af4bf1e6ca.jpg,640,640,Tomato Septoria leaf spot,115,237,212,358
Tom_Sept1_jpg.rf.a0af40a2e5c4a6ebf89816af4bf1e6ca.jpg,640,640,Tomato Septoria leaf spot,237,537,320,634
Tom_Sept1_jpg.rf.a0af40a2e5c4a6ebf89816af4bf1e6ca.jpg,640,640,Tomato Septoria leaf spot,243,448,314,531
Tom_Sept1_jpg.rf.a0af40a2e5c4a6ebf89816af4bf1e6ca.jpg,640,640,Tomato Septoria leaf spot,141,416,230,519
Tom_Sept1_jpg.rf.a0af40a2e5c4a6ebf89816af4bf1e6ca.jpg,640,640,Tomato Septoria leaf spot,193,224,282,365
Tom_Sept1_jpg.rf.a0af40a2e5c4a6ebf89816af4bf1e6ca.jpg,640,640,Tomato Septoria leaf spot,275,345,339,493
lbleaf_jpg.rf.4704721c0b7037db4efb6b54b8f7d522.jpg,640,640,Tomato leaf yellow virus,205,391,379,634
lbleaf_jpg.rf.4704721c0b7037db4efb6b54b8f7d522.jpg,640,640,Tomato leaf yellow virus,473,249,615,545
lbleaf_jpg.rf.4704721c0b7037db4efb6b54b8f7d522.jpg,640,640,Tomato leaf yellow virus,205,90,379,513
dsc_8148cs_jpg.rf.352f9dd1ba98870d4c355737dcd078c2.jpg,640,640,Tomato leaf mosaic virus,86,53,540,556
stock-photo-tomato-leaves-close-up-macro-shot-isolated-on-white-background-78796204_jpg.rf.f7ff6844ef6e9997b91907be97b7d633.jpg,640,640,Tomato leaf late blight,333,192,582,423
stock-photo-tomato-leaves-close-up-macro-shot-isolated-on-white-background-78796204_jpg.rf.f7ff6844ef6e9997b91907be97b7d633.jpg,640,640,Tomato leaf late blight,282,19,519,295
stock-photo-tomato-leaves-close-up-macro-shot-isolated-on-white-background-78796204_jpg.rf.f7ff6844ef6e9997b91907be97b7d633.jpg,640,640,Tomato leaf late blight,25,224,301,493
stock-photo-tomato-leaves-close-up-macro-shot-isolated-on-white-background-78796204_jpg.rf.f7ff6844ef6e9997b91907be97b7d633.jpg,640,640,Tomato leaf late blight,13,71,270,192
stock-photo-tomato-leaves-close-up-macro-shot-isolated-on-white-background-78796204_jpg.rf.f7ff6844ef6e9997b91907be97b7d633.jpg,640,640,Tomato leaf late blight,236,371,582,608
tomato-badleaves_jpg.rf.4742d560897a471067aa39b6037e4f73.jpg,640,640,Tomato Septoria leaf spot,343,23,492,219
tomato-badleaves_jpg.rf.4742d560897a471067aa39b6037e4f73.jpg,640,640,Tomato Septoria leaf spot,119,90,206,276
tomato-badleaves_jpg.rf.4742d560897a471067aa39b6037e4f73.jpg,640,640,Tomato Septoria leaf spot,215,96,320,387
tomato-badleaves_jpg.rf.4742d560897a471067aa39b6037e4f73.jpg,640,640,Tomato Septoria leaf spot,368,148,466,371
tomato-badleaves_jpg.rf.4742d560897a471067aa39b6037e4f73.jpg,640,640,Tomato Septoria leaf spot,446,184,543,342
tomato-badleaves_jpg.rf.4742d560897a471067aa39b6037e4f73.jpg,640,640,Tomato Septoria leaf spot,483,398,595,579
tomato-badleaves_jpg.rf.4742d560897a471067aa39b6037e4f73.jpg,640,640,Tomato Septoria leaf spot,349,452,436,615
tomato_virus_01_zoom_jpg.rf.9dc264291fefa26bf94cd46b8ac4a707.jpg,640,640,Tomato leaf,319,378,372,499
tomato_virus_01_zoom_jpg.rf.9dc264291fefa26bf94cd46b8ac4a707.jpg,640,640,Tomato leaf,211,205,263,359
tomato_virus_01_zoom_jpg.rf.9dc264291fefa26bf94cd46b8ac4a707.jpg,640,640,Tomato leaf,33,313,173,455
tomato_virus_01_zoom_jpg.rf.9dc264291fefa26bf94cd46b8ac4a707.jpg,640,640,Tomato leaf,281,108,397,327
tomato_virus_01_zoom_jpg.rf.9dc264291fefa26bf94cd46b8ac4a707.jpg,640,640,Tomato leaf,365,326,519,531
tomato_virus_01_zoom_jpg.rf.9dc264291fefa26bf94cd46b8ac4a707.jpg,640,640,Tomato leaf,415,276,563,430
tomato_virus_01_zoom_jpg.rf.9dc264291fefa26bf94cd46b8ac4a707.jpg,640,640,Tomato leaf,449,166,615,320
tomato_late-blight_03_zoom_jpg.rf.66f21fda93470c14626aefef05bd954b.jpg,640,640,Tomato leaf mosaic virus,146,17,423,414
early-blight-of-tomato-tomato-1_jpg.rf.2b6eb012c4a085a60f4d71340b7663f7.jpg,640,640,Tomato Early blight leaf,115,20,634,423
tomato_q1hq-early-blight-5052_zoom_jpg.rf.fd647cf66965315c696e02ba55112bdb.jpg,640,640,Tomato Early blight leaf,0,12,634,634
DSC02006-JPG_jpg.rf.53e4e2d9d28cc9a8fc3b8131fc6c0417.jpg,640,640,Tomato leaf,473,408,536,490
DSC02006-JPG_jpg.rf.53e4e2d9d28cc9a8fc3b8131fc6c0417.jpg,640,640,Tomato leaf,414,364,477,430
DSC02006-JPG_jpg.rf.53e4e2d9d28cc9a8fc3b8131fc6c0417.jpg,640,640,Tomato leaf,473,288,539,404
DSC02006-JPG_jpg.rf.53e4e2d9d28cc9a8fc3b8131fc6c0417.jpg,640,640,Tomato leaf,148,219,200,303
DSC02006-JPG_jpg.rf.53e4e2d9d28cc9a8fc3b8131fc6c0417.jpg,640,640,Tomato leaf,341,192,437,300
DSC02006-JPG_jpg.rf.53e4e2d9d28cc9a8fc3b8131fc6c0417.jpg,640,640,Tomato leaf,65,99,154,256
DSC02006-JPG_jpg.rf.53e4e2d9d28cc9a8fc3b8131fc6c0417.jpg,640,640,Tomato leaf,204,149,348,220
DSC02006-JPG_jpg.rf.53e4e2d9d28cc9a8fc3b8131fc6c0417.jpg,640,640,Tomato leaf,139,33,306,119
DSC02006-JPG_jpg.rf.53e4e2d9d28cc9a8fc3b8131fc6c0417.jpg,640,640,Tomato leaf,330,0,412,74
110822-206-Tomato-blight_jpg.rf.0d55fbc467818335417cdde5d16ae93e.jpg,640,640,Tomato leaf mosaic virus,151,204,571,495
tomato_fulvia_jpg.rf.0c873ab3f6f0aa5a822ad4f6a2e1b7cc.jpg,640,640,Tomato mold leaf,0,47,618,601
Tomato_Septoria_Leaf_Spot_jpg.rf.a8ab14680b27211d9b076968a2113ea8.jpg,640,640,Tomato Septoria leaf spot,461,145,639,572
Tomato_Septoria_Leaf_Spot_jpg.rf.a8ab14680b27211d9b076968a2113ea8.jpg,640,640,Tomato Septoria leaf spot,51,0,398,529
early-20blight-20-284-29-jpg-itok-gfK5C193_jpg.rf.df00294a81e19f8991c3fbf22af696e5.jpg,640,640,Tomato leaf mosaic virus,152,116,639,453
Tomato_Septoria_Leaf_Spot_jpg.rf.3a1e3e75993eccc677656306d72da867.jpg,640,640,Tomato Septoria leaf spot,6,83,172,500
Tomato_Septoria_Leaf_Spot_jpg.rf.3a1e3e75993eccc677656306d72da867.jpg,640,640,Tomato Septoria leaf spot,256,115,582,634
110608-01-8356c-lg_jpg.rf.3de3838f23dfcdcb1cdba0fa3cdec446.jpg,640,640,Tomato leaf mosaic virus,51,20,563,603
b54d0e40027ff5e90e8ba7e1e9abf9bd-garden-guide-garden-ideas_jpg.rf.225332fcb6335bf22848bc0b761775bf.jpg,640,640,Tomato leaf late blight,0,0,595,514
tomato_mosaic_virus_jpg.rf.b2e87e0549f6f0805969e48729e19195.jpg,640,640,Tomato leaf yellow virus,359,204,490,336
tomato_mosaic_virus_jpg.rf.b2e87e0549f6f0805969e48729e19195.jpg,640,640,Tomato leaf yellow virus,544,234,595,317
tomato_mosaic_virus_jpg.rf.b2e87e0549f6f0805969e48729e19195.jpg,640,640,Tomato leaf yellow virus,205,217,262,352
tomato_mosaic_virus_jpg.rf.b2e87e0549f6f0805969e48729e19195.jpg,640,640,Tomato leaf yellow virus,262,231,344,418
tomato_mosaic_virus_jpg.rf.b2e87e0549f6f0805969e48729e19195.jpg,640,640,Tomato leaf yellow virus,311,407,402,499
tomato_mosaic_virus_jpg.rf.b2e87e0549f6f0805969e48729e19195.jpg,640,640,Tomato leaf yellow virus,373,66,436,126
ealryblight_jpg.rf.e203e70fb3b4ba240dd2e2e6f405a901.jpg,640,640,Tomato Early blight leaf,19,172,596,525
118A_Tom_Late_jpg.rf.5e115b1f10e83b7966db0f3e7c0f25f9.jpg,640,640,Tomato leaf yellow virus,249,32,474,634
early-20blight-20-284-29-jpg-itok-gfK5C193_jpg.rf.a9122c88333155c3e85abd0d1b762d61.jpg,640,640,Tomato leaf mosaic virus,155,144,639,501
b6ca3f80-cc10-4d4f-be0d-771deb9a4969_jpeg_jpg.rf.b38720c1096019f82c9c6b6303fc361f.jpg,640,640,Tomato Septoria leaf spot,49,73,617,622
tomato_leaves_300x300-2523_jpg.rf.5950a0bee34ff429f85a783448ad073b.jpg,640,640,Tomato Septoria leaf spot,479,224,613,338
tomato_leaves_300x300-2523_jpg.rf.5950a0bee34ff429f85a783448ad073b.jpg,640,640,Tomato Septoria leaf spot,237,183,412,392
tomato_leaves_300x300-2523_jpg.rf.5950a0bee34ff429f85a783448ad073b.jpg,640,640,Tomato Septoria leaf spot,62,102,273,491
tomato_leaves_300x300-2523_jpg.rf.5950a0bee34ff429f85a783448ad073b.jpg,640,640,Tomato Septoria leaf spot,387,359,496,553
1342017-162221-44540_jpg.rf.978819ab48ae5b896b849a73f2120508.jpg,640,640,Tomato leaf,265,126,410,222
1342017-162221-44540_jpg.rf.978819ab48ae5b896b849a73f2120508.jpg,640,640,Tomato leaf,131,183,257,257
1342017-162221-44540_jpg.rf.978819ab48ae5b896b849a73f2120508.jpg,640,640,Tomato leaf,122,273,236,339
1342017-162221-44540_jpg.rf.978819ab48ae5b896b849a73f2120508.jpg,640,640,Tomato leaf,298,248,357,303
1342017-162221-44540_jpg.rf.978819ab48ae5b896b849a73f2120508.jpg,640,640,Tomato leaf,328,238,452,316
1342017-162221-44540_jpg.rf.978819ab48ae5b896b849a73f2120508.jpg,640,640,Tomato leaf,82,369,220,456
1342017-162221-44540_jpg.rf.978819ab48ae5b896b849a73f2120508.jpg,640,640,Tomato leaf,69,448,189,520
1342017-162221-44540_jpg.rf.978819ab48ae5b896b849a73f2120508.jpg,640,640,Tomato leaf,231,518,322,582
1342017-162221-44540_jpg.rf.978819ab48ae5b896b849a73f2120508.jpg,640,640,Tomato leaf,136,36,296,196
tomato-yellow-leaf-curl-virus-tomato-1_jpg.rf.498ecfb14122f18d442039312fb12e13.jpg,640,640,Tomato leaf bacterial spot,399,329,523,386
tomato-yellow-leaf-curl-virus-tomato-1_jpg.rf.498ecfb14122f18d442039312fb12e13.jpg,640,640,Tomato leaf bacterial spot,348,394,415,449
tomato-yellow-leaf-curl-virus-tomato-1_jpg.rf.498ecfb14122f18d442039312fb12e13.jpg,640,640,Tomato leaf bacterial spot,299,491,359,566
tomato-yellow-leaf-curl-virus-tomato-1_jpg.rf.498ecfb14122f18d442039312fb12e13.jpg,640,640,Tomato leaf bacterial spot,380,452,442,483
tomato-yellow-leaf-curl-virus-tomato-1_jpg.rf.498ecfb14122f18d442039312fb12e13.jpg,640,640,Tomato leaf bacterial spot,457,448,545,492
tomato-yellow-leaf-curl-virus-tomato-1_jpg.rf.498ecfb14122f18d442039312fb12e13.jpg,640,640,Tomato leaf bacterial spot,525,288,579,340
tomato-yellow-leaf-curl-virus-tomato-1_jpg.rf.498ecfb14122f18d442039312fb12e13.jpg,640,640,Tomato leaf bacterial spot,465,233,542,293
tomato-yellow-leaf-curl-virus-tomato-1_jpg.rf.498ecfb14122f18d442039312fb12e13.jpg,640,640,Tomato leaf bacterial spot,7,311,96,382
tomato-yellow-leaf-curl-virus-tomato-1_jpg.rf.498ecfb14122f18d442039312fb12e13.jpg,640,640,Tomato leaf bacterial spot,82,343,149,386
tomato-yellow-leaf-curl-virus-tomato-1_jpg.rf.498ecfb14122f18d442039312fb12e13.jpg,640,640,Tomato leaf bacterial spot,194,374,294,423
tomato-yellow-leaf-curl-virus-tomato-1_jpg.rf.498ecfb14122f18d442039312fb12e13.jpg,640,640,Tomato leaf bacterial spot,245,357,325,406
tomato-yellow-leaf-curl-virus-tomato-1_jpg.rf.498ecfb14122f18d442039312fb12e13.jpg,640,640,Tomato leaf bacterial spot,292,303,388,346
early-20blight-tom__jpg.rf.c07786457a85b66472790e8b2d0ed782.jpg,640,640,Tomato Early blight leaf,365,305,588,521
early-20blight-tom__jpg.rf.c07786457a85b66472790e8b2d0ed782.jpg,640,640,Tomato Early blight leaf,1,260,87,443
early-20blight-tom__jpg.rf.c07786457a85b66472790e8b2d0ed782.jpg,640,640,Tomato Early blight leaf,439,72,579,279
early-20blight-tom__jpg.rf.c07786457a85b66472790e8b2d0ed782.jpg,640,640,Tomato Early blight leaf,520,29,635,286
early-20blight-tom__jpg.rf.c07786457a85b66472790e8b2d0ed782.jpg,640,640,Tomato Early blight leaf,406,0,506,66
alter_cank2-150x150_jpg.rf.661229f72602a78e0efff413eb5dd754.jpg,640,640,Tomato leaf mosaic virus,6,19,634,633
110822-206-Tomato-blight_jpg.rf.a804769a5207e866877459d37d8919c7.jpg,640,640,Tomato leaf mosaic virus,67,168,478,440
ealryblight_jpg.rf.5f98b725535a659385049d1300176e36.jpg,640,640,Tomato Early blight leaf,86,136,640,493
tomato_jpg.rf.7a3315aab3517f62291aa9837a6d27ed.jpg,640,640,Tomato mold leaf,346,103,506,206
tomato_jpg.rf.7a3315aab3517f62291aa9837a6d27ed.jpg,640,640,Tomato mold leaf,19,249,276,302
tomato_jpg.rf.7a3315aab3517f62291aa9837a6d27ed.jpg,640,640,Tomato mold leaf,173,352,289,391
tomato_jpg.rf.7a3315aab3517f62291aa9837a6d27ed.jpg,640,640,Tomato mold leaf,307,332,422,385
tomato_jpg.rf.7a3315aab3517f62291aa9837a6d27ed.jpg,640,640,Tomato mold leaf,371,268,628,327
07_17_18-Common_Tomato_Diseases_Canker-258x300_jpg.rf.39cc0bf121be117e7928836534d4ca02.jpg,640,640,Tomato leaf mosaic virus,54,19,583,606
110608-01-8356c-lg_jpg.rf.f8b86f144579f04ae17bac9428bb02de.jpg,640,640,Tomato Early blight leaf,15,9,590,640
tomato_Leaf-roll-physiological-7059-SLoewen_thm_jpg.rf.08dc0855bbaf815bed0a43c553e2b12c.jpg,640,640,Tomato mold leaf,423,166,619,565
tomato_Leaf-roll-physiological-7059-SLoewen_thm_jpg.rf.08dc0855bbaf815bed0a43c553e2b12c.jpg,640,640,Tomato mold leaf,123,151,279,603
119B_Tom_Mold_jpg.rf.69694b68a4c4249b817f59cd5a127ca0.jpg,640,640,Tomato mold leaf,5,82,422,440
119B_Tom_Mold_jpg.rf.69694b68a4c4249b817f59cd5a127ca0.jpg,640,640,Tomato mold leaf,480,371,586,552
119B_Tom_Mold_jpg.rf.69694b68a4c4249b817f59cd5a127ca0.jpg,640,640,Tomato mold leaf,339,349,476,582
0_jpg.rf.2c3aef7a5a985fb1562dcc25d1407cc6.jpg,640,640,Tomato Septoria leaf spot,326,243,525,448
0_jpg.rf.2c3aef7a5a985fb1562dcc25d1407cc6.jpg,640,640,Tomato Septoria leaf spot,89,243,314,448
early-20blight-20-283-29-jpg-itok-UMYWI0xr_jpg.rf.bb43c3063ce647c703f5886065a7ebe8.jpg,640,640,Tomato Early blight leaf,0,198,638,618
12July_mwnews_3-C_jpg.rf.1db096afbf7e5eb993d1af26735f4f00.jpg,640,640,Tomato Early blight leaf,493,98,639,282
12July_mwnews_3-C_jpg.rf.1db096afbf7e5eb993d1af26735f4f00.jpg,640,640,Tomato Early blight leaf,136,15,342,262
12July_mwnews_3-C_jpg.rf.1db096afbf7e5eb993d1af26735f4f00.jpg,640,640,Tomato Early blight leaf,229,230,595,573
12July_mwnews_3-C_jpg.rf.1db096afbf7e5eb993d1af26735f4f00.jpg,640,640,Tomato Early blight leaf,135,253,269,512
dsc_4624s_jpg.rf.0f7341dd7712d05d8b111a280fee080e.jpg,640,640,Tomato leaf yellow virus,193,206,502,583
dsc_4624s_jpg.rf.e4f7a5463d362dc4bfd1df5578494e38.jpg,640,640,Tomato leaf yellow virus,192,206,499,583
110822-206-Tomato-blight_jpg.rf.d5d315da974092f433e6379b89a4a487.jpg,640,640,Tomato leaf mosaic virus,57,175,485,487
b6ca3f80-cc10-4d4f-be0d-771deb9a4969_jpeg_jpg.rf.9d67225ac7907b0cf6df26e8a27b61dd.jpg,640,640,Tomato Septoria leaf spot,52,70,615,621
web1_copy_early-blight-6-_0_jpg.rf.d53d678db2583ba67769a9cd88c95ce4.jpg,640,640,Tomato Early blight leaf,136,63,639,639
b54d0e40027ff5e90e8ba7e1e9abf9bd_jpg.rf.e48878d045d71412ac4c1f868e5e7c19.jpg,640,640,Tomato Septoria leaf spot,6,147,551,621
tomato_leaves_300x300-2523_jpg.rf.cfadd667bbd3d515cb8d1e1c28a37023.jpg,640,640,Tomato Septoria leaf spot,65,105,276,492
tomato_leaves_300x300-2523_jpg.rf.cfadd667bbd3d515cb8d1e1c28a37023.jpg,640,640,Tomato Septoria leaf spot,238,187,414,396
tomato_leaves_300x300-2523_jpg.rf.cfadd667bbd3d515cb8d1e1c28a37023.jpg,640,640,Tomato Septoria leaf spot,481,226,614,339
tomato_leaves_300x300-2523_jpg.rf.cfadd667bbd3d515cb8d1e1c28a37023.jpg,640,640,Tomato Septoria leaf spot,388,360,497,555
tomato_q1hq-early-blight-5052_zoom_jpg.rf.aedc8d5911e78c7d2b85c843c771af05.jpg,640,640,Tomato Early blight leaf,42,40,607,638
Tom_Bact3_jpg.rf.adcd150729c2c2963620852d82f166e0.jpg,640,640,Tomato leaf mosaic virus,74,22,251,633
tomato_late-blight_03_zoom_jpg.rf.678d1b89abb62e7721b53ac9278429b4.jpg,640,640,Tomato leaf mosaic virus,179,23,419,399
ealryblight_jpg.rf.b9b63bf8fce6cde84ceaa5b07d295668.jpg,640,640,Tomato Early blight leaf,1,161,552,494
TYLCV-tomate-DB-445-171_jpg.rf.63075cb4dd2e27a70d9a9d7214868787.jpg,640,640,Tomato leaf bacterial spot,179,332,256,506
TYLCV-tomate-DB-445-171_jpg.rf.63075cb4dd2e27a70d9a9d7214868787.jpg,640,640,Tomato leaf bacterial spot,263,365,360,531
TYLCV-tomate-DB-445-171_jpg.rf.63075cb4dd2e27a70d9a9d7214868787.jpg,640,640,Tomato leaf bacterial spot,422,417,487,506
TYLCV-tomate-DB-445-171_jpg.rf.63075cb4dd2e27a70d9a9d7214868787.jpg,640,640,Tomato leaf bacterial spot,448,211,519,320
TYLCV-tomate-DB-445-171_jpg.rf.63075cb4dd2e27a70d9a9d7214868787.jpg,640,640,Tomato leaf bacterial spot,505,295,564,422
TYLCV-tomate-DB-445-171_jpg.rf.63075cb4dd2e27a70d9a9d7214868787.jpg,640,640,Tomato leaf bacterial spot,518,128,620,302
TYLCV-tomate-DB-445-171_jpg.rf.63075cb4dd2e27a70d9a9d7214868787.jpg,640,640,Tomato leaf bacterial spot,250,160,295,294
TYLCV-tomate-DB-445-171_jpg.rf.63075cb4dd2e27a70d9a9d7214868787.jpg,640,640,Tomato leaf bacterial spot,172,160,231,308
TYLCV-tomate-DB-445-171_jpg.rf.63075cb4dd2e27a70d9a9d7214868787.jpg,640,640,Tomato leaf bacterial spot,6,173,154,339
tomato_early-blight_03_zoom_jpg.rf.4f604b1ecabf0f82d6b9ef846d6e9be3.jpg,640,640,Tomato Early blight leaf,385,9,528,256
tomato_early-blight_03_zoom_jpg.rf.4f604b1ecabf0f82d6b9ef846d6e9be3.jpg,640,640,Tomato Early blight leaf,224,176,375,504
TYLCV-tomate-DB-441-170_jpg.rf.a835dcc45ec26fc5038eed9160e4007c.jpg,640,640,Tomato leaf,211,395,318,627
TYLCV-tomate-DB-441-170_jpg.rf.a835dcc45ec26fc5038eed9160e4007c.jpg,640,640,Tomato leaf,288,358,365,495
TYLCV-tomate-DB-441-170_jpg.rf.a835dcc45ec26fc5038eed9160e4007c.jpg,640,640,Tomato leaf,183,329,288,469
TYLCV-tomate-DB-441-170_jpg.rf.a835dcc45ec26fc5038eed9160e4007c.jpg,640,640,Tomato leaf,327,306,421,469
TYLCV-tomate-DB-441-170_jpg.rf.a835dcc45ec26fc5038eed9160e4007c.jpg,640,640,Tomato leaf,133,263,239,405
TYLCV-tomate-DB-441-170_jpg.rf.a835dcc45ec26fc5038eed9160e4007c.jpg,640,640,Tomato leaf,294,266,328,337
TYLCV-tomate-DB-441-170_jpg.rf.a835dcc45ec26fc5038eed9160e4007c.jpg,640,640,Tomato leaf,33,206,189,305
TYLCV-tomate-DB-441-170_jpg.rf.a835dcc45ec26fc5038eed9160e4007c.jpg,640,640,Tomato leaf,346,230,437,282
TYLCV-tomate-DB-441-170_jpg.rf.a835dcc45ec26fc5038eed9160e4007c.jpg,640,640,Tomato leaf,468,4,525,148
bact-spot-fig-1_jpg.rf.8bde097e96c42152b7950c390bc95bea.jpg,640,640,Tomato leaf late blight,41,80,627,472
TYLCV-tomate-DB-442-167_jpg.rf.3d3d434370c946c0bd8b4f20c90a2e07.jpg,640,640,Tomato leaf bacterial spot,180,474,263,589
TYLCV-tomate-DB-442-167_jpg.rf.3d3d434370c946c0bd8b4f20c90a2e07.jpg,640,640,Tomato leaf bacterial spot,339,288,404,320
TYLCV-tomate-DB-442-167_jpg.rf.3d3d434370c946c0bd8b4f20c90a2e07.jpg,640,640,Tomato leaf bacterial spot,448,390,486,422
TYLCV-tomate-DB-442-167_jpg.rf.3d3d434370c946c0bd8b4f20c90a2e07.jpg,640,640,Tomato leaf bacterial spot,326,180,397,269
TYLCV-tomate-DB-442-167_jpg.rf.3d3d434370c946c0bd8b4f20c90a2e07.jpg,640,640,Tomato leaf bacterial spot,77,218,225,313
TYLCV-tomate-DB-442-167_jpg.rf.3d3d434370c946c0bd8b4f20c90a2e07.jpg,640,640,Tomato leaf bacterial spot,199,103,308,206
TYLCV-tomate-DB-442-167_jpg.rf.3d3d434370c946c0bd8b4f20c90a2e07.jpg,640,640,Tomato leaf bacterial spot,333,51,378,148
TYLCV-tomate-DB-442-167_jpg.rf.3d3d434370c946c0bd8b4f20c90a2e07.jpg,640,640,Tomato leaf bacterial spot,249,275,326,339
TYLCV-tomate-DB-442-167_jpg.rf.3d3d434370c946c0bd8b4f20c90a2e07.jpg,640,640,Tomato leaf bacterial spot,384,460,455,518
TYLCV-tomate-DB-442-167_jpg.rf.3d3d434370c946c0bd8b4f20c90a2e07.jpg,640,640,Tomato leaf bacterial spot,390,390,442,422
TYLCV-tomate-DB-442-167_jpg.rf.3d3d434370c946c0bd8b4f20c90a2e07.jpg,640,640,Tomato leaf bacterial spot,218,365,250,403
TYLCV-tomate-DB-442-167_jpg.rf.3d3d434370c946c0bd8b4f20c90a2e07.jpg,640,640,Tomato leaf bacterial spot,153,409,212,474
tomato_leaf_roll_JPG_jpg.rf.449f3722e3fc0c56d273f6a2734fe6ae.jpg,640,640,Tomato leaf bacterial spot,178,154,457,241
tomato_leaf_roll_JPG_jpg.rf.449f3722e3fc0c56d273f6a2734fe6ae.jpg,640,640,Tomato leaf bacterial spot,55,8,551,99
tomato_leaf_roll_JPG_jpg.rf.449f3722e3fc0c56d273f6a2734fe6ae.jpg,640,640,Tomato leaf bacterial spot,211,99,357,162
tomato_leaf_roll_JPG_jpg.rf.449f3722e3fc0c56d273f6a2734fe6ae.jpg,640,640,Tomato leaf bacterial spot,178,516,234,599
tomato_leaf_roll_JPG_jpg.rf.449f3722e3fc0c56d273f6a2734fe6ae.jpg,640,640,Tomato leaf bacterial spot,151,419,206,505
tomato_leaf_roll_JPG_jpg.rf.449f3722e3fc0c56d273f6a2734fe6ae.jpg,640,640,Tomato leaf bacterial spot,255,369,323,437
tomato_leaf_roll_JPG_jpg.rf.449f3722e3fc0c56d273f6a2734fe6ae.jpg,640,640,Tomato leaf bacterial spot,357,489,412,562
tomato_mosaic_virus_jpg.rf.94f74bfca52583466a0be881866de162.jpg,640,640,Tomato leaf yellow virus,348,310,488,452
tomato_mosaic_virus_jpg.rf.94f74bfca52583466a0be881866de162.jpg,640,640,Tomato leaf yellow virus,534,348,591,434
tomato_mosaic_virus_jpg.rf.94f74bfca52583466a0be881866de162.jpg,640,640,Tomato leaf yellow virus,197,276,263,416
tomato_mosaic_virus_jpg.rf.94f74bfca52583466a0be881866de162.jpg,640,640,Tomato leaf yellow virus,257,217,351,409
tomato_mosaic_virus_jpg.rf.94f74bfca52583466a0be881866de162.jpg,640,640,Tomato leaf yellow virus,323,143,419,240
tomato_mosaic_virus_jpg.rf.94f74bfca52583466a0be881866de162.jpg,640,640,Tomato leaf yellow virus,348,521,414,584
bact-spot-leaf-big_jpg.rf.53c5ff6dc4d53af4142f9de25acf4e6c.jpg,640,640,Tomato leaf late blight,0,0,638,577
12July_mwnews_3-C_jpg.rf.50867fb6f2c9fa4f77d023d815772215.jpg,640,640,Tomato Early blight leaf,3,58,168,217
12July_mwnews_3-C_jpg.rf.50867fb6f2c9fa4f77d023d815772215.jpg,640,640,Tomato Early blight leaf,352,48,523,271
12July_mwnews_3-C_jpg.rf.50867fb6f2c9fa4f77d023d815772215.jpg,640,640,Tomato Early blight leaf,53,235,376,527
12July_mwnews_3-C_jpg.rf.50867fb6f2c9fa4f77d023d815772215.jpg,640,640,Tomato Early blight leaf,376,282,470,529
Tomato_leaf_jpg.rf.f5b0e030b7f071460dfb6666ca831df2.jpg,640,640,Tomato leaf bacterial spot,10,9,633,636
tomato_late-blight_04_zoom_jpg.rf.827c023e32af7289d327707dafe17cc6.jpg,640,640,Tomato leaf mosaic virus,170,335,405,602
tomato_late-blight_04_zoom_jpg.rf.827c023e32af7289d327707dafe17cc6.jpg,640,640,Tomato leaf mosaic virus,484,386,611,520
tomato_late-blight_04_zoom_jpg.rf.827c023e32af7289d327707dafe17cc6.jpg,640,640,Tomato leaf mosaic virus,68,249,242,494
tomato_late-blight_04_zoom_jpg.rf.827c023e32af7289d327707dafe17cc6.jpg,640,640,Tomato leaf mosaic virus,425,290,588,447
tomato_late-blight_04_zoom_jpg.rf.827c023e32af7289d327707dafe17cc6.jpg,640,640,Tomato leaf mosaic virus,249,138,432,409
tomato_late-blight_04_zoom_jpg.rf.827c023e32af7289d327707dafe17cc6.jpg,640,640,Tomato leaf mosaic virus,0,112,214,323
tomato_late-blight_04_zoom_jpg.rf.827c023e32af7289d327707dafe17cc6.jpg,640,640,Tomato leaf mosaic virus,392,127,590,339
tomato_late-blight_04_zoom_jpg.rf.827c023e32af7289d327707dafe17cc6.jpg,640,640,Tomato leaf mosaic virus,250,0,492,294
tomato_late-blight_04_zoom_jpg.rf.827c023e32af7289d327707dafe17cc6.jpg,640,640,Tomato leaf mosaic virus,39,0,295,215
dsc_8148cs_jpg.rf.745a04721fc1af69945346e6e28910bc.jpg,640,640,Tomato leaf yellow virus,13,42,639,636
tomato_leaf-mold_02_zoom_jpg.rf.e210a44a295f092718e957f1da899852.jpg,640,640,Tomato mold leaf,0,160,117,386
tomato_leaf-mold_02_zoom_jpg.rf.e210a44a295f092718e957f1da899852.jpg,640,640,Tomato mold leaf,59,80,527,578
tomato_virus_04_zoom_jpg.rf.a8e52fdcbeac0d2ab7983da3450613e1.jpg,640,640,Tomato leaf,322,443,489,580
tomato_virus_04_zoom_jpg.rf.a8e52fdcbeac0d2ab7983da3450613e1.jpg,640,640,Tomato leaf,43,14,229,283
tomato_virus_04_zoom_jpg.rf.a8e52fdcbeac0d2ab7983da3450613e1.jpg,640,640,Tomato leaf,272,211,574,402
1234080-Early-Blight_jpg.rf.91957595572e9fbbd200420642ae465b.jpg,640,640,Tomato Early blight leaf,22,46,533,597
dsc_8140cs_jpg.rf.9b883d712e170202fc690a9aaa89491d.jpg,640,640,Tomato leaf yellow virus,179,52,410,250
dsc_8140cs_jpg.rf.9b883d712e170202fc690a9aaa89491d.jpg,640,640,Tomato leaf yellow virus,237,269,448,532
tomato_leaf_spots_1500x1500-253E_jpg.rf.35ed181a679d4879a9e86fd9c18878f2.jpg,640,640,Tomato Septoria leaf spot,268,86,483,542
17371378-tomato-leaf_jpg.rf.a6d13136527fbfd23a6b3437fe14a5aa.jpg,640,640,Tomato leaf late blight,199,13,423,609
stock-vector-set-of-vector-elements-for-your-design-red-ripe-tomatoes-with-water-drops-tomato-leaves-and-tomato-203297116_jpg.rf.28cba26f2d6d086d2bc04ed083e1528f.jpg,640,640,Tomato leaf bacterial spot,1,228,181,397
stock-vector-set-of-vector-elements-for-your-design-red-ripe-tomatoes-with-water-drops-tomato-leaves-and-tomato-203297116_jpg.rf.28cba26f2d6d086d2bc04ed083e1528f.jpg,640,640,Tomato leaf bacterial spot,132,221,303,407
stock-vector-set-of-vector-elements-for-your-design-red-ripe-tomatoes-with-water-drops-tomato-leaves-and-tomato-203297116_jpg.rf.28cba26f2d6d086d2bc04ed083e1528f.jpg,640,640,Tomato leaf bacterial spot,249,182,376,356
stock-vector-set-of-vector-elements-for-your-design-red-ripe-tomatoes-with-water-drops-tomato-leaves-and-tomato-203297116_jpg.rf.28cba26f2d6d086d2bc04ed083e1528f.jpg,640,640,Tomato leaf bacterial spot,23,139,246,266
stock-vector-set-of-vector-elements-for-your-design-red-ripe-tomatoes-with-water-drops-tomato-leaves-and-tomato-203297116_jpg.rf.28cba26f2d6d086d2bc04ed083e1528f.jpg,640,640,Tomato leaf bacterial spot,126,84,294,202
119B_Tom_Mold_jpg.rf.a0279a31f62eb48133b3656645ce437d.jpg,640,640,Tomato mold leaf,6,83,423,442
119B_Tom_Mold_jpg.rf.a0279a31f62eb48133b3656645ce437d.jpg,640,640,Tomato mold leaf,480,372,589,550
119B_Tom_Mold_jpg.rf.a0279a31f62eb48133b3656645ce437d.jpg,640,640,Tomato mold leaf,338,352,474,583
17371378-tomato-leaf_jpg.rf.50760cfd4de8c31b519a1d00add9132f.jpg,640,640,Tomato leaf bacterial spot,174,24,445,636
Late-blight-symptoms-on-tomato-leaves-1r3uhy2_jpg.rf.3085cb2e61c16acdc83a539c64a0d826.jpg,640,640,Tomato leaf yellow virus,295,345,550,633
Late-blight-symptoms-on-tomato-leaves-1r3uhy2_jpg.rf.3085cb2e61c16acdc83a539c64a0d826.jpg,640,640,Tomato leaf yellow virus,422,224,633,499
Late-blight-symptoms-on-tomato-leaves-1r3uhy2_jpg.rf.3085cb2e61c16acdc83a539c64a0d826.jpg,640,640,Tomato leaf yellow virus,0,152,358,365
early-blight-2x_jpg.rf.adb7c89be1119046f5253a76abd25535.jpg,640,640,Tomato Early blight leaf,103,66,579,606
tomato_fulvia2_jpg.rf.5ebcc3d275a74026faa236a15e3d5c5b.jpg,640,640,Tomato mold leaf,0,38,638,513
tomato_fulvia2_jpg.rf.5ebcc3d275a74026faa236a15e3d5c5b.jpg,640,640,Tomato mold leaf,0,221,371,639
140714-2811-29_JPG_jpg.rf.ef1d9c2fb50d6aaa9970ac81369a806c.jpg,640,640,Tomato Septoria leaf spot,192,76,263,262
140714-2811-29_JPG_jpg.rf.ef1d9c2fb50d6aaa9970ac81369a806c.jpg,640,640,Tomato Septoria leaf spot,192,288,346,519
140714-2811-29_JPG_jpg.rf.ef1d9c2fb50d6aaa9970ac81369a806c.jpg,640,640,Tomato Septoria leaf spot,307,141,371,218
140714-2811-29_JPG_jpg.rf.ef1d9c2fb50d6aaa9970ac81369a806c.jpg,640,640,Tomato Septoria leaf spot,557,39,634,166
140714-2811-29_JPG_jpg.rf.ef1d9c2fb50d6aaa9970ac81369a806c.jpg,640,640,Tomato Septoria leaf spot,397,249,506,468
140714-2811-29_JPG_jpg.rf.ef1d9c2fb50d6aaa9970ac81369a806c.jpg,640,640,Tomato Septoria leaf spot,492,172,634,314
140714-2811-29_JPG_jpg.rf.ef1d9c2fb50d6aaa9970ac81369a806c.jpg,640,640,Tomato Septoria leaf spot,423,52,526,263
140714-2811-29_JPG_jpg.rf.ef1d9c2fb50d6aaa9970ac81369a806c.jpg,640,640,Tomato Septoria leaf spot,243,211,371,326
140714-2811-29_JPG_jpg.rf.ef1d9c2fb50d6aaa9970ac81369a806c.jpg,640,640,Tomato Septoria leaf spot,359,199,448,359
E-29Tomato-late-blight-foliar_jpg.rf.ce8560f86d7d11e2554811221647eb15.jpg,640,640,Tomato leaf mosaic virus,106,0,405,252
E-29Tomato-late-blight-foliar_jpg.rf.ce8560f86d7d11e2554811221647eb15.jpg,640,640,Tomato leaf mosaic virus,473,126,639,640
E-29Tomato-late-blight-foliar_jpg.rf.ce8560f86d7d11e2554811221647eb15.jpg,640,640,Tomato leaf mosaic virus,166,254,483,638
Tom_Bact7_jpg.rf.44e38b665a37df383dd4432942c34161.jpg,640,640,Tomato leaf mosaic virus,96,363,185,511
Tom_Bact7_jpg.rf.44e38b665a37df383dd4432942c34161.jpg,640,640,Tomato leaf mosaic virus,194,376,388,633
Tom_Bact7_jpg.rf.44e38b665a37df383dd4432942c34161.jpg,640,640,Tomato leaf mosaic virus,280,203,588,455
Tom_Bact7_jpg.rf.44e38b665a37df383dd4432942c34161.jpg,640,640,Tomato leaf mosaic virus,234,143,477,295
Tom_Bact7_jpg.rf.44e38b665a37df383dd4432942c34161.jpg,640,640,Tomato leaf mosaic virus,103,13,346,282
140714-2811-29-JPG_jpg.rf.cbadfa59588919957693269607228e0b.jpg,640,640,Tomato leaf late blight,0,473,78,589
140714-2811-29-JPG_jpg.rf.cbadfa59588919957693269607228e0b.jpg,640,640,Tomato leaf late blight,108,372,215,586
140714-2811-29-JPG_jpg.rf.cbadfa59588919957693269607228e0b.jpg,640,640,Tomato leaf late blight,372,378,450,565
140714-2811-29-JPG_jpg.rf.cbadfa59588919957693269607228e0b.jpg,640,640,Tomato leaf late blight,267,423,335,503
140714-2811-29-JPG_jpg.rf.cbadfa59588919957693269607228e0b.jpg,640,640,Tomato leaf late blight,0,325,151,465
140714-2811-29-JPG_jpg.rf.cbadfa59588919957693269607228e0b.jpg,640,640,Tomato leaf late blight,280,316,385,429
140714-2811-29-JPG_jpg.rf.cbadfa59588919957693269607228e0b.jpg,640,640,Tomato leaf late blight,189,277,282,445
140714-2811-29-JPG_jpg.rf.cbadfa59588919957693269607228e0b.jpg,640,640,Tomato leaf late blight,132,168,250,390
140714-2811-29-JPG_jpg.rf.cbadfa59588919957693269607228e0b.jpg,640,640,Tomato leaf late blight,295,125,450,352
Late-blight-symptoms-on-tomato-leaves-1r3uhy2_jpg.rf.52aab5bf9f8e76ef1f16009695272a73.jpg,640,640,Tomato leaf mosaic virus,364,468,495,574
Late-blight-symptoms-on-tomato-leaves-1r3uhy2_jpg.rf.52aab5bf9f8e76ef1f16009695272a73.jpg,640,640,Tomato leaf mosaic virus,84,306,345,499
Late-blight-symptoms-on-tomato-leaves-1r3uhy2_jpg.rf.52aab5bf9f8e76ef1f16009695272a73.jpg,640,640,Tomato leaf mosaic virus,449,254,640,474
Late-blight-symptoms-on-tomato-leaves-1r3uhy2_jpg.rf.52aab5bf9f8e76ef1f16009695272a73.jpg,640,640,Tomato leaf mosaic virus,302,2,600,336
TYLCV-tomate-DB-445-171_jpg.rf.799f1d0d147cb645bb31ee6640721a7e.jpg,640,640,Tomato leaf,33,379,136,533
TYLCV-tomate-DB-445-171_jpg.rf.799f1d0d147cb645bb31ee6640721a7e.jpg,640,640,Tomato leaf,346,340,403,480
TYLCV-tomate-DB-445-171_jpg.rf.799f1d0d147cb645bb31ee6640721a7e.jpg,640,640,Tomato leaf,414,321,477,478
TYLCV-tomate-DB-445-171_jpg.rf.799f1d0d147cb645bb31ee6640721a7e.jpg,640,640,Tomato leaf,486,281,640,457
TYLCV-tomate-DB-445-171_jpg.rf.799f1d0d147cb645bb31ee6640721a7e.jpg,640,640,Tomato leaf,126,327,203,445
TYLCV-tomate-DB-445-171_jpg.rf.799f1d0d147cb645bb31ee6640721a7e.jpg,640,640,Tomato leaf,69,264,138,365
TYLCV-tomate-DB-445-171_jpg.rf.799f1d0d147cb645bb31ee6640721a7e.jpg,640,640,Tomato leaf,375,124,464,304
TYLCV-tomate-DB-445-171_jpg.rf.799f1d0d147cb645bb31ee6640721a7e.jpg,640,640,Tomato leaf,270,106,379,283
TYLCV-tomate-DB-445-171_jpg.rf.799f1d0d147cb645bb31ee6640721a7e.jpg,640,640,Tomato leaf,143,142,209,239
sls1_jpg.rf.2b3c4abd56dc5ddb002f7e58a0a31e8a.jpg,640,640,Tomato Septoria leaf spot,45,6,576,628
07_17_18-Common_Tomato_Diseases_Canker-258x300_jpg.rf.d916660e03e533549bdf474045e36acd.jpg,640,640,Tomato leaf mosaic virus,58,20,582,609
early-blight-closeup-sm_jpg.rf.14986b54588e5dc5e75079d5d69de7ee.jpg,640,640,Tomato Early blight leaf,108,70,384,627
TYLCV-tomate-DB-441-170_jpg.rf.dcef238c6fd107785ca9319f013cef3d.jpg,640,640,Tomato leaf bacterial spot,347,358,436,410
TYLCV-tomate-DB-441-170_jpg.rf.dcef238c6fd107785ca9319f013cef3d.jpg,640,640,Tomato leaf bacterial spot,467,498,519,634
TYLCV-tomate-DB-441-170_jpg.rf.dcef238c6fd107785ca9319f013cef3d.jpg,640,640,Tomato leaf bacterial spot,295,307,327,378
TYLCV-tomate-DB-441-170_jpg.rf.dcef238c6fd107785ca9319f013cef3d.jpg,640,640,Tomato leaf bacterial spot,186,172,288,308
TYLCV-tomate-DB-441-170_jpg.rf.dcef238c6fd107785ca9319f013cef3d.jpg,640,640,Tomato leaf bacterial spot,230,12,307,243
TYLCV-tomate-DB-441-170_jpg.rf.dcef238c6fd107785ca9319f013cef3d.jpg,640,640,Tomato leaf bacterial spot,294,148,365,282
TYLCV-tomate-DB-441-170_jpg.rf.dcef238c6fd107785ca9319f013cef3d.jpg,640,640,Tomato leaf bacterial spot,333,173,422,339
TYLCV-tomate-DB-441-170_jpg.rf.dcef238c6fd107785ca9319f013cef3d.jpg,640,640,Tomato leaf bacterial spot,147,236,224,372
TYLCV-tomate-DB-441-170_jpg.rf.dcef238c6fd107785ca9319f013cef3d.jpg,640,640,Tomato leaf bacterial spot,32,333,186,429
bacterial-canker3x2400-2ia1kgd_jpg.rf.3d5173e78a6aaf6cd7a9155fef8a2d6c.jpg,640,640,Tomato leaf mosaic virus,0,0,638,638
dummen-tmv_jpg.rf.2b290f7eed2f69ffd9286ca0cd6be05f.jpg,640,640,Tomato leaf,102,193,327,353
dummen-tmv_jpg.rf.2b290f7eed2f69ffd9286ca0cd6be05f.jpg,640,640,Tomato leaf,372,230,621,372
dummen-tmv_jpg.rf.2b290f7eed2f69ffd9286ca0cd6be05f.jpg,640,640,Tomato leaf,319,384,532,627
dummen-tmv_jpg.rf.2b290f7eed2f69ffd9286ca0cd6be05f.jpg,640,640,Tomato leaf,230,19,404,307
TYLCV-tomate-DB-445-171_jpg.rf.9d83360ba55ff9af0e3307250758da7c.jpg,640,640,Tomato leaf,523,152,632,310
TYLCV-tomate-DB-445-171_jpg.rf.9d83360ba55ff9af0e3307250758da7c.jpg,640,640,Tomato leaf,253,151,316,292
TYLCV-tomate-DB-445-171_jpg.rf.9d83360ba55ff9af0e3307250758da7c.jpg,640,640,Tomato leaf,177,139,248,298
TYLCV-tomate-DB-445-171_jpg.rf.9d83360ba55ff9af0e3307250758da7c.jpg,640,640,Tomato leaf,10,136,173,316
TYLCV-tomate-DB-445-171_jpg.rf.9d83360ba55ff9af0e3307250758da7c.jpg,640,640,Tomato leaf,445,224,528,345
TYLCV-tomate-DB-445-171_jpg.rf.9d83360ba55ff9af0e3307250758da7c.jpg,640,640,Tomato leaf,496,314,570,418
TYLCV-tomate-DB-445-171_jpg.rf.9d83360ba55ff9af0e3307250758da7c.jpg,640,640,Tomato leaf,153,315,252,498
TYLCV-tomate-DB-445-171_jpg.rf.9d83360ba55ff9af0e3307250758da7c.jpg,640,640,Tomato leaf,234,352,351,534
TYLCV-tomate-DB-445-171_jpg.rf.9d83360ba55ff9af0e3307250758da7c.jpg,640,640,Tomato leaf,401,426,472,526
17371378-tomato-leaf_jpg.rf.80bedd28323166388cb82de1d45c9415.jpg,640,640,Tomato leaf bacterial spot,206,8,457,614
early-blight-closeup-sm_jpg.rf.622bc9c7a2dddfe24b2a820e168c03dc.jpg,640,640,Tomato Early blight leaf,111,73,383,630
toma_TMV_jpg.rf.ce668e747db0019d911b2e07e8e6daf1.jpg,640,640,Tomato leaf yellow virus,374,325,595,634
toma_TMV_jpg.rf.ce668e747db0019d911b2e07e8e6daf1.jpg,640,640,Tomato leaf yellow virus,566,300,640,563
toma_TMV_jpg.rf.ce668e747db0019d911b2e07e8e6daf1.jpg,640,640,Tomato leaf yellow virus,15,103,455,482
toma_TMV_jpg.rf.ce668e747db0019d911b2e07e8e6daf1.jpg,640,640,Tomato leaf yellow virus,363,0,575,249
tomato_leaf-mold_03_zoom_jpg.rf.0ce5afb1d683420f26fc3b533d89a372.jpg,640,640,Tomato mold leaf,5,68,639,608
Bacterial_spots563_jpg.rf.4efa41d18aa577ca95243dcee9c22e60.jpg,640,640,Tomato leaf late blight,24,38,416,565
E-29Tomato-late-blight-foliar_jpg.rf.642e7de10500f1fe25360a7b0504b034.jpg,640,640,Tomato leaf mosaic virus,293,0,598,285
E-29Tomato-late-blight-foliar_jpg.rf.642e7de10500f1fe25360a7b0504b034.jpg,640,640,Tomato leaf mosaic virus,1,44,164,588
E-29Tomato-late-blight-foliar_jpg.rf.642e7de10500f1fe25360a7b0504b034.jpg,640,640,Tomato leaf mosaic virus,113,243,439,640
bacterial-20leaf-20spot_jpg.rf.024cb12f0ad2c0de9b0195328bd3dcea.jpg,640,640,Tomato leaf late blight,419,385,553,608
bacterial-20leaf-20spot_jpg.rf.024cb12f0ad2c0de9b0195328bd3dcea.jpg,640,640,Tomato leaf late blight,0,251,232,630
bacterial-20leaf-20spot_jpg.rf.024cb12f0ad2c0de9b0195328bd3dcea.jpg,640,640,Tomato leaf late blight,170,255,416,639
bacterial-20leaf-20spot_jpg.rf.024cb12f0ad2c0de9b0195328bd3dcea.jpg,640,640,Tomato leaf late blight,337,18,568,378
bacterial-20leaf-20spot_jpg.rf.024cb12f0ad2c0de9b0195328bd3dcea.jpg,640,640,Tomato leaf late blight,72,2,263,313
1688_jpg.rf.02fba9b930d525dccec390bc16454f46.jpg,640,640,Tomato leaf bacterial spot,0,153,75,246
1688_jpg.rf.02fba9b930d525dccec390bc16454f46.jpg,640,640,Tomato leaf bacterial spot,21,222,104,329
1688_jpg.rf.02fba9b930d525dccec390bc16454f46.jpg,640,640,Tomato leaf bacterial spot,383,271,439,315
1688_jpg.rf.02fba9b930d525dccec390bc16454f46.jpg,640,640,Tomato leaf bacterial spot,214,284,294,410
1688_jpg.rf.02fba9b930d525dccec390bc16454f46.jpg,640,640,Tomato leaf bacterial spot,92,286,161,423
1688_jpg.rf.02fba9b930d525dccec390bc16454f46.jpg,640,640,Tomato leaf bacterial spot,326,315,435,414
1688_jpg.rf.02fba9b930d525dccec390bc16454f46.jpg,640,640,Tomato leaf bacterial spot,434,343,521,485
1688_jpg.rf.02fba9b930d525dccec390bc16454f46.jpg,640,640,Tomato leaf bacterial spot,399,408,458,488
1688_jpg.rf.02fba9b930d525dccec390bc16454f46.jpg,640,640,Tomato leaf bacterial spot,208,431,289,537
1688_jpg.rf.02fba9b930d525dccec390bc16454f46.jpg,640,640,Tomato leaf bacterial spot,126,461,203,518
1688_jpg.rf.02fba9b930d525dccec390bc16454f46.jpg,640,640,Tomato leaf bacterial spot,321,452,396,557
1688_jpg.rf.02fba9b930d525dccec390bc16454f46.jpg,640,640,Tomato leaf bacterial spot,283,457,360,617
1688_jpg.rf.02fba9b930d525dccec390bc16454f46.jpg,640,640,Tomato leaf bacterial spot,418,32,485,115
tomato_leaf-mold_02_zoom_jpg.rf.100a9caa0a44b53dddd98ef3f9e3a4a1.jpg,640,640,Tomato mold leaf,530,126,619,340
tomato_leaf-mold_02_zoom_jpg.rf.100a9caa0a44b53dddd98ef3f9e3a4a1.jpg,640,640,Tomato mold leaf,145,103,551,546
early-blight-in-tomatoes_jpg.rf.3018099d3a4b276464905cac81a48224.jpg,640,640,Tomato Early blight leaf,48,9,615,565
tomato_virus_04_zoom_jpg.rf.9b04bedbbc269bc9f75a9d3212a0053e.jpg,640,640,Tomato leaf yellow virus,60,0,275,266
tomato_virus_04_zoom_jpg.rf.9b04bedbbc269bc9f75a9d3212a0053e.jpg,640,640,Tomato leaf yellow virus,260,204,588,435
tomato_virus_04_zoom_jpg.rf.9b04bedbbc269bc9f75a9d3212a0053e.jpg,640,640,Tomato leaf yellow virus,128,279,249,393
tomato_virus_04_zoom_jpg.rf.9b04bedbbc269bc9f75a9d3212a0053e.jpg,640,640,Tomato leaf yellow virus,285,440,469,600
dsc_8148cs_jpg.rf.7dbe8dcb5da4b1a05a14c762b652c8a6.jpg,640,640,Tomato leaf mosaic virus,100,71,515,544
tomato_late-blight_01_zoom_jpg.rf.9c84ab3be5443dd45678ee0604f2b0ea.jpg,640,640,Tomato leaf mosaic virus,187,372,427,639
tomato_late-blight_01_zoom_jpg.rf.9c84ab3be5443dd45678ee0604f2b0ea.jpg,640,640,Tomato leaf mosaic virus,446,101,640,438
tomato_late-blight_01_zoom_jpg.rf.9c84ab3be5443dd45678ee0604f2b0ea.jpg,640,640,Tomato leaf mosaic virus,106,86,474,492
tomato_late-blight_01_zoom_jpg.rf.9c84ab3be5443dd45678ee0604f2b0ea.jpg,640,640,Tomato leaf mosaic virus,0,22,169,366
tomato_late-blight_01_zoom_jpg.rf.9c84ab3be5443dd45678ee0604f2b0ea.jpg,640,640,Tomato leaf mosaic virus,325,0,528,274
tomato_late-blight_01_zoom_jpg.rf.9c84ab3be5443dd45678ee0604f2b0ea.jpg,640,640,Tomato leaf mosaic virus,463,408,640,620
tomatoyellowleafcurlcropped_jpg.rf.5bcfa3b9686692d38f831a9b3c830c81.jpg,640,640,Tomato leaf bacterial spot,440,500,552,617
tomatoyellowleafcurlcropped_jpg.rf.5bcfa3b9686692d38f831a9b3c830c81.jpg,640,640,Tomato leaf bacterial spot,408,185,448,237
tomatoyellowleafcurlcropped_jpg.rf.5bcfa3b9686692d38f831a9b3c830c81.jpg,640,640,Tomato leaf bacterial spot,379,211,436,262
tomatoyellowleafcurlcropped_jpg.rf.5bcfa3b9686692d38f831a9b3c830c81.jpg,640,640,Tomato leaf bacterial spot,303,58,500,154
tomatoyellowleafcurlcropped_jpg.rf.5bcfa3b9686692d38f831a9b3c830c81.jpg,640,640,Tomato leaf bacterial spot,2,52,276,186
tomatoyellowleafcurlcropped_jpg.rf.5bcfa3b9686692d38f831a9b3c830c81.jpg,640,640,Tomato leaf bacterial spot,0,213,163,616
tomatoyellowleafcurlcropped_jpg.rf.5bcfa3b9686692d38f831a9b3c830c81.jpg,640,640,Tomato leaf bacterial spot,113,251,239,400
tomatoyellowleafcurlcropped_jpg.rf.5bcfa3b9686692d38f831a9b3c830c81.jpg,640,640,Tomato leaf bacterial spot,286,242,363,320
tomatoyellowleafcurlcropped_jpg.rf.5bcfa3b9686692d38f831a9b3c830c81.jpg,640,640,Tomato leaf bacterial spot,225,210,296,313
tomatoyellowleafcurlcropped_jpg.rf.5bcfa3b9686692d38f831a9b3c830c81.jpg,640,640,Tomato leaf bacterial spot,271,354,365,500
tomatoyellowleafcurlcropped_jpg.rf.5bcfa3b9686692d38f831a9b3c830c81.jpg,640,640,Tomato leaf bacterial spot,408,366,529,440
tomatoyellowleafcurlcropped_jpg.rf.5bcfa3b9686692d38f831a9b3c830c81.jpg,640,640,Tomato leaf bacterial spot,456,416,639,510
tomatoyellowleafcurlcropped_jpg.rf.5bcfa3b9686692d38f831a9b3c830c81.jpg,640,640,Tomato leaf bacterial spot,368,448,472,588
1688_jpg.rf.70dde292e0edfebd12873a11e2a68bab.jpg,640,640,Tomato leaf late blight,436,351,519,487
1688_jpg.rf.70dde292e0edfebd12873a11e2a68bab.jpg,640,640,Tomato leaf late blight,320,454,391,557
1688_jpg.rf.70dde292e0edfebd12873a11e2a68bab.jpg,640,640,Tomato leaf late blight,327,319,428,416
1688_jpg.rf.70dde292e0edfebd12873a11e2a68bab.jpg,640,640,Tomato leaf late blight,205,429,282,532
1688_jpg.rf.70dde292e0edfebd12873a11e2a68bab.jpg,640,640,Tomato leaf late blight,26,218,103,319
1688_jpg.rf.70dde292e0edfebd12873a11e2a68bab.jpg,640,640,Tomato leaf late blight,429,39,493,116
1688_jpg.rf.70dde292e0edfebd12873a11e2a68bab.jpg,640,640,Tomato leaf late blight,364,0,427,95
1688_jpg.rf.70dde292e0edfebd12873a11e2a68bab.jpg,640,640,Tomato leaf late blight,218,282,295,409
1688_jpg.rf.70dde292e0edfebd12873a11e2a68bab.jpg,640,640,Tomato leaf late blight,95,281,160,416
1688_jpg.rf.70dde292e0edfebd12873a11e2a68bab.jpg,640,640,Tomato leaf late blight,282,474,353,601
1688_jpg.rf.70dde292e0edfebd12873a11e2a68bab.jpg,640,640,Tomato leaf late blight,396,416,455,493
1688_jpg.rf.70dde292e0edfebd12873a11e2a68bab.jpg,640,640,Tomato leaf late blight,384,275,442,320
1688_jpg.rf.70dde292e0edfebd12873a11e2a68bab.jpg,640,640,Tomato leaf late blight,6,148,77,237
1688_jpg.rf.70dde292e0edfebd12873a11e2a68bab.jpg,640,640,Tomato leaf late blight,122,454,199,512
early-20blight-tom__jpg.rf.00229582796d244037ed7ea50196799c.jpg,640,640,Tomato Early blight leaf,313,355,542,578
early-20blight-tom__jpg.rf.00229582796d244037ed7ea50196799c.jpg,640,640,Tomato Early blight leaf,0,146,102,331
early-20blight-tom__jpg.rf.00229582796d244037ed7ea50196799c.jpg,640,640,Tomato Early blight leaf,475,156,623,367
early-20blight-tom__jpg.rf.00229582796d244037ed7ea50196799c.jpg,640,640,Tomato Early blight leaf,557,142,638,400
early-20blight-tom__jpg.rf.00229582796d244037ed7ea50196799c.jpg,640,640,Tomato Early blight leaf,512,45,615,145
bact-spot-fig-1_jpg.rf.4f57dd1104bb4e07c7936f5146b05885.jpg,640,640,Tomato leaf late blight,0,53,605,516
tomato-yellow-leaf-curl-virus-symptoms-on-tomato-leaves-on-plants-ACGAME_jpg.rf.8122e685c1ef0f165dcfe3561b59077d.jpg,640,640,Tomato leaf bacterial spot,429,268,522,403
tomato-yellow-leaf-curl-virus-symptoms-on-tomato-leaves-on-plants-ACGAME_jpg.rf.8122e685c1ef0f165dcfe3561b59077d.jpg,640,640,Tomato leaf bacterial spot,463,168,559,209
tomato-yellow-leaf-curl-virus-symptoms-on-tomato-leaves-on-plants-ACGAME_jpg.rf.8122e685c1ef0f165dcfe3561b59077d.jpg,640,640,Tomato leaf bacterial spot,36,326,176,512
tomato-yellow-leaf-curl-virus-symptoms-on-tomato-leaves-on-plants-ACGAME_jpg.rf.8122e685c1ef0f165dcfe3561b59077d.jpg,640,640,Tomato leaf bacterial spot,191,51,388,220
12July_mwnews_3-C_jpg.rf.91fe60c7455db0bf179b6fbe81d442a3.jpg,640,640,Tomato Early blight leaf,122,51,288,269
12July_mwnews_3-C_jpg.rf.91fe60c7455db0bf179b6fbe81d442a3.jpg,640,640,Tomato Early blight leaf,217,237,589,531
12July_mwnews_3-C_jpg.rf.91fe60c7455db0bf179b6fbe81d442a3.jpg,640,640,Tomato Early blight leaf,173,282,262,531
12July_mwnews_3-C_jpg.rf.91fe60c7455db0bf179b6fbe81d442a3.jpg,640,640,Tomato Early blight leaf,480,70,634,224
dsc_8140cs_jpg.rf.9b48f3f463e22809c459039c92ad25cc.jpg,640,640,Tomato leaf yellow virus,182,51,408,251
dsc_8140cs_jpg.rf.9b48f3f463e22809c459039c92ad25cc.jpg,640,640,Tomato leaf yellow virus,235,266,451,534
tomato_late-blight_03_zoom_jpg.rf.7bf2f50c078aa2c17d9be73c4202ba2b.jpg,640,640,Tomato leaf yellow virus,179,13,499,602
1234080-Early-Blight_jpg.rf.f05a7f4b9886bfc540cc19e8f3d5ae0f.jpg,640,640,Tomato Early blight leaf,151,72,575,551
11-40580_5_jpg.rf.44fd22fcb9fed0af18db518dc535ef85.jpg,640,640,Tomato leaf bacterial spot,173,13,270,179
11-40580_5_jpg.rf.44fd22fcb9fed0af18db518dc535ef85.jpg,640,640,Tomato leaf bacterial spot,12,116,166,365
11-40580_5_jpg.rf.44fd22fcb9fed0af18db518dc535ef85.jpg,640,640,Tomato leaf bacterial spot,179,448,236,589
11-40580_5_jpg.rf.44fd22fcb9fed0af18db518dc535ef85.jpg,640,640,Tomato leaf bacterial spot,467,365,576,583
11-40580_5_jpg.rf.44fd22fcb9fed0af18db518dc535ef85.jpg,640,640,Tomato leaf bacterial spot,403,237,512,397
11-40580_5_jpg.rf.44fd22fcb9fed0af18db518dc535ef85.jpg,640,640,Tomato leaf bacterial spot,116,218,205,327
11-40580_5_jpg.rf.44fd22fcb9fed0af18db518dc535ef85.jpg,640,640,Tomato leaf bacterial spot,211,397,320,545
11-40580_5_jpg.rf.44fd22fcb9fed0af18db518dc535ef85.jpg,640,640,Tomato leaf bacterial spot,218,243,327,371
11-40580_5_jpg.rf.44fd22fcb9fed0af18db518dc535ef85.jpg,640,640,Tomato leaf bacterial spot,295,205,396,417
bacterial-20leaf-20spot_jpg.rf.6bdc6af2410f77592add1a1d2002f22f.jpg,640,640,Tomato leaf late blight,448,331,605,565
bacterial-20leaf-20spot_jpg.rf.6bdc6af2410f77592add1a1d2002f22f.jpg,640,640,Tomato leaf late blight,16,292,292,639
bacterial-20leaf-20spot_jpg.rf.6bdc6af2410f77592add1a1d2002f22f.jpg,640,640,Tomato leaf late blight,182,249,470,640
bacterial-20leaf-20spot_jpg.rf.6bdc6af2410f77592add1a1d2002f22f.jpg,640,640,Tomato leaf late blight,280,0,551,358
bacterial-20leaf-20spot_jpg.rf.6bdc6af2410f77592add1a1d2002f22f.jpg,640,640,Tomato leaf late blight,20,39,243,366
Tomato_leaf_jpg.rf.90f92a4df302ead0b3d5a7f6507eb2bf.jpg,640,640,Tomato leaf late blight,11,10,632,636
leaf-2Binf-2B800-2B1_jpg.rf.ff17c964270c388421c2d696b02b15a3.jpg,640,640,Tomato leaf mosaic virus,322,146,633,375
leaf-2Binf-2B800-2B1_jpg.rf.ff17c964270c388421c2d696b02b15a3.jpg,640,640,Tomato leaf mosaic virus,1,100,164,512
140714-2811-29-JPG_jpg.rf.eaf720953aa6ff802d34e73619e87d56.jpg,640,640,Tomato leaf late blight,581,429,639,554
140714-2811-29-JPG_jpg.rf.eaf720953aa6ff802d34e73619e87d56.jpg,640,640,Tomato leaf late blight,431,343,567,568
140714-2811-29-JPG_jpg.rf.eaf720953aa6ff802d34e73619e87d56.jpg,640,640,Tomato leaf late blight,200,385,303,580
140714-2811-29-JPG_jpg.rf.eaf720953aa6ff802d34e73619e87d56.jpg,640,640,Tomato leaf late blight,320,414,398,501
140714-2811-29-JPG_jpg.rf.eaf720953aa6ff802d34e73619e87d56.jpg,640,640,Tomato leaf late blight,490,280,639,438
140714-2811-29-JPG_jpg.rf.eaf720953aa6ff802d34e73619e87d56.jpg,640,640,Tomato leaf late blight,256,311,375,437
140714-2811-29-JPG_jpg.rf.eaf720953aa6ff802d34e73619e87d56.jpg,640,640,Tomato leaf late blight,352,259,468,438
140714-2811-29-JPG_jpg.rf.eaf720953aa6ff802d34e73619e87d56.jpg,640,640,Tomato leaf late blight,369,146,516,380
140714-2811-29-JPG_jpg.rf.eaf720953aa6ff802d34e73619e87d56.jpg,640,640,Tomato leaf late blight,165,123,348,369
tomato_fulvia_jpg.rf.a88517d07b5dcdca05998e95f4705276.jpg,640,640,Tomato mold leaf,6,65,600,573
tomato_late-blight_03_zoom_jpg.rf.31211f48f69027f0806488a0bb4ac650.jpg,640,640,Tomato leaf yellow virus,180,16,500,605
tomato_late-blight_05_zoom_jpg.rf.9808f13c8f05a6d788275ba371e8135d.jpg,640,640,Tomato leaf mosaic virus,251,293,460,476
tomato_late-blight_05_zoom_jpg.rf.9808f13c8f05a6d788275ba371e8135d.jpg,640,640,Tomato leaf mosaic virus,261,440,548,638
tomato_late-blight_05_zoom_jpg.rf.9808f13c8f05a6d788275ba371e8135d.jpg,640,640,Tomato leaf mosaic virus,149,0,476,220
1234080-Early-Blight_jpg.rf.2d19f7a08c67bfcbc926aaeb6c5b8f39.jpg,640,640,Tomato Early blight leaf,13,37,542,605
tomato_virus_01_zoom_jpg.rf.5d704ba048afb2c52782d3c250b49b40.jpg,640,640,Tomato leaf,319,380,368,498
tomato_virus_01_zoom_jpg.rf.5d704ba048afb2c52782d3c250b49b40.jpg,640,640,Tomato leaf,213,202,262,360
tomato_virus_01_zoom_jpg.rf.5d704ba048afb2c52782d3c250b49b40.jpg,640,640,Tomato leaf,36,314,173,452
tomato_virus_01_zoom_jpg.rf.5d704ba048afb2c52782d3c250b49b40.jpg,640,640,Tomato leaf,281,109,397,326
tomato_virus_01_zoom_jpg.rf.5d704ba048afb2c52782d3c250b49b40.jpg,640,640,Tomato leaf,365,323,520,532
tomato_virus_01_zoom_jpg.rf.5d704ba048afb2c52782d3c250b49b40.jpg,640,640,Tomato leaf,419,272,566,426
tomato_virus_01_zoom_jpg.rf.5d704ba048afb2c52782d3c250b49b40.jpg,640,640,Tomato leaf,447,168,616,322
dummen-tmv_jpg.rf.6ba8598b1edf90fb12978cc00c60dc51.jpg,640,640,Tomato leaf,100,194,325,351
dummen-tmv_jpg.rf.6ba8598b1edf90fb12978cc00c60dc51.jpg,640,640,Tomato leaf,374,233,621,373
dummen-tmv_jpg.rf.6ba8598b1edf90fb12978cc00c60dc51.jpg,640,640,Tomato leaf,318,386,534,628
dummen-tmv_jpg.rf.6ba8598b1edf90fb12978cc00c60dc51.jpg,640,640,Tomato leaf,228,17,405,311
Bacterial-Leaf-Spot-2_jpg.rf.16132bad132814902ae904b759923fbd.jpg,640,640,Tomato leaf mosaic virus,19,51,519,486
tomato_q1hq-early-blight-5052_zoom_jpg.rf.5c971872154f8acda66956e50d2e87b0.jpg,640,640,Tomato Early blight leaf,10,23,605,640
early-20blight-tom__jpg.rf.1c08c48f79cd8791141935dfdfb1d22f.jpg,640,640,Tomato Early blight leaf,75,334,278,528
early-20blight-tom__jpg.rf.1c08c48f79cd8791141935dfdfb1d22f.jpg,640,640,Tomato Early blight leaf,566,228,640,405
early-20blight-tom__jpg.rf.1c08c48f79cd8791141935dfdfb1d22f.jpg,640,640,Tomato Early blight leaf,56,101,175,298
early-20blight-tom__jpg.rf.1c08c48f79cd8791141935dfdfb1d22f.jpg,640,640,Tomato Early blight leaf,1,64,87,315
early-20blight-tom__jpg.rf.1c08c48f79cd8791141935dfdfb1d22f.jpg,640,640,Tomato Early blight leaf,103,0,194,80
Early-blight-660x440_jpg.rf.801cf68f7ea1f55fc968945eecb3791a.jpg,640,640,Tomato Early blight leaf,262,45,461,436
Early-blight-660x440_jpg.rf.801cf68f7ea1f55fc968945eecb3791a.jpg,640,640,Tomato Early blight leaf,108,180,307,609
1688_jpg.rf.3d24b87959ca91f832be76b26e8432e4.jpg,640,640,Tomato leaf bacterial spot,0,157,75,251
1688_jpg.rf.3d24b87959ca91f832be76b26e8432e4.jpg,640,640,Tomato leaf bacterial spot,20,225,103,333
1688_jpg.rf.3d24b87959ca91f832be76b26e8432e4.jpg,640,640,Tomato leaf bacterial spot,383,269,440,313
1688_jpg.rf.3d24b87959ca91f832be76b26e8432e4.jpg,640,640,Tomato leaf bacterial spot,213,284,296,411
1688_jpg.rf.3d24b87959ca91f832be76b26e8432e4.jpg,640,640,Tomato leaf bacterial spot,92,288,163,427
1688_jpg.rf.3d24b87959ca91f832be76b26e8432e4.jpg,640,640,Tomato leaf bacterial spot,326,315,437,413
1688_jpg.rf.3d24b87959ca91f832be76b26e8432e4.jpg,640,640,Tomato leaf bacterial spot,435,340,524,483
1688_jpg.rf.3d24b87959ca91f832be76b26e8432e4.jpg,640,640,Tomato leaf bacterial spot,402,405,460,487
1688_jpg.rf.3d24b87959ca91f832be76b26e8432e4.jpg,640,640,Tomato leaf bacterial spot,210,431,293,538
1688_jpg.rf.3d24b87959ca91f832be76b26e8432e4.jpg,640,640,Tomato leaf bacterial spot,127,464,205,521
1688_jpg.rf.3d24b87959ca91f832be76b26e8432e4.jpg,640,640,Tomato leaf bacterial spot,323,450,400,558
1688_jpg.rf.3d24b87959ca91f832be76b26e8432e4.jpg,640,640,Tomato leaf bacterial spot,286,456,365,618
1688_jpg.rf.3d24b87959ca91f832be76b26e8432e4.jpg,640,640,Tomato leaf bacterial spot,413,30,481,113
tomato_leaf-mold_04_zoom_jpg.rf.5aff87f5e1b74bdde72cf37ed8c6129a.jpg,640,640,Tomato mold leaf,54,6,169,132
tomato_leaf-mold_04_zoom_jpg.rf.5aff87f5e1b74bdde72cf37ed8c6129a.jpg,640,640,Tomato mold leaf,522,83,613,166
tomato_leaf-mold_04_zoom_jpg.rf.5aff87f5e1b74bdde72cf37ed8c6129a.jpg,640,640,Tomato mold leaf,519,1,622,97
tomato_leaf-mold_04_zoom_jpg.rf.5aff87f5e1b74bdde72cf37ed8c6129a.jpg,640,640,Tomato mold leaf,393,134,516,246
stock-photo-tomato-plants-infected-by-the-late-blight-plant-pathogen-phytophthora-infestans-macro-539209615_jpg.rf.96f9fb39703b89bb8b60b4560c90dc42.jpg,640,640,Tomato leaf yellow virus,109,179,562,476
Pest2371_jpg.rf.b6867fa0f50b9acffd16bafb2e08c22f.jpg,640,640,Tomato leaf late blight,50,6,533,632
illustration-thematique-urbino-fig5_plante-20tylcv_jpg.rf.868e16b8807523e786669f83c91f3896.jpg,640,640,Tomato leaf bacterial spot,391,115,435,148
illustration-thematique-urbino-fig5_plante-20tylcv_jpg.rf.868e16b8807523e786669f83c91f3896.jpg,640,640,Tomato leaf bacterial spot,358,58,391,135
illustration-thematique-urbino-fig5_plante-20tylcv_jpg.rf.868e16b8807523e786669f83c91f3896.jpg,640,640,Tomato leaf bacterial spot,249,556,282,609
illustration-thematique-urbino-fig5_plante-20tylcv_jpg.rf.868e16b8807523e786669f83c91f3896.jpg,640,640,Tomato leaf bacterial spot,256,499,295,538
illustration-thematique-urbino-fig5_plante-20tylcv_jpg.rf.868e16b8807523e786669f83c91f3896.jpg,640,640,Tomato leaf bacterial spot,249,544,288,570
illustration-thematique-urbino-fig5_plante-20tylcv_jpg.rf.868e16b8807523e786669f83c91f3896.jpg,640,640,Tomato leaf bacterial spot,569,320,634,391
illustration-thematique-urbino-fig5_plante-20tylcv_jpg.rf.868e16b8807523e786669f83c91f3896.jpg,640,640,Tomato leaf bacterial spot,544,377,621,441
illustration-thematique-urbino-fig5_plante-20tylcv_jpg.rf.868e16b8807523e786669f83c91f3896.jpg,640,640,Tomato leaf bacterial spot,262,332,307,391
illustration-thematique-urbino-fig5_plante-20tylcv_jpg.rf.868e16b8807523e786669f83c91f3896.jpg,640,640,Tomato leaf bacterial spot,230,243,282,308
illustration-thematique-urbino-fig5_plante-20tylcv_jpg.rf.868e16b8807523e786669f83c91f3896.jpg,640,640,Tomato leaf bacterial spot,205,199,243,276
illustration-thematique-urbino-fig5_plante-20tylcv_jpg.rf.868e16b8807523e786669f83c91f3896.jpg,640,640,Tomato leaf bacterial spot,205,160,237,192
illustration-thematique-urbino-fig5_plante-20tylcv_jpg.rf.868e16b8807523e786669f83c91f3896.jpg,640,640,Tomato leaf bacterial spot,326,275,379,327
illustration-thematique-urbino-fig5_plante-20tylcv_jpg.rf.868e16b8807523e786669f83c91f3896.jpg,640,640,Tomato leaf bacterial spot,345,365,410,442
illustration-thematique-urbino-fig5_plante-20tylcv_jpg.rf.868e16b8807523e786669f83c91f3896.jpg,640,640,Tomato leaf bacterial spot,295,403,339,486
tomato_leaf-mold_03_zoom_jpg.rf.43e13243bd210d98dd5b161da1c365ba.jpg,640,640,Tomato mold leaf,6,70,634,608
Tomato_Septoria_Leaf_Spot_jpg.rf.4879d4b948c157c64b7b0592c1c48ea6.jpg,640,640,Tomato Septoria leaf spot,3,82,171,500
Tomato_Septoria_Leaf_Spot_jpg.rf.4879d4b948c157c64b7b0592c1c48ea6.jpg,640,640,Tomato Septoria leaf spot,254,114,581,634
RARZ4_jpg.rf.2fe17255ef2b29ed322a35aa1aee4677.jpg,640,640,Tomato Septoria leaf spot,327,199,448,304
RARZ4_jpg.rf.2fe17255ef2b29ed322a35aa1aee4677.jpg,640,640,Tomato Septoria leaf spot,7,160,271,409
RARZ4_jpg.rf.2fe17255ef2b29ed322a35aa1aee4677.jpg,640,640,Tomato Septoria leaf spot,391,262,617,405
RARZ4_jpg.rf.2fe17255ef2b29ed322a35aa1aee4677.jpg,640,640,Tomato Septoria leaf spot,392,413,555,519
tomato_q1hq-early-blight-5052_zoom_jpg.rf.dfcf99a06113c92986b6a79a4e17ae28.jpg,640,640,Tomato Early blight leaf,2,11,636,631
1342017-162221-44540_jpg.rf.46de7c00f5b3c848b20a5cf7785fe534.jpg,640,640,Tomato leaf bacterial spot,372,511,455,564
1342017-162221-44540_jpg.rf.46de7c00f5b3c848b20a5cf7785fe534.jpg,640,640,Tomato leaf bacterial spot,313,6,461,160
1342017-162221-44540_jpg.rf.46de7c00f5b3c848b20a5cf7785fe534.jpg,640,640,Tomato leaf bacterial spot,205,147,340,218
1342017-162221-44540_jpg.rf.46de7c00f5b3c848b20a5cf7785fe534.jpg,640,640,Tomato leaf bacterial spot,365,172,486,225
1342017-162221-44540_jpg.rf.46de7c00f5b3c848b20a5cf7785fe534.jpg,640,640,Tomato leaf bacterial spot,486,415,602,468
1342017-162221-44540_jpg.rf.46de7c00f5b3c848b20a5cf7785fe534.jpg,640,640,Tomato leaf bacterial spot,442,345,569,410
1342017-162221-44540_jpg.rf.46de7c00f5b3c848b20a5cf7785fe534.jpg,640,640,Tomato leaf bacterial spot,282,256,326,301
1342017-162221-44540_jpg.rf.46de7c00f5b3c848b20a5cf7785fe534.jpg,640,640,Tomato leaf bacterial spot,185,262,301,321
1342017-162221-44540_jpg.rf.46de7c00f5b3c848b20a5cf7785fe534.jpg,640,640,Tomato leaf bacterial spot,403,256,512,301
tomato_leaf-mold_03_zoom_jpg.rf.207ef15f98b1e7903eb2dca33274a5d8.jpg,640,640,Tomato mold leaf,3,94,640,574
tomato_late-blight_05_zoom_jpg.rf.0721dbd81f82b11e7716bc211e2cbce0.jpg,640,640,Tomato leaf yellow virus,160,441,545,634
tomato_late-blight_05_zoom_jpg.rf.0721dbd81f82b11e7716bc211e2cbce0.jpg,640,640,Tomato leaf yellow virus,147,262,455,493
tomato_late-blight_05_zoom_jpg.rf.0721dbd81f82b11e7716bc211e2cbce0.jpg,640,640,Tomato leaf yellow virus,139,0,518,198
early-blight-in-high-tunnel-tomatoes-19tm74h_jpg.rf.a4ada2edb0f48ce481f4c34dab0338e9.jpg,640,640,Tomato Early blight leaf,219,192,604,599
062518_Early_Blight_on_Tomatoes_jpg.rf.fb43d2de0c7f38af0d4c5fab132c7885.jpg,640,640,Tomato Early blight leaf,2,6,87,515
062518_Early_Blight_on_Tomatoes_jpg.rf.fb43d2de0c7f38af0d4c5fab132c7885.jpg,640,640,Tomato Early blight leaf,392,258,599,640
062518_Early_Blight_on_Tomatoes_jpg.rf.fb43d2de0c7f38af0d4c5fab132c7885.jpg,640,640,Tomato Early blight leaf,209,17,400,626
tomato_late-blight_03_zoom_jpg.rf.7af3d3b83a8e8b4c31ae954ee30bfc35.jpg,640,640,Tomato leaf mosaic virus,155,19,419,410
early-blight-or-target-spot-alternaria-solani-lesions-on-a-tomato-by9j8r_jpg.rf.928ceddb0a7ea2e84af67425f483235c.jpg,640,640,Tomato Early blight leaf,146,70,520,618
tomato_jpg.rf.e61e22cf30824bb1b74d165ccc028a33.jpg,640,640,Tomato mold leaf,345,103,505,208
tomato_jpg.rf.e61e22cf30824bb1b74d165ccc028a33.jpg,640,640,Tomato mold leaf,22,251,273,302
tomato_jpg.rf.e61e22cf30824bb1b74d165ccc028a33.jpg,640,640,Tomato mold leaf,174,351,288,389
tomato_jpg.rf.e61e22cf30824bb1b74d165ccc028a33.jpg,640,640,Tomato mold leaf,308,334,419,386
tomato_jpg.rf.e61e22cf30824bb1b74d165ccc028a33.jpg,640,640,Tomato mold leaf,368,268,628,329
tomato_late-blight_05_zoom_jpg.rf.421971beb56860786368d26b697b1c80.jpg,640,640,Tomato leaf yellow virus,160,440,546,635
tomato_late-blight_05_zoom_jpg.rf.421971beb56860786368d26b697b1c80.jpg,640,640,Tomato leaf yellow virus,148,260,455,492
tomato_late-blight_05_zoom_jpg.rf.421971beb56860786368d26b697b1c80.jpg,640,640,Tomato leaf yellow virus,139,1,516,197
tomato-leaf-isolated-white-34309524_jpg.rf.13b5d5cfdd90732f1ab4255a80d14069.jpg,640,640,Tomato leaf bacterial spot,127,48,339,237
tomato-leaf-isolated-white-34309524_jpg.rf.13b5d5cfdd90732f1ab4255a80d14069.jpg,640,640,Tomato leaf bacterial spot,298,167,456,315
tomato-leaf-isolated-white-34309524_jpg.rf.13b5d5cfdd90732f1ab4255a80d14069.jpg,640,640,Tomato leaf bacterial spot,116,277,252,372
tomato-leaf-isolated-white-34309524_jpg.rf.13b5d5cfdd90732f1ab4255a80d14069.jpg,640,640,Tomato leaf bacterial spot,271,317,427,392
tomato-leaf-isolated-white-34309524_jpg.rf.13b5d5cfdd90732f1ab4255a80d14069.jpg,640,640,Tomato leaf bacterial spot,25,288,169,428
tomato-leaf-isolated-white-34309524_jpg.rf.13b5d5cfdd90732f1ab4255a80d14069.jpg,640,640,Tomato leaf bacterial spot,311,379,560,473
tomato-leaf-isolated-white-34309524_jpg.rf.13b5d5cfdd90732f1ab4255a80d14069.jpg,640,640,Tomato leaf bacterial spot,248,510,450,608
1234080-Early-Blight_jpg.rf.f3426ead91631b0d7054dd9e421b513b.jpg,640,640,Tomato Early blight leaf,42,73,516,595
tomato-yellow-leaf-curl-disease-260nw-1072448252_jpg.rf.33f273cf3783bd9e4a4ea5521350c7b2.jpg,640,640,Tomato leaf bacterial spot,460,256,512,378
tomato-yellow-leaf-curl-disease-260nw-1072448252_jpg.rf.33f273cf3783bd9e4a4ea5521350c7b2.jpg,640,640,Tomato leaf bacterial spot,231,173,320,256
tomato-yellow-leaf-curl-disease-260nw-1072448252_jpg.rf.33f273cf3783bd9e4a4ea5521350c7b2.jpg,640,640,Tomato leaf bacterial spot,186,217,282,269
tomato-yellow-leaf-curl-disease-260nw-1072448252_jpg.rf.33f273cf3783bd9e4a4ea5521350c7b2.jpg,640,640,Tomato leaf bacterial spot,192,371,256,442
tomato-yellow-leaf-curl-disease-260nw-1072448252_jpg.rf.33f273cf3783bd9e4a4ea5521350c7b2.jpg,640,640,Tomato leaf bacterial spot,128,346,211,442
tomato-yellow-leaf-curl-disease-260nw-1072448252_jpg.rf.33f273cf3783bd9e4a4ea5521350c7b2.jpg,640,640,Tomato leaf bacterial spot,224,275,321,377
tomato_leaf-mold_02_zoom_jpg.rf.5a8e4ba675ea61288f47bac5b26e7614.jpg,640,640,Tomato mold leaf,531,123,615,335
tomato_leaf-mold_02_zoom_jpg.rf.5a8e4ba675ea61288f47bac5b26e7614.jpg,640,640,Tomato mold leaf,151,108,548,543
tomato_late-blight_04_zoom_jpg.rf.96652240c5969d08835903c7c9e98590.jpg,640,640,Tomato leaf mosaic virus,238,36,482,312
tomato_late-blight_04_zoom_jpg.rf.96652240c5969d08835903c7c9e98590.jpg,640,640,Tomato leaf mosaic virus,32,106,166,246
tomato_late-blight_04_zoom_jpg.rf.96652240c5969d08835903c7c9e98590.jpg,640,640,Tomato leaf mosaic virus,396,152,579,403
tomato_late-blight_04_zoom_jpg.rf.96652240c5969d08835903c7c9e98590.jpg,640,640,Tomato leaf mosaic virus,52,181,220,344
tomato_late-blight_04_zoom_jpg.rf.96652240c5969d08835903c7c9e98590.jpg,640,640,Tomato leaf mosaic virus,201,228,395,504
tomato_late-blight_04_zoom_jpg.rf.96652240c5969d08835903c7c9e98590.jpg,640,640,Tomato leaf mosaic virus,417,325,637,543
tomato_late-blight_04_zoom_jpg.rf.96652240c5969d08835903c7c9e98590.jpg,640,640,Tomato leaf mosaic virus,42,288,248,508
tomato_late-blight_04_zoom_jpg.rf.96652240c5969d08835903c7c9e98590.jpg,640,640,Tomato leaf mosaic virus,134,340,388,638
tomato_late-blight_04_zoom_jpg.rf.96652240c5969d08835903c7c9e98590.jpg,640,640,Tomato leaf mosaic virus,329,429,593,640
pp1244-05-jpeg_jpg.rf.56ad755e7879b5113e247ed2de16141f.jpg,640,640,Tomato Septoria leaf spot,6,5,637,638
tomato_virus_04_zoom_jpg.rf.3b0008de23fde60413116c9599e0cb96.jpg,640,640,Tomato leaf yellow virus,394,0,588,274
tomato_virus_04_zoom_jpg.rf.3b0008de23fde60413116c9599e0cb96.jpg,640,640,Tomato leaf yellow virus,60,207,374,415
tomato_virus_04_zoom_jpg.rf.3b0008de23fde60413116c9599e0cb96.jpg,640,640,Tomato leaf yellow virus,392,295,506,401
tomato_virus_04_zoom_jpg.rf.3b0008de23fde60413116c9599e0cb96.jpg,640,640,Tomato leaf yellow virus,159,441,333,587
tomato_late-blight_01_zoom_jpg.rf.1da122b12a338ece8898e8bc2ef004ff.jpg,640,640,Tomato leaf yellow virus,365,363,536,639
tomato_late-blight_01_zoom_jpg.rf.1da122b12a338ece8898e8bc2ef004ff.jpg,640,640,Tomato leaf yellow virus,0,296,172,629
tomato_late-blight_01_zoom_jpg.rf.1da122b12a338ece8898e8bc2ef004ff.jpg,640,640,Tomato leaf yellow virus,450,5,639,194
tomato_late-blight_01_zoom_jpg.rf.1da122b12a338ece8898e8bc2ef004ff.jpg,640,640,Tomato leaf yellow virus,468,128,639,445
tomato_late-blight_01_zoom_jpg.rf.1da122b12a338ece8898e8bc2ef004ff.jpg,640,640,Tomato leaf yellow virus,179,12,390,260
tomato_late-blight_01_zoom_jpg.rf.1da122b12a338ece8898e8bc2ef004ff.jpg,640,640,Tomato leaf yellow virus,132,171,457,540
bacterial-speck-tomato1x2400-275mmny_jpg.rf.d3ef0a05c78f3406da7bc30f3b79c6e7.jpg,640,640,Tomato leaf late blight,449,2,573,199
bacterial-speck-tomato1x2400-275mmny_jpg.rf.d3ef0a05c78f3406da7bc30f3b79c6e7.jpg,640,640,Tomato leaf late blight,0,1,295,392
bacterial-speck-tomato1x2400-275mmny_jpg.rf.d3ef0a05c78f3406da7bc30f3b79c6e7.jpg,640,640,Tomato leaf late blight,210,183,628,605
126689-004-D622CD2F_jpg.rf.923313460f6e2da173d19e93e10ff4d3.jpg,640,640,Tomato Early blight leaf,0,12,634,634
E-29Tomato-late-blight-foliar_jpg.rf.4bc30eba779cad5c1a1f80f9cd8d0574.jpg,640,640,Tomato leaf mosaic virus,241,0,536,251
E-29Tomato-late-blight-foliar_jpg.rf.4bc30eba779cad5c1a1f80f9cd8d0574.jpg,640,640,Tomato leaf mosaic virus,1,121,161,639
E-29Tomato-late-blight-foliar_jpg.rf.4bc30eba779cad5c1a1f80f9cd8d0574.jpg,640,640,Tomato leaf mosaic virus,158,256,469,639
Bacterial-speck-tomato-leaves_jpg.rf.18db19ba057c77e52e214075a29de3a2.jpg,640,640,Tomato leaf mosaic virus,32,13,620,538
PHOTO_1333642732277_jpg.rf.ba8225d6a0e26a556da287ec41eccd1d.jpg,640,640,Tomato leaf late blight,427,26,588,243
PHOTO_1333642732277_jpg.rf.ba8225d6a0e26a556da287ec41eccd1d.jpg,640,640,Tomato leaf late blight,484,191,611,362
PHOTO_1333642732277_jpg.rf.ba8225d6a0e26a556da287ec41eccd1d.jpg,640,640,Tomato leaf late blight,231,211,346,465
PHOTO_1333642732277_jpg.rf.ba8225d6a0e26a556da287ec41eccd1d.jpg,640,640,Tomato leaf late blight,335,311,419,457
PHOTO_1333642732277_jpg.rf.ba8225d6a0e26a556da287ec41eccd1d.jpg,640,640,Tomato leaf late blight,231,446,328,580
PHOTO_1333642732277_jpg.rf.ba8225d6a0e26a556da287ec41eccd1d.jpg,640,640,Tomato leaf late blight,314,6,405,100
PHOTO_1333642732277_jpg.rf.ba8225d6a0e26a556da287ec41eccd1d.jpg,640,640,Tomato leaf late blight,165,23,260,169
1686_jpg.rf.1f816e047da9435478209c4c943da9b1.jpg,640,640,Tomato leaf late blight,326,436,371,519
1686_jpg.rf.1f816e047da9435478209c4c943da9b1.jpg,640,640,Tomato leaf late blight,378,307,422,351
1686_jpg.rf.1f816e047da9435478209c4c943da9b1.jpg,640,640,Tomato leaf late blight,269,237,340,269
1686_jpg.rf.1f816e047da9435478209c4c943da9b1.jpg,640,640,Tomato leaf late blight,89,403,160,468
1686_jpg.rf.1f816e047da9435478209c4c943da9b1.jpg,640,640,Tomato leaf late blight,160,391,205,435
1686_jpg.rf.1f816e047da9435478209c4c943da9b1.jpg,640,640,Tomato leaf late blight,454,365,506,417
1686_jpg.rf.1f816e047da9435478209c4c943da9b1.jpg,640,640,Tomato leaf late blight,371,262,429,307
tomato_late-blight_05_zoom_jpg.rf.cea77622715d94897c60133c3941d53c.jpg,640,640,Tomato leaf mosaic virus,222,306,425,480
tomato_late-blight_05_zoom_jpg.rf.cea77622715d94897c60133c3941d53c.jpg,640,640,Tomato leaf mosaic virus,156,463,439,640
tomato_late-blight_05_zoom_jpg.rf.cea77622715d94897c60133c3941d53c.jpg,640,640,Tomato leaf mosaic virus,255,0,573,231
Bacterial_spots563_jpg.rf.c9126bdf33b9f1825fd89a3ff4b75471.jpg,640,640,Tomato leaf mosaic virus,123,29,639,589
web1_copy_tomato-septoria-leaf-spot4_jpg.rf.6e7e9870620828dffad4c3f4ba313d28.jpg,640,640,Tomato Septoria leaf spot,58,79,613,626
early-blight-in-tomatoes_jpg.rf.48ea6fc850dab6879c11798860d0b593.jpg,640,640,Tomato Early blight leaf,45,6,614,563
15481477375_jpg.rf.7345beb642904c13f0f1f0374d4c53d0.jpg,640,640,Tomato leaf late blight,224,160,544,391
15481477375_jpg.rf.7345beb642904c13f0f1f0374d4c53d0.jpg,640,640,Tomato leaf late blight,147,314,390,557
15481477375_jpg.rf.7345beb642904c13f0f1f0374d4c53d0.jpg,640,640,Tomato leaf late blight,26,6,192,269
1684_jpg.rf.807b4acac77c2c3c8509922c91ca07cb.jpg,640,640,Tomato leaf bacterial spot,193,349,476,640
1684_jpg.rf.807b4acac77c2c3c8509922c91ca07cb.jpg,640,640,Tomato leaf bacterial spot,349,172,640,486
1684_jpg.rf.807b4acac77c2c3c8509922c91ca07cb.jpg,640,640,Tomato leaf bacterial spot,15,203,367,445
1684_jpg.rf.807b4acac77c2c3c8509922c91ca07cb.jpg,640,640,Tomato leaf bacterial spot,0,33,308,236
1684_jpg.rf.807b4acac77c2c3c8509922c91ca07cb.jpg,640,640,Tomato leaf bacterial spot,302,1,589,161
early-blight-in-high-tunnel-tomatoes-19tm74h_jpg.rf.0d968716efcd0b52cee16fd42a1b792d.jpg,640,640,Tomato Early blight leaf,300,32,634,256
126689-004-D622CD2F_jpg.rf.87112fd2f9e2b4cce734260dbffea322.jpg,640,640,Tomato Early blight leaf,0,0,638,638
Septoria_Leaf_Spot_of_Tomato186_jpg.rf.19334050c2d01bfe0b63b456bbdfb348.jpg,640,640,Tomato Septoria leaf spot,145,130,577,590
Fig-2015_opta_jpg.rf.3297c1b142e215990fa8179b9c9b239e.jpg,640,640,Tomato mold leaf,218,51,342,158
Fig-2015_opta_jpg.rf.3297c1b142e215990fa8179b9c9b239e.jpg,640,640,Tomato mold leaf,380,122,546,230
Fig-2015_opta_jpg.rf.3297c1b142e215990fa8179b9c9b239e.jpg,640,640,Tomato mold leaf,314,229,385,276
Fig-2015_opta_jpg.rf.3297c1b142e215990fa8179b9c9b239e.jpg,640,640,Tomato mold leaf,51,87,317,464
Fig-2015_opta_jpg.rf.3297c1b142e215990fa8179b9c9b239e.jpg,640,640,Tomato mold leaf,414,235,481,283
Fig-2015_opta_jpg.rf.3297c1b142e215990fa8179b9c9b239e.jpg,640,640,Tomato mold leaf,34,10,188,85
Fig-2015_opta_jpg.rf.3297c1b142e215990fa8179b9c9b239e.jpg,640,640,Tomato mold leaf,198,351,305,448
Fig-2015_opta_jpg.rf.3297c1b142e215990fa8179b9c9b239e.jpg,640,640,Tomato mold leaf,334,282,578,580
Fig-2015_opta_jpg.rf.3297c1b142e215990fa8179b9c9b239e.jpg,640,640,Tomato mold leaf,379,36,456,130
tomato-late-blight-phytophthora-infestans-lesions-on-greenhouse-grown-ATA11J_jpg.rf.55176c8ea847b69390a8ef994131b1b1.jpg,640,640,Tomato leaf yellow virus,274,35,575,211
tomato-late-blight-phytophthora-infestans-lesions-on-greenhouse-grown-ATA11J_jpg.rf.55176c8ea847b69390a8ef994131b1b1.jpg,640,640,Tomato leaf yellow virus,308,389,534,588
tomato-late-blight-phytophthora-infestans-lesions-on-greenhouse-grown-ATA11J_jpg.rf.55176c8ea847b69390a8ef994131b1b1.jpg,640,640,Tomato leaf yellow virus,43,325,280,543
tomato-late-blight-phytophthora-infestans-lesions-on-greenhouse-grown-ATA11J_jpg.rf.55176c8ea847b69390a8ef994131b1b1.jpg,640,640,Tomato leaf yellow virus,354,251,634,402
tomato_leaf-mold_01_zoom_jpg.rf.2992b57bee3ceae399077594654f56e5.jpg,640,640,Tomato leaf mosaic virus,379,53,630,213
tomato_leaf-mold_01_zoom_jpg.rf.2992b57bee3ceae399077594654f56e5.jpg,640,640,Tomato leaf mosaic virus,183,0,395,322
tomato_leaf-mold_01_zoom_jpg.rf.2992b57bee3ceae399077594654f56e5.jpg,640,640,Tomato mold leaf,476,191,576,320
tomato_leaf-mold_01_zoom_jpg.rf.2992b57bee3ceae399077594654f56e5.jpg,640,640,Tomato leaf mosaic virus,409,224,480,327
tomato_leaf-mold_01_zoom_jpg.rf.2992b57bee3ceae399077594654f56e5.jpg,640,640,Tomato mold leaf,1,166,244,379
tomato_leaf-mold_01_zoom_jpg.rf.2992b57bee3ceae399077594654f56e5.jpg,640,640,Tomato mold leaf,541,323,639,412
tomato_leaf-mold_01_zoom_jpg.rf.2992b57bee3ceae399077594654f56e5.jpg,640,640,Tomato mold leaf,296,344,369,447
tomato_leaf-mold_01_zoom_jpg.rf.2992b57bee3ceae399077594654f56e5.jpg,640,640,Tomato mold leaf,333,393,401,453
tomato_leaf-mold_01_zoom_jpg.rf.2992b57bee3ceae399077594654f56e5.jpg,640,640,Tomato mold leaf,74,332,292,594
12July_mwnews_3-C_jpg.rf.86a9c70ea18ba8397e98733f9ec11592.jpg,640,640,Tomato Early blight leaf,120,53,288,273
12July_mwnews_3-C_jpg.rf.86a9c70ea18ba8397e98733f9ec11592.jpg,640,640,Tomato Early blight leaf,219,240,586,529
12July_mwnews_3-C_jpg.rf.86a9c70ea18ba8397e98733f9ec11592.jpg,640,640,Tomato Early blight leaf,173,283,262,529
12July_mwnews_3-C_jpg.rf.86a9c70ea18ba8397e98733f9ec11592.jpg,640,640,Tomato Early blight leaf,479,68,639,222
1686_jpg.rf.6dee9cc35ba4297540e566a90620a476.jpg,640,640,Tomato leaf late blight,323,439,372,519
1686_jpg.rf.6dee9cc35ba4297540e566a90620a476.jpg,640,640,Tomato leaf late blight,379,309,422,349
1686_jpg.rf.6dee9cc35ba4297540e566a90620a476.jpg,640,640,Tomato leaf late blight,268,237,339,271
1686_jpg.rf.6dee9cc35ba4297540e566a90620a476.jpg,640,640,Tomato leaf late blight,91,406,157,465
1686_jpg.rf.6dee9cc35ba4297540e566a90620a476.jpg,640,640,Tomato leaf late blight,159,388,205,439
1686_jpg.rf.6dee9cc35ba4297540e566a90620a476.jpg,640,640,Tomato leaf late blight,457,368,506,414
1686_jpg.rf.6dee9cc35ba4297540e566a90620a476.jpg,640,640,Tomato leaf late blight,372,265,431,308
tomato_leaf-mold_02_zoom_jpg.rf.a500c233a53de710285f4587ce4f0a9e.jpg,640,640,Tomato mold leaf,532,121,615,333
tomato_leaf-mold_02_zoom_jpg.rf.a500c233a53de710285f4587ce4f0a9e.jpg,640,640,Tomato mold leaf,147,108,550,544
bacterial-canker3x2400-2ia1kgd_jpg.rf.1522460e38bf5790b528852513f0806e.jpg,640,640,Tomato leaf mosaic virus,27,18,618,639
1688_jpg.rf.4f370cad107cac71677b57a37cb2f370.jpg,640,640,Tomato leaf late blight,434,353,517,490
1688_jpg.rf.4f370cad107cac71677b57a37cb2f370.jpg,640,640,Tomato leaf late blight,317,456,388,559
1688_jpg.rf.4f370cad107cac71677b57a37cb2f370.jpg,640,640,Tomato leaf late blight,326,322,432,416
1688_jpg.rf.4f370cad107cac71677b57a37cb2f370.jpg,640,640,Tomato leaf late blight,205,431,283,534
1688_jpg.rf.4f370cad107cac71677b57a37cb2f370.jpg,640,640,Tomato leaf late blight,26,216,103,319
1688_jpg.rf.4f370cad107cac71677b57a37cb2f370.jpg,640,640,Tomato leaf late blight,430,39,493,119
1688_jpg.rf.4f370cad107cac71677b57a37cb2f370.jpg,640,640,Tomato leaf late blight,368,2,426,96
1688_jpg.rf.4f370cad107cac71677b57a37cb2f370.jpg,640,640,Tomato leaf late blight,215,285,291,406
1688_jpg.rf.4f370cad107cac71677b57a37cb2f370.jpg,640,640,Tomato leaf late blight,94,282,158,416
1688_jpg.rf.4f370cad107cac71677b57a37cb2f370.jpg,640,640,Tomato leaf late blight,280,472,351,603
1688_jpg.rf.4f370cad107cac71677b57a37cb2f370.jpg,640,640,Tomato leaf late blight,397,414,452,492
1688_jpg.rf.4f370cad107cac71677b57a37cb2f370.jpg,640,640,Tomato leaf late blight,385,275,440,317
1688_jpg.rf.4f370cad107cac71677b57a37cb2f370.jpg,640,640,Tomato leaf late blight,3,146,79,234
1688_jpg.rf.4f370cad107cac71677b57a37cb2f370.jpg,640,640,Tomato leaf late blight,120,457,195,511
17371378-tomato-leaf_jpg.rf.5a02e107b60a984649505b4cb462efed.jpg,640,640,Tomato leaf bacterial spot,176,19,487,639
tomato_leaf-mold_01_zoom_jpg.rf.e407270e17f3350ae0e513be84133300.jpg,640,640,Tomato mold leaf,357,45,591,169
tomato_leaf-mold_01_zoom_jpg.rf.e407270e17f3350ae0e513be84133300.jpg,640,640,Tomato mold leaf,409,209,465,305
tomato_leaf-mold_01_zoom_jpg.rf.e407270e17f3350ae0e513be84133300.jpg,640,640,Tomato mold leaf,553,288,639,363
tomato_leaf-mold_01_zoom_jpg.rf.e407270e17f3350ae0e513be84133300.jpg,640,640,Tomato mold leaf,8,214,226,394
tomato_leaf-mold_01_zoom_jpg.rf.e407270e17f3350ae0e513be84133300.jpg,640,640,Tomato mold leaf,115,366,300,602
tomato_leaf-mold_01_zoom_jpg.rf.e407270e17f3350ae0e513be84133300.jpg,640,640,Tomato mold leaf,352,389,414,440
tomato_leaf-mold_01_zoom_jpg.rf.e407270e17f3350ae0e513be84133300.jpg,640,640,Tomato mold leaf,315,346,374,442
tomato_leaf-mold_01_zoom_jpg.rf.e407270e17f3350ae0e513be84133300.jpg,640,640,Tomato mold leaf,473,166,556,283
tomato_leaf-mold_01_zoom_jpg.rf.e407270e17f3350ae0e513be84133300.jpg,640,640,Tomato mold leaf,182,5,346,317
tdisease6_jpg.rf.3ac6411e620b907540ced5ad6e0213bc.jpg,640,640,Tomato mold leaf,250,39,556,216
tdisease6_jpg.rf.3ac6411e620b907540ced5ad6e0213bc.jpg,640,640,Tomato mold leaf,38,126,320,320
tdisease6_jpg.rf.3ac6411e620b907540ced5ad6e0213bc.jpg,640,640,Tomato mold leaf,86,368,266,517
tdisease6_jpg.rf.3ac6411e620b907540ced5ad6e0213bc.jpg,640,640,Tomato mold leaf,285,413,388,596
18c_jpg.rf.d1ae387356f93650cbf6ea561c23f7b3.jpg,640,640,Tomato leaf mosaic virus,26,0,640,486
bacterial-canker4x640-1nz1vm7_jpg.rf.7a2bb065f7d969dfc70ba09876ad24cd.jpg,640,640,Tomato leaf mosaic virus,148,108,377,509
web1_copy_tomato-septoria-leaf-spot4_jpg.rf.075411fbbf68e44b10021cdc26b01915.jpg,640,640,Tomato Septoria leaf spot,58,80,614,626
tomato_leaf-mold_01_zoom_jpg.rf.4c92c8546203d1de42e217e2b42b32f1.jpg,640,640,Tomato mold leaf,359,45,590,172
tomato_leaf-mold_01_zoom_jpg.rf.4c92c8546203d1de42e217e2b42b32f1.jpg,640,640,Tomato mold leaf,409,211,468,308
tomato_leaf-mold_01_zoom_jpg.rf.4c92c8546203d1de42e217e2b42b32f1.jpg,640,640,Tomato mold leaf,551,288,634,371
tomato_leaf-mold_01_zoom_jpg.rf.4c92c8546203d1de42e217e2b42b32f1.jpg,640,640,Tomato mold leaf,6,211,225,391
tomato_leaf-mold_01_zoom_jpg.rf.4c92c8546203d1de42e217e2b42b32f1.jpg,640,640,Tomato mold leaf,115,365,301,602
tomato_leaf-mold_01_zoom_jpg.rf.4c92c8546203d1de42e217e2b42b32f1.jpg,640,640,Tomato mold leaf,352,390,416,442
tomato_leaf-mold_01_zoom_jpg.rf.4c92c8546203d1de42e217e2b42b32f1.jpg,640,640,Tomato mold leaf,313,346,372,442
tomato_leaf-mold_01_zoom_jpg.rf.4c92c8546203d1de42e217e2b42b32f1.jpg,640,640,Tomato mold leaf,474,166,557,282
tomato_leaf-mold_01_zoom_jpg.rf.4c92c8546203d1de42e217e2b42b32f1.jpg,640,640,Tomato mold leaf,180,6,346,314
1688_jpg.rf.46b71e91ae3bf6526e6f050677991dc3.jpg,640,640,Tomato leaf bacterial spot,18,438,105,537
1688_jpg.rf.46b71e91ae3bf6526e6f050677991dc3.jpg,640,640,Tomato leaf bacterial spot,28,352,120,466
1688_jpg.rf.46b71e91ae3bf6526e6f050677991dc3.jpg,640,640,Tomato leaf bacterial spot,385,307,445,356
1688_jpg.rf.46b71e91ae3bf6526e6f050677991dc3.jpg,640,640,Tomato leaf bacterial spot,203,238,295,371
1688_jpg.rf.46b71e91ae3bf6526e6f050677991dc3.jpg,640,640,Tomato leaf bacterial spot,83,249,165,392
1688_jpg.rf.46b71e91ae3bf6526e6f050677991dc3.jpg,640,640,Tomato leaf bacterial spot,312,212,431,319
1688_jpg.rf.46b71e91ae3bf6526e6f050677991dc3.jpg,640,640,Tomato leaf bacterial spot,409,126,509,274
1688_jpg.rf.46b71e91ae3bf6526e6f050677991dc3.jpg,640,640,Tomato leaf bacterial spot,372,133,437,218
1688_jpg.rf.46b71e91ae3bf6526e6f050677991dc3.jpg,640,640,Tomato leaf bacterial spot,175,115,268,229
1688_jpg.rf.46b71e91ae3bf6526e6f050677991dc3.jpg,640,640,Tomato leaf bacterial spot,95,150,178,213
1688_jpg.rf.46b71e91ae3bf6526e6f050677991dc3.jpg,640,640,Tomato leaf bacterial spot,284,75,368,188
1688_jpg.rf.46b71e91ae3bf6526e6f050677991dc3.jpg,640,640,Tomato leaf bacterial spot,238,23,330,189
1688_jpg.rf.46b71e91ae3bf6526e6f050677991dc3.jpg,640,640,Tomato leaf bacterial spot,455,497,530,585
tomato-late-blight-phytophthora-infestans-lesions-and-damage-on-tomato-bh3w9j_jpg.rf.99a0474ff014a11e5cb87e6a4c2c68c2.jpg,640,640,Tomato leaf mosaic virus,139,109,582,389
tomato-late-blight-phytophthora-infestans-lesions-and-damage-on-tomato-bh3w9j_jpg.rf.99a0474ff014a11e5cb87e6a4c2c68c2.jpg,640,640,Tomato leaf mosaic virus,114,340,578,615
tomato_virus_06_zoom_jpg.rf.b2bd94ed184397b0226b9760e5d148a1.jpg,640,640,Tomato leaf,0,254,242,403
tomato_virus_06_zoom_jpg.rf.b2bd94ed184397b0226b9760e5d148a1.jpg,640,640,Tomato leaf,277,48,363,255
tomato_virus_06_zoom_jpg.rf.b2bd94ed184397b0226b9760e5d148a1.jpg,640,640,Tomato leaf,479,276,610,507
tomato_virus_06_zoom_jpg.rf.b2bd94ed184397b0226b9760e5d148a1.jpg,640,640,Tomato leaf,308,299,455,605
TYLCV4_jpg.rf.744bd6ba0116003ecac8e24576c661ec.jpg,640,640,Tomato leaf bacterial spot,275,224,377,390
TYLCV4_jpg.rf.744bd6ba0116003ecac8e24576c661ec.jpg,640,640,Tomato leaf bacterial spot,320,154,448,231
TYLCV4_jpg.rf.744bd6ba0116003ecac8e24576c661ec.jpg,640,640,Tomato leaf bacterial spot,480,147,595,224
TYLCV4_jpg.rf.744bd6ba0116003ecac8e24576c661ec.jpg,640,640,Tomato leaf bacterial spot,397,243,474,391
tomato_leaf-mold_02_zoom_jpg.rf.b548c10dd1a22744230adc728aa300da.jpg,640,640,Tomato mold leaf,25,313,117,530
tomato_leaf-mold_02_zoom_jpg.rf.b548c10dd1a22744230adc728aa300da.jpg,640,640,Tomato mold leaf,86,92,500,541
stock-photo-tomato-leaves-close-up-macro-shot-isolated-on-white-background-78796204_jpg.rf.5dbc97fd40e640aff390a4a456dfeac0.jpg,640,640,Tomato leaf late blight,332,194,583,425
stock-photo-tomato-leaves-close-up-macro-shot-isolated-on-white-background-78796204_jpg.rf.5dbc97fd40e640aff390a4a456dfeac0.jpg,640,640,Tomato leaf late blight,281,17,517,294
stock-photo-tomato-leaves-close-up-macro-shot-isolated-on-white-background-78796204_jpg.rf.5dbc97fd40e640aff390a4a456dfeac0.jpg,640,640,Tomato leaf late blight,28,223,299,492
stock-photo-tomato-leaves-close-up-macro-shot-isolated-on-white-background-78796204_jpg.rf.5dbc97fd40e640aff390a4a456dfeac0.jpg,640,640,Tomato leaf late blight,12,71,266,192
stock-photo-tomato-leaves-close-up-macro-shot-isolated-on-white-background-78796204_jpg.rf.5dbc97fd40e640aff390a4a456dfeac0.jpg,640,640,Tomato leaf late blight,237,369,581,608
bact-spot-leaf-big_jpg.rf.0ed30ad25733d4b440aa443c0a60cfe4.jpg,640,640,Tomato leaf mosaic virus,6,86,639,632
tylcv1-_jpg.rf.b477ba46a9e8c9f98ee257fde506ff61.jpg,640,640,Tomato leaf,63,446,123,537
tylcv1-_jpg.rf.b477ba46a9e8c9f98ee257fde506ff61.jpg,640,640,Tomato leaf,218,472,281,520
tylcv1-_jpg.rf.b477ba46a9e8c9f98ee257fde506ff61.jpg,640,640,Tomato leaf,406,493,466,556
tylcv1-_jpg.rf.b477ba46a9e8c9f98ee257fde506ff61.jpg,640,640,Tomato leaf,133,424,190,505
tylcv1-_jpg.rf.b477ba46a9e8c9f98ee257fde506ff61.jpg,640,640,Tomato leaf,37,375,97,486
tylcv1-_jpg.rf.b477ba46a9e8c9f98ee257fde506ff61.jpg,640,640,Tomato leaf,454,422,498,467
tylcv1-_jpg.rf.b477ba46a9e8c9f98ee257fde506ff61.jpg,640,640,Tomato leaf,33,300,87,383
tylcv1-_jpg.rf.b477ba46a9e8c9f98ee257fde506ff61.jpg,640,640,Tomato leaf,464,356,527,442
tylcv1-_jpg.rf.b477ba46a9e8c9f98ee257fde506ff61.jpg,640,640,Tomato leaf,304,320,398,406
tylcv1-_jpg.rf.b477ba46a9e8c9f98ee257fde506ff61.jpg,640,640,Tomato leaf,278,290,342,362
tylcv1-_jpg.rf.b477ba46a9e8c9f98ee257fde506ff61.jpg,640,640,Tomato leaf,223,246,312,331
tylcv1-_jpg.rf.b477ba46a9e8c9f98ee257fde506ff61.jpg,640,640,Tomato leaf,479,242,536,311
tylcv1-_jpg.rf.b477ba46a9e8c9f98ee257fde506ff61.jpg,640,640,Tomato leaf,335,207,386,259
tylcv1-_jpg.rf.b477ba46a9e8c9f98ee257fde506ff61.jpg,640,640,Tomato leaf,298,173,353,261
tylcv1-_jpg.rf.b477ba46a9e8c9f98ee257fde506ff61.jpg,640,640,Tomato leaf,137,97,206,208
tylcv1-_jpg.rf.b477ba46a9e8c9f98ee257fde506ff61.jpg,640,640,Tomato leaf,309,132,389,223
tylcv1-_jpg.rf.b477ba46a9e8c9f98ee257fde506ff61.jpg,640,640,Tomato leaf,277,563,332,620
tylcv1-_jpg.rf.b477ba46a9e8c9f98ee257fde506ff61.jpg,640,640,Tomato leaf,148,36,282,139
tylcv1-_jpg.rf.b477ba46a9e8c9f98ee257fde506ff61.jpg,640,640,Tomato leaf,541,43,635,166
tylcv1-_jpg.rf.b477ba46a9e8c9f98ee257fde506ff61.jpg,640,640,Tomato leaf,132,0,212,82
tylcv1-_jpg.rf.b477ba46a9e8c9f98ee257fde506ff61.jpg,640,640,Tomato leaf,396,31,470,108
tylcv1-_jpg.rf.b477ba46a9e8c9f98ee257fde506ff61.jpg,640,640,Tomato leaf,110,514,164,588
tylcv1-_jpg.rf.b477ba46a9e8c9f98ee257fde506ff61.jpg,640,640,Tomato leaf,246,532,283,580
symptoms_of_late_blight-jpg2__0_jpg.rf.c85a4d01ff26290f944883bf1ec0153b.jpg,640,640,Tomato leaf mosaic virus,110,163,533,463
tomato-late-blight-phytophthora-infestans-necrosis-sporulation-on-a-tomato-leaf-underside-X5YDDP_jpg.rf.f82a80933c24ab50b34f57c2cc90fe29.jpg,640,640,Tomato leaf mosaic virus,378,98,639,255
tomato-late-blight-phytophthora-infestans-necrosis-sporulation-on-a-tomato-leaf-underside-X5YDDP_jpg.rf.f82a80933c24ab50b34f57c2cc90fe29.jpg,640,640,Tomato leaf mosaic virus,92,198,283,341
tomato-late-blight-phytophthora-infestans-necrosis-sporulation-on-a-tomato-leaf-underside-X5YDDP_jpg.rf.f82a80933c24ab50b34f57c2cc90fe29.jpg,640,640,Tomato leaf mosaic virus,310,302,539,561
early-blight-of-tomato-tomato-1_jpg.rf.b51d5aa6e4b9af78c3ee488204b50353.jpg,640,640,Tomato Early blight leaf,0,239,471,553
bac-spot_jpg.rf.7e4995000591da10ab716f541d6bb1f6.jpg,640,640,Tomato leaf late blight,413,18,582,324
bac-spot_jpg.rf.7e4995000591da10ab716f541d6bb1f6.jpg,640,640,Tomato leaf late blight,46,29,283,306
bac-spot_jpg.rf.7e4995000591da10ab716f541d6bb1f6.jpg,640,640,Tomato leaf late blight,337,319,551,636
bac-spot_jpg.rf.7e4995000591da10ab716f541d6bb1f6.jpg,640,640,Tomato leaf late blight,0,308,302,628
126689-004-D622CD2F_jpg.rf.f87b99b031869265eca180403a3914ec.jpg,640,640,Tomato Early blight leaf,5,36,630,632
Septoria_Leaf_Spot_of_Tomato187_jpg.rf.d44fd77194ffc30c00a208e49f955d06.jpg,640,640,Tomato Septoria leaf spot,439,12,636,198
Septoria_Leaf_Spot_of_Tomato187_jpg.rf.d44fd77194ffc30c00a208e49f955d06.jpg,640,640,Tomato Septoria leaf spot,0,73,640,639
early_blight_spots_l_jpg.rf.963e3bf16f2fd000bf026a2f5cffbf1e.jpg,640,640,Tomato Early blight leaf,0,166,634,589
bacterial-canker4x640-1nz1vm7_jpg.rf.3fda704e88c47120b9c6559b51dc1980.jpg,640,640,Tomato leaf mosaic virus,274,109,478,500
tomato-mosaic-virus-disease-on-260nw-625499780_jpg.rf.5a71138b77d8b6bde503c5cc9c0a5b77.jpg,640,640,Tomato leaf yellow virus,113,64,490,264
tomato-mosaic-virus-disease-on-260nw-625499780_jpg.rf.5a71138b77d8b6bde503c5cc9c0a5b77.jpg,640,640,Tomato leaf yellow virus,26,186,289,383
tomato-mosaic-virus-disease-on-260nw-625499780_jpg.rf.5a71138b77d8b6bde503c5cc9c0a5b77.jpg,640,640,Tomato leaf yellow virus,467,238,611,427
tomato-mosaic-virus-disease-on-260nw-625499780_jpg.rf.5a71138b77d8b6bde503c5cc9c0a5b77.jpg,640,640,Tomato leaf yellow virus,231,272,372,496
tomato-mosaic-virus-disease-on-260nw-625499780_jpg.rf.5a71138b77d8b6bde503c5cc9c0a5b77.jpg,640,640,Tomato leaf yellow virus,392,286,491,497
Tom_Sept1_jpg.rf.47733965ef6b1c00206da58fcbe9dbff.jpg,640,640,Tomato Septoria leaf spot,114,237,209,360
Tom_Sept1_jpg.rf.47733965ef6b1c00206da58fcbe9dbff.jpg,640,640,Tomato Septoria leaf spot,239,540,322,637
Tom_Sept1_jpg.rf.47733965ef6b1c00206da58fcbe9dbff.jpg,640,640,Tomato Septoria leaf spot,245,451,312,532
Tom_Sept1_jpg.rf.47733965ef6b1c00206da58fcbe9dbff.jpg,640,640,Tomato Septoria leaf spot,139,417,230,515
Tom_Sept1_jpg.rf.47733965ef6b1c00206da58fcbe9dbff.jpg,640,640,Tomato Septoria leaf spot,191,223,280,366
Tom_Sept1_jpg.rf.47733965ef6b1c00206da58fcbe9dbff.jpg,640,640,Tomato Septoria leaf spot,277,345,338,494
top-leaf-mold-Fulva-fulvea-WN_jpg.rf.5ed0bceb909aa5832c177094916389f1.jpg,640,640,Tomato mold leaf,115,134,615,512
126689-004-D622CD2F_jpg.rf.6ead40a69d01d85863519bbda9b57118.jpg,640,640,Tomato Early blight leaf,3,14,631,638
bacterial-canker4x640-1nz1vm7_jpg.rf.3098e0b981a3b4ad4239a71aed422cac.jpg,640,640,Tomato leaf mosaic virus,172,102,628,615
bacterial-canker3x2400-2ia1kgd_jpg.rf.97dd24a8c807dbbeba364ea37c3e422e.jpg,640,640,Tomato leaf mosaic virus,36,5,596,602
1b_jpg.rf.e302468b0de7efbb0e09b6d4d5673400.jpg,640,640,Tomato Septoria leaf spot,15,15,360,546
1b_jpg.rf.e302468b0de7efbb0e09b6d4d5673400.jpg,640,640,Tomato Septoria leaf spot,118,123,561,640
tomato_leaf-mold_01_zoom_jpg.rf.7d3a25dc48f90cbc90105bbed237033c.jpg,640,640,Tomato leaf mosaic virus,31,452,274,594
tomato_leaf-mold_01_zoom_jpg.rf.7d3a25dc48f90cbc90105bbed237033c.jpg,640,640,Tomato leaf mosaic virus,273,323,459,640
tomato_leaf-mold_01_zoom_jpg.rf.7d3a25dc48f90cbc90105bbed237033c.jpg,640,640,Tomato mold leaf,76,340,167,465
tomato_leaf-mold_01_zoom_jpg.rf.7d3a25dc48f90cbc90105bbed237033c.jpg,640,640,Tomato leaf mosaic virus,168,326,231,425
tomato_leaf-mold_01_zoom_jpg.rf.7d3a25dc48f90cbc90105bbed237033c.jpg,640,640,Tomato mold leaf,407,254,638,448
tomato_leaf-mold_01_zoom_jpg.rf.7d3a25dc48f90cbc90105bbed237033c.jpg,640,640,Tomato mold leaf,0,255,92,336
tomato_leaf-mold_01_zoom_jpg.rf.7d3a25dc48f90cbc90105bbed237033c.jpg,640,640,Tomato mold leaf,269,196,334,296
tomato_leaf-mold_01_zoom_jpg.rf.7d3a25dc48f90cbc90105bbed237033c.jpg,640,640,Tomato mold leaf,232,195,296,250
tomato_leaf-mold_01_zoom_jpg.rf.7d3a25dc48f90cbc90105bbed237033c.jpg,640,640,Tomato mold leaf,344,42,544,290
12July_mwnews_3-C_jpg.rf.eefbdff61ab74c5637f7ad7a4a1f671e.jpg,640,640,Tomato Early blight leaf,12,435,186,602
12July_mwnews_3-C_jpg.rf.eefbdff61ab74c5637f7ad7a4a1f671e.jpg,640,640,Tomato Early blight leaf,355,356,540,589
12July_mwnews_3-C_jpg.rf.eefbdff61ab74c5637f7ad7a4a1f671e.jpg,640,640,Tomato Early blight leaf,38,109,380,425
12July_mwnews_3-C_jpg.rf.eefbdff61ab74c5637f7ad7a4a1f671e.jpg,640,640,Tomato Early blight leaf,362,101,473,354
6078710516023296-jpeg_jpg.rf.42035025f38890189afccd54a1cae116.jpg,640,640,Tomato Septoria leaf spot,49,36,640,599
tomato_late-blight_04_zoom_jpg.rf.e6570ac22f92f7bbc828d294be9ef8fd.jpg,640,640,Tomato leaf yellow virus,20,179,129,295
tomato_late-blight_04_zoom_jpg.rf.e6570ac22f92f7bbc828d294be9ef8fd.jpg,640,640,Tomato leaf yellow virus,83,346,249,531
tomato_late-blight_04_zoom_jpg.rf.e6570ac22f92f7bbc828d294be9ef8fd.jpg,640,640,Tomato leaf yellow virus,57,243,198,379
tomato_late-blight_04_zoom_jpg.rf.e6570ac22f92f7bbc828d294be9ef8fd.jpg,640,640,Tomato leaf yellow virus,211,372,448,633
tomato_late-blight_04_zoom_jpg.rf.e6570ac22f92f7bbc828d294be9ef8fd.jpg,640,640,Tomato leaf yellow virus,410,128,538,352
tomato_late-blight_04_zoom_jpg.rf.e6570ac22f92f7bbc828d294be9ef8fd.jpg,640,640,Tomato leaf yellow virus,460,295,634,473
tomato_late-blight_04_zoom_jpg.rf.e6570ac22f92f7bbc828d294be9ef8fd.jpg,640,640,Tomato leaf yellow virus,403,410,622,621
tomato_late-blight_04_zoom_jpg.rf.e6570ac22f92f7bbc828d294be9ef8fd.jpg,640,640,Tomato leaf yellow virus,243,250,379,493
tomato_late-blight_04_zoom_jpg.rf.e6570ac22f92f7bbc828d294be9ef8fd.jpg,640,640,Tomato leaf yellow virus,230,51,422,288
tylcv1-_jpg.rf.237c3e7b6c336d91b18cde729badabcc.jpg,640,640,Tomato leaf bacterial spot,505,528,580,639
tylcv1-_jpg.rf.237c3e7b6c336d91b18cde729badabcc.jpg,640,640,Tomato leaf bacterial spot,352,556,414,622
tylcv1-_jpg.rf.237c3e7b6c336d91b18cde729badabcc.jpg,640,640,Tomato leaf bacterial spot,289,426,354,505
tylcv1-_jpg.rf.237c3e7b6c336d91b18cde729badabcc.jpg,640,640,Tomato leaf bacterial spot,334,28,380,75
tylcv1-_jpg.rf.237c3e7b6c336d91b18cde729badabcc.jpg,640,640,Tomato leaf bacterial spot,294,58,325,100
tylcv1-_jpg.rf.237c3e7b6c336d91b18cde729badabcc.jpg,640,640,Tomato leaf bacterial spot,322,136,365,179
tylcv1-_jpg.rf.237c3e7b6c336d91b18cde729badabcc.jpg,640,640,Tomato leaf bacterial spot,256,114,313,152
tylcv1-_jpg.rf.237c3e7b6c336d91b18cde729badabcc.jpg,640,640,Tomato leaf bacterial spot,449,114,497,169
tylcv1-_jpg.rf.237c3e7b6c336d91b18cde729badabcc.jpg,640,640,Tomato leaf bacterial spot,318,249,400,320
tylcv1-_jpg.rf.237c3e7b6c336d91b18cde729badabcc.jpg,640,640,Tomato leaf bacterial spot,474,369,518,431
tylcv1-_jpg.rf.237c3e7b6c336d91b18cde729badabcc.jpg,640,640,Tomato leaf bacterial spot,483,237,532,314
tylcv1-_jpg.rf.237c3e7b6c336d91b18cde729badabcc.jpg,640,640,Tomato leaf bacterial spot,480,208,515,246
tylcv1-_jpg.rf.237c3e7b6c336d91b18cde729badabcc.jpg,640,640,Tomato leaf bacterial spot,49,211,88,288
tylcv1-_jpg.rf.237c3e7b6c336d91b18cde729badabcc.jpg,640,640,Tomato leaf bacterial spot,113,488,233,569
tylcv1-_jpg.rf.237c3e7b6c336d91b18cde729badabcc.jpg,640,640,Tomato leaf bacterial spot,88,531,148,638
tylcv1-_jpg.rf.237c3e7b6c336d91b18cde729badabcc.jpg,640,640,Tomato leaf bacterial spot,119,406,168,508
tylcv1-_jpg.rf.237c3e7b6c336d91b18cde729badabcc.jpg,640,640,Tomato leaf bacterial spot,286,382,326,463
tylcv1-_jpg.rf.237c3e7b6c336d91b18cde729badabcc.jpg,640,640,Tomato leaf bacterial spot,225,306,302,377
tylcv1-_jpg.rf.237c3e7b6c336d91b18cde729badabcc.jpg,640,640,Tomato leaf bacterial spot,285,280,339,345
tylcv1-_jpg.rf.237c3e7b6c336d91b18cde729badabcc.jpg,640,640,Tomato leaf bacterial spot,163,26,206,92
tylcv1-_jpg.rf.237c3e7b6c336d91b18cde729badabcc.jpg,640,640,Tomato leaf bacterial spot,171,111,214,185
tylcv1-_jpg.rf.237c3e7b6c336d91b18cde729badabcc.jpg,640,640,Tomato leaf bacterial spot,108,68,152,151
tylcv1-_jpg.rf.237c3e7b6c336d91b18cde729badabcc.jpg,640,640,Tomato leaf bacterial spot,72,111,111,217
tomato_D2b-Early-blight-RPitblado_zoom_jpg.rf.aff8376edcd4a31ab3a8bc3dd8aee5d4.jpg,640,640,Tomato Early blight leaf,407,36,598,169
tomato_D2b-Early-blight-RPitblado_zoom_jpg.rf.aff8376edcd4a31ab3a8bc3dd8aee5d4.jpg,640,640,Tomato Early blight leaf,169,187,260,439
tomato_D2b-Early-blight-RPitblado_zoom_jpg.rf.aff8376edcd4a31ab3a8bc3dd8aee5d4.jpg,640,640,Tomato Early blight leaf,533,242,605,410
tomato_D2b-Early-blight-RPitblado_zoom_jpg.rf.aff8376edcd4a31ab3a8bc3dd8aee5d4.jpg,640,640,Tomato Early blight leaf,409,331,491,540
tomato_D2b-Early-blight-RPitblado_zoom_jpg.rf.aff8376edcd4a31ab3a8bc3dd8aee5d4.jpg,640,640,Tomato Early blight leaf,503,363,580,599
1422_0_jpeg_jpg.rf.33e0794e1eca8be54790fa7a2aa748f8.jpg,640,640,Tomato leaf,376,211,425,305
1422_0_jpeg_jpg.rf.33e0794e1eca8be54790fa7a2aa748f8.jpg,640,640,Tomato leaf,462,376,583,490
1422_0_jpeg_jpg.rf.33e0794e1eca8be54790fa7a2aa748f8.jpg,640,640,Tomato leaf,153,9,239,245
1422_0_jpeg_jpg.rf.33e0794e1eca8be54790fa7a2aa748f8.jpg,640,640,Tomato leaf,103,488,162,551
1422_0_jpeg_jpg.rf.33e0794e1eca8be54790fa7a2aa748f8.jpg,640,640,Tomato leaf,312,385,445,634
1422_0_jpeg_jpg.rf.33e0794e1eca8be54790fa7a2aa748f8.jpg,640,640,Tomato leaf,396,330,470,536
1422_0_jpeg_jpg.rf.33e0794e1eca8be54790fa7a2aa748f8.jpg,640,640,Tomato leaf,215,320,323,574
1422_0_jpeg_jpg.rf.33e0794e1eca8be54790fa7a2aa748f8.jpg,640,640,Tomato leaf,25,214,205,372
1422_0_jpeg_jpg.rf.33e0794e1eca8be54790fa7a2aa748f8.jpg,640,640,Tomato leaf,437,111,563,315
1422_0_jpeg_jpg.rf.33e0794e1eca8be54790fa7a2aa748f8.jpg,640,640,Tomato leaf,250,25,339,289
Tom_Sept4_jpg.rf.e64d9eed8e03eab4b2304b7694fc757a.jpg,640,640,Tomato Septoria leaf spot,115,12,314,563
Tom_Sept4_jpg.rf.e64d9eed8e03eab4b2304b7694fc757a.jpg,640,640,Tomato Septoria leaf spot,328,8,509,552
18071_img_jpg.rf.a972562300b664cb70d65af2bc0d4bc5.jpg,640,640,Tomato leaf bacterial spot,109,122,212,276
18071_img_jpg.rf.a972562300b664cb70d65af2bc0d4bc5.jpg,640,640,Tomato leaf bacterial spot,218,64,295,205
18071_img_jpg.rf.a972562300b664cb70d65af2bc0d4bc5.jpg,640,640,Tomato leaf bacterial spot,378,108,449,224
18071_img_jpg.rf.a972562300b664cb70d65af2bc0d4bc5.jpg,640,640,Tomato leaf bacterial spot,320,65,403,160
18071_img_jpg.rf.a972562300b664cb70d65af2bc0d4bc5.jpg,640,640,Tomato leaf bacterial spot,467,352,570,506
18071_img_jpg.rf.a972562300b664cb70d65af2bc0d4bc5.jpg,640,640,Tomato leaf bacterial spot,384,308,499,474
18071_img_jpg.rf.a972562300b664cb70d65af2bc0d4bc5.jpg,640,640,Tomato leaf bacterial spot,250,352,333,455
18071_img_jpg.rf.a972562300b664cb70d65af2bc0d4bc5.jpg,640,640,Tomato leaf bacterial spot,333,340,410,429
18071_img_jpg.rf.a972562300b664cb70d65af2bc0d4bc5.jpg,640,640,Tomato leaf bacterial spot,108,340,230,608
tomato_leaf-mold_01_zoom_jpg.rf.d6dc0219cfe69c41ac6208deae8a2947.jpg,640,640,Tomato leaf mosaic virus,83,0,339,165
tomato_leaf-mold_01_zoom_jpg.rf.d6dc0219cfe69c41ac6208deae8a2947.jpg,640,640,Tomato leaf mosaic virus,295,6,517,343
tomato_leaf-mold_01_zoom_jpg.rf.d6dc0219cfe69c41ac6208deae8a2947.jpg,640,640,Tomato mold leaf,96,123,201,255
tomato_leaf-mold_01_zoom_jpg.rf.d6dc0219cfe69c41ac6208deae8a2947.jpg,640,640,Tomato leaf mosaic virus,181,183,254,288
tomato_leaf-mold_01_zoom_jpg.rf.d6dc0219cfe69c41ac6208deae8a2947.jpg,640,640,Tomato mold leaf,398,233,639,452
tomato_leaf-mold_01_zoom_jpg.rf.d6dc0219cfe69c41ac6208deae8a2947.jpg,640,640,Tomato mold leaf,0,227,100,318
tomato_leaf-mold_01_zoom_jpg.rf.d6dc0219cfe69c41ac6208deae8a2947.jpg,640,640,Tomato mold leaf,245,334,322,438
tomato_leaf-mold_01_zoom_jpg.rf.d6dc0219cfe69c41ac6208deae8a2947.jpg,640,640,Tomato mold leaf,206,369,277,432
tomato_leaf-mold_01_zoom_jpg.rf.d6dc0219cfe69c41ac6208deae8a2947.jpg,640,640,Tomato mold leaf,288,368,512,634
tylc_jpg.rf.d5f8d4d45bdcb90a4c6d1755fd85692b.jpg,640,640,Tomato leaf,96,38,190,170
tylc_jpg.rf.d5f8d4d45bdcb90a4c6d1755fd85692b.jpg,640,640,Tomato leaf,29,107,131,201
tylc_jpg.rf.d5f8d4d45bdcb90a4c6d1755fd85692b.jpg,640,640,Tomato leaf,131,141,248,224
tylc_jpg.rf.d5f8d4d45bdcb90a4c6d1755fd85692b.jpg,640,640,Tomato leaf,403,177,472,309
tylc_jpg.rf.d5f8d4d45bdcb90a4c6d1755fd85692b.jpg,640,640,Tomato leaf,505,344,551,435
tylc_jpg.rf.d5f8d4d45bdcb90a4c6d1755fd85692b.jpg,640,640,Tomato leaf,451,375,505,473
tylc_jpg.rf.d5f8d4d45bdcb90a4c6d1755fd85692b.jpg,640,640,Tomato leaf,169,391,215,465
tylc_jpg.rf.d5f8d4d45bdcb90a4c6d1755fd85692b.jpg,640,640,Tomato leaf,386,412,443,489
tylc_jpg.rf.d5f8d4d45bdcb90a4c6d1755fd85692b.jpg,640,640,Tomato leaf,558,416,597,490
tylc_jpg.rf.d5f8d4d45bdcb90a4c6d1755fd85692b.jpg,640,640,Tomato leaf,237,428,301,487
tylc_jpg.rf.d5f8d4d45bdcb90a4c6d1755fd85692b.jpg,640,640,Tomato leaf,425,495,476,578
tylc_jpg.rf.d5f8d4d45bdcb90a4c6d1755fd85692b.jpg,640,640,Tomato leaf,332,493,429,612
tylc_jpg.rf.d5f8d4d45bdcb90a4c6d1755fd85692b.jpg,640,640,Tomato leaf,382,2,496,146
image5_300x300-2523-JPG-1472755422_jpg.rf.52f8ef5993a0b4f6a1dcf5af89e60bac.jpg,640,640,Tomato leaf late blight,113,397,362,638
image5_300x300-2523-JPG-1472755422_jpg.rf.52f8ef5993a0b4f6a1dcf5af89e60bac.jpg,640,640,Tomato leaf late blight,363,394,589,638
image5_300x300-2523-JPG-1472755422_jpg.rf.52f8ef5993a0b4f6a1dcf5af89e60bac.jpg,640,640,Tomato leaf late blight,0,59,455,498
image5_300x300-2523-JPG-1472755422_jpg.rf.52f8ef5993a0b4f6a1dcf5af89e60bac.jpg,640,640,Tomato leaf late blight,326,134,537,385
image5_300x300-2523-JPG-1472755422_jpg.rf.52f8ef5993a0b4f6a1dcf5af89e60bac.jpg,640,640,Tomato leaf late blight,98,0,550,183
-2320-Bacterial-Spot-and-Speck_jpg.rf.16c5d45f09da9a7c5d7748d8b56e3083.jpg,640,640,Tomato leaf mosaic virus,39,173,276,353
image5_300x300-2523-JPG-1472755422_jpg.rf.2c57baa48761029b2e3cc28478a92a89.jpg,640,640,Tomato leaf late blight,280,0,532,248
image5_300x300-2523-JPG-1472755422_jpg.rf.2c57baa48761029b2e3cc28478a92a89.jpg,640,640,Tomato leaf late blight,54,0,285,245
image5_300x300-2523-JPG-1472755422_jpg.rf.2c57baa48761029b2e3cc28478a92a89.jpg,640,640,Tomato leaf late blight,183,143,640,586
image5_300x300-2523-JPG-1472755422_jpg.rf.2c57baa48761029b2e3cc28478a92a89.jpg,640,640,Tomato leaf late blight,101,252,315,506
image5_300x300-2523-JPG-1472755422_jpg.rf.2c57baa48761029b2e3cc28478a92a89.jpg,640,640,Tomato leaf late blight,85,454,539,638
wd0phb4_jpg.rf.15f07dcd7c5fd74fd90d1b859a1e6783.jpg,640,640,Tomato leaf,214,42,592,616
TYLCV1_jpg.rf.1c0a61c5dce86905a67ae9a9425fd829.jpg,640,640,Tomato leaf bacterial spot,375,369,454,423
TYLCV1_jpg.rf.1c0a61c5dce86905a67ae9a9425fd829.jpg,640,640,Tomato leaf bacterial spot,79,439,165,546
TYLCV1_jpg.rf.1c0a61c5dce86905a67ae9a9425fd829.jpg,640,640,Tomato leaf bacterial spot,223,491,328,574
TYLCV1_jpg.rf.1c0a61c5dce86905a67ae9a9425fd829.jpg,640,640,Tomato leaf bacterial spot,337,266,425,382
TYLCV1_jpg.rf.1c0a61c5dce86905a67ae9a9425fd829.jpg,640,640,Tomato leaf bacterial spot,202,297,303,378
bacterial-canker4x640-1nz1vm7_jpg.rf.9c56dd313944d8a657f1a49ad7ffa60c.jpg,640,640,Tomato leaf mosaic virus,171,102,628,616
TYLCV4_jpg.rf.f8135c1f5c18768cf40dbe0cec8995a3.jpg,640,640,Tomato leaf bacterial spot,276,223,379,391
TYLCV4_jpg.rf.f8135c1f5c18768cf40dbe0cec8995a3.jpg,640,640,Tomato leaf bacterial spot,322,157,446,228
TYLCV4_jpg.rf.f8135c1f5c18768cf40dbe0cec8995a3.jpg,640,640,Tomato leaf bacterial spot,483,145,599,225
TYLCV4_jpg.rf.f8135c1f5c18768cf40dbe0cec8995a3.jpg,640,640,Tomato leaf bacterial spot,400,242,474,393
image5_300x300-2523-JPG-1472755422_jpg.rf.f349810ed278ece5fc2b60ad7fed3931.jpg,640,640,Tomato leaf late blight,246,429,459,640
image5_300x300-2523-JPG-1472755422_jpg.rf.f349810ed278ece5fc2b60ad7fed3931.jpg,640,640,Tomato leaf late blight,28,365,210,604
image5_300x300-2523-JPG-1472755422_jpg.rf.f349810ed278ece5fc2b60ad7fed3931.jpg,640,640,Tomato leaf late blight,226,122,629,486
image5_300x300-2523-JPG-1472755422_jpg.rf.f349810ed278ece5fc2b60ad7fed3931.jpg,640,640,Tomato leaf late blight,142,123,311,346
image5_300x300-2523-JPG-1472755422_jpg.rf.f349810ed278ece5fc2b60ad7fed3931.jpg,640,640,Tomato leaf late blight,161,0,595,148
early-blight-in-high-tunnel-tomatoes-19tm74h_jpg.rf.b1f4320f1ba4cc481af1fa2d3ec32f84.jpg,640,640,Tomato Early blight leaf,243,164,617,562
image_jpg.rf.446fbf7a580351b243bb9c087d477b3d.jpg,640,640,Tomato leaf yellow virus,210,6,639,617
tomato_leaf_curl_ND_on_luffah_KC3701030-3_jpg.rf.392e270809a1ee10c47c0d8f7ac0d7ad.jpg,640,640,Tomato leaf,77,39,488,588
tomato_xanthomonas_foliage_jpg.rf.96ac04ee503c38768744b11769ccb907.jpg,640,640,Tomato leaf mosaic virus,505,223,632,585
tomato_xanthomonas_foliage_jpg.rf.96ac04ee503c38768744b11769ccb907.jpg,640,640,Tomato leaf mosaic virus,383,98,475,411
tomato_xanthomonas_foliage_jpg.rf.96ac04ee503c38768744b11769ccb907.jpg,640,640,Tomato leaf mosaic virus,199,138,316,634
tomato_xanthomonas_foliage_jpg.rf.96ac04ee503c38768744b11769ccb907.jpg,640,640,Tomato leaf mosaic virus,31,105,220,628
1b_jpg.rf.357b723345efb98b41e5a8ee2025608d.jpg,640,640,Tomato Septoria leaf spot,49,120,340,631
1b_jpg.rf.357b723345efb98b41e5a8ee2025608d.jpg,640,640,Tomato Septoria leaf spot,135,0,527,500
Bacterial-Spot-of-Tomato-Img-2_jpg.rf.1c2b5751b3eb568cdf2047ca37359bba.jpg,640,640,Tomato leaf late blight,263,285,546,629
Bacterial-Spot-of-Tomato-Img-2_jpg.rf.1c2b5751b3eb568cdf2047ca37359bba.jpg,640,640,Tomato leaf late blight,0,103,342,469
Bacterial-Spot-of-Tomato-Img-2_jpg.rf.1c2b5751b3eb568cdf2047ca37359bba.jpg,640,640,Tomato leaf late blight,188,1,470,327
web1_copy_early-blight-6-_0_jpg.rf.22a5d18f00207ca893056cdbc9eaedb0.jpg,640,640,Tomato Early blight leaf,200,88,591,579
18071-img_jpg.rf.4a6330b64ba3e5917de1754cdaed765f.jpg,640,640,Tomato leaf,346,66,443,174
18071-img_jpg.rf.4a6330b64ba3e5917de1754cdaed765f.jpg,640,640,Tomato leaf,236,47,333,201
18071-img_jpg.rf.4a6330b64ba3e5917de1754cdaed765f.jpg,640,640,Tomato leaf,390,115,481,246
18071-img_jpg.rf.4a6330b64ba3e5917de1754cdaed765f.jpg,640,640,Tomato leaf,315,338,407,437
18071-img_jpg.rf.4a6330b64ba3e5917de1754cdaed765f.jpg,640,640,Tomato leaf,359,313,496,496
18071-img_jpg.rf.4a6330b64ba3e5917de1754cdaed765f.jpg,640,640,Tomato leaf,233,336,330,452
18071-img_jpg.rf.4a6330b64ba3e5917de1754cdaed765f.jpg,640,640,Tomato leaf,437,376,557,533
18071-img_jpg.rf.4a6330b64ba3e5917de1754cdaed765f.jpg,640,640,Tomato leaf,64,301,225,588
18071-img_jpg.rf.4a6330b64ba3e5917de1754cdaed765f.jpg,640,640,Tomato leaf,180,0,288,94
bacterial-canker4x640-1nz1vm7_jpg.rf.00dc92daf8b1fb964596a49dc6336418.jpg,640,640,Tomato leaf mosaic virus,281,110,472,496
tomato-blight-phytophthora-infestans-close-up-of-infected-leaf-b5n95x_jpg.rf.c63a1e481e1da94e3790fbe99ee765a6.jpg,640,640,Tomato leaf mosaic virus,59,116,532,493
virus1_jpg.rf.570aad6b8fc34fbe99e12c0a780c987f.jpg,640,640,Tomato leaf bacterial spot,414,243,458,335
virus1_jpg.rf.570aad6b8fc34fbe99e12c0a780c987f.jpg,640,640,Tomato leaf bacterial spot,177,54,266,151
virus1_jpg.rf.570aad6b8fc34fbe99e12c0a780c987f.jpg,640,640,Tomato leaf bacterial spot,249,153,306,236
virus1_jpg.rf.570aad6b8fc34fbe99e12c0a780c987f.jpg,640,640,Tomato leaf bacterial spot,228,262,335,340
virus1_jpg.rf.570aad6b8fc34fbe99e12c0a780c987f.jpg,640,640,Tomato leaf bacterial spot,160,423,266,526
virus1_jpg.rf.570aad6b8fc34fbe99e12c0a780c987f.jpg,640,640,Tomato leaf bacterial spot,332,389,414,534
Bacterial-spot-on-tomato-leaves_jpg.rf.ff26512c5270c6736391a38617744185.jpg,640,640,Tomato leaf late blight,272,341,520,614
Bacterial-spot-on-tomato-leaves_jpg.rf.ff26512c5270c6736391a38617744185.jpg,640,640,Tomato leaf late blight,479,314,639,475
Bacterial-spot-on-tomato-leaves_jpg.rf.ff26512c5270c6736391a38617744185.jpg,640,640,Tomato leaf late blight,0,211,338,514
Bacterial-spot-on-tomato-leaves_jpg.rf.ff26512c5270c6736391a38617744185.jpg,640,640,Tomato leaf late blight,249,130,482,378
18c_jpg.rf.1c9d12f589770c24721986bb28cdf97a.jpg,640,640,Tomato leaf mosaic virus,0,133,640,639
bac-spot_jpg.rf.87d3dc75255081863783705fac06fc4a.jpg,640,640,Tomato leaf late blight,413,23,598,337
bac-spot_jpg.rf.87d3dc75255081863783705fac06fc4a.jpg,640,640,Tomato leaf late blight,48,15,297,303
bac-spot_jpg.rf.87d3dc75255081863783705fac06fc4a.jpg,640,640,Tomato leaf late blight,320,320,551,638
bac-spot_jpg.rf.87d3dc75255081863783705fac06fc4a.jpg,640,640,Tomato leaf late blight,0,292,302,626
009-e1373768789869_jpg.rf.033065f6fc03a962308dcdb50c4b899d.jpg,640,640,Tomato leaf late blight,326,282,634,500
18071_img_jpg.rf.29a01a08e7c042422fc279b933740278.jpg,640,640,Tomato leaf bacterial spot,106,123,214,272
18071_img_jpg.rf.29a01a08e7c042422fc279b933740278.jpg,640,640,Tomato leaf bacterial spot,217,63,294,205
18071_img_jpg.rf.29a01a08e7c042422fc279b933740278.jpg,640,640,Tomato leaf bacterial spot,377,106,449,226
18071_img_jpg.rf.29a01a08e7c042422fc279b933740278.jpg,640,640,Tomato leaf bacterial spot,322,66,405,160
18071_img_jpg.rf.29a01a08e7c042422fc279b933740278.jpg,640,640,Tomato leaf bacterial spot,468,351,571,508
18071_img_jpg.rf.29a01a08e7c042422fc279b933740278.jpg,640,640,Tomato leaf bacterial spot,385,305,497,472
18071_img_jpg.rf.29a01a08e7c042422fc279b933740278.jpg,640,640,Tomato leaf bacterial spot,252,350,334,453
18071_img_jpg.rf.29a01a08e7c042422fc279b933740278.jpg,640,640,Tomato leaf bacterial spot,333,339,413,426
18071_img_jpg.rf.29a01a08e7c042422fc279b933740278.jpg,640,640,Tomato leaf bacterial spot,106,335,228,608
bac-canker_jpg.rf.5078d935bd42e2e97aca88c90ec6b69f.jpg,640,640,Tomato leaf mosaic virus,329,0,556,191
bac-canker_jpg.rf.5078d935bd42e2e97aca88c90ec6b69f.jpg,640,640,Tomato leaf mosaic virus,84,244,161,351
bac-canker_jpg.rf.5078d935bd42e2e97aca88c90ec6b69f.jpg,640,640,Tomato leaf mosaic virus,115,226,240,448
bac-canker_jpg.rf.5078d935bd42e2e97aca88c90ec6b69f.jpg,640,640,Tomato leaf mosaic virus,396,201,553,395
dsc_4624s_jpg.rf.8026ae46406be7be86964e91caada815.jpg,640,640,Tomato leaf mosaic virus,104,101,405,457
Bacterial-Leaf-Spot-2_jpg.rf.3fe0c6a36a4ead40026c0ec5bc84a118.jpg,640,640,Tomato leaf mosaic virus,19,53,519,490
tomato_late-blight_04_zoom_jpg.rf.97bd50d9e959e2e01e3fe10fa02c1f7e.jpg,640,640,Tomato leaf yellow virus,19,177,126,292
tomato_late-blight_04_zoom_jpg.rf.97bd50d9e959e2e01e3fe10fa02c1f7e.jpg,640,640,Tomato leaf yellow virus,86,348,252,531
tomato_late-blight_04_zoom_jpg.rf.97bd50d9e959e2e01e3fe10fa02c1f7e.jpg,640,640,Tomato leaf yellow virus,58,243,197,375
tomato_late-blight_04_zoom_jpg.rf.97bd50d9e959e2e01e3fe10fa02c1f7e.jpg,640,640,Tomato leaf yellow virus,209,371,451,638
tomato_late-blight_04_zoom_jpg.rf.97bd50d9e959e2e01e3fe10fa02c1f7e.jpg,640,640,Tomato leaf yellow virus,406,128,540,351
tomato_late-blight_04_zoom_jpg.rf.97bd50d9e959e2e01e3fe10fa02c1f7e.jpg,640,640,Tomato leaf yellow virus,459,293,639,473
tomato_late-blight_04_zoom_jpg.rf.97bd50d9e959e2e01e3fe10fa02c1f7e.jpg,640,640,Tomato leaf yellow virus,405,411,623,622
tomato_late-blight_04_zoom_jpg.rf.97bd50d9e959e2e01e3fe10fa02c1f7e.jpg,640,640,Tomato leaf yellow virus,242,247,379,496
tomato_late-blight_04_zoom_jpg.rf.97bd50d9e959e2e01e3fe10fa02c1f7e.jpg,640,640,Tomato leaf yellow virus,228,51,422,286
17fc47_jpg.rf.6e37b0247f95d3278d68e7000283c849.jpg,640,640,Tomato leaf bacterial spot,425,36,639,113
17fc47_jpg.rf.6e37b0247f95d3278d68e7000283c849.jpg,640,640,Tomato leaf bacterial spot,285,63,388,128
17fc47_jpg.rf.6e37b0247f95d3278d68e7000283c849.jpg,640,640,Tomato leaf bacterial spot,425,138,546,294
17fc47_jpg.rf.6e37b0247f95d3278d68e7000283c849.jpg,640,640,Tomato leaf bacterial spot,145,234,285,378
17fc47_jpg.rf.6e37b0247f95d3278d68e7000283c849.jpg,640,640,Tomato leaf bacterial spot,228,188,379,342
17fc47_jpg.rf.6e37b0247f95d3278d68e7000283c849.jpg,640,640,Tomato leaf bacterial spot,348,166,462,334
PHOTO_1333642740144_jpg.rf.0aea59bb346f89665b1fb94cc7667212.jpg,640,640,Tomato Septoria leaf spot,235,115,358,300
PHOTO_1333642740144_jpg.rf.0aea59bb346f89665b1fb94cc7667212.jpg,640,640,Tomato Septoria leaf spot,433,61,529,381
PHOTO_1333642740144_jpg.rf.0aea59bb346f89665b1fb94cc7667212.jpg,640,640,Tomato Septoria leaf spot,367,295,445,416
PHOTO_1333642740144_jpg.rf.0aea59bb346f89665b1fb94cc7667212.jpg,640,640,Tomato Septoria leaf spot,99,252,228,519
PHOTO_1333642740144_jpg.rf.0aea59bb346f89665b1fb94cc7667212.jpg,640,640,Tomato Septoria leaf spot,275,481,360,592
bacterial-spot-of-tomato-7-638_jpg.rf.16da4acdb1c55d362c86a9222f8f154b.jpg,640,640,Tomato leaf mosaic virus,440,257,540,466
early-blight-on-leaf-yel-halo-IMG_2313-JPG_jpg.rf.767e885d17b98daff391fd6b59b71d6b.jpg,640,640,Tomato Septoria leaf spot,0,0,638,638
100983448_jpg.rf.c5d84dc1fa00968b43dcd2a2fba7ff91.jpg,640,640,Tomato Early blight leaf,68,36,580,619
early_blight_spots_l_jpg.rf.09088744978efd18e2036766fd02592f.jpg,640,640,Tomato Early blight leaf,2,166,639,589
128110613-56a6d3633df78cf7729070ad_jpg.rf.d458a50efaeca6088c9839f26ce343fc.jpg,640,640,Tomato Septoria leaf spot,326,39,525,602
128110613-56a6d3633df78cf7729070ad_jpg.rf.d458a50efaeca6088c9839f26ce343fc.jpg,640,640,Tomato Septoria leaf spot,441,6,615,166
Figure-1-6_jpg.rf.36f990cc58989102f73304dd60672bf9.jpg,640,640,Tomato leaf mosaic virus,59,13,639,499
bact-spot-fig-1_jpg.rf.eae3ec21e34ff24133e4ff58bba452ff.jpg,640,640,Tomato leaf late blight,0,67,600,496
xgray-leaf-spot_jpg_pagespeed_ic_ltF8KfKtQ1_jpg.rf.d3e0ba0b8e307c5e6c4a6ac9bdf50e62.jpg,640,640,Tomato Septoria leaf spot,309,1,637,134
xgray-leaf-spot_jpg_pagespeed_ic_ltF8KfKtQ1_jpg.rf.d3e0ba0b8e307c5e6c4a6ac9bdf50e62.jpg,640,640,Tomato Septoria leaf spot,368,510,622,639
xgray-leaf-spot_jpg_pagespeed_ic_ltF8KfKtQ1_jpg.rf.d3e0ba0b8e307c5e6c4a6ac9bdf50e62.jpg,640,640,Tomato Septoria leaf spot,3,393,203,639
xgray-leaf-spot_jpg_pagespeed_ic_ltF8KfKtQ1_jpg.rf.d3e0ba0b8e307c5e6c4a6ac9bdf50e62.jpg,640,640,Tomato Septoria leaf spot,21,2,234,189
xgray-leaf-spot_jpg_pagespeed_ic_ltF8KfKtQ1_jpg.rf.d3e0ba0b8e307c5e6c4a6ac9bdf50e62.jpg,640,640,Tomato Septoria leaf spot,78,272,231,346
xgray-leaf-spot_jpg_pagespeed_ic_ltF8KfKtQ1_jpg.rf.d3e0ba0b8e307c5e6c4a6ac9bdf50e62.jpg,640,640,Tomato Septoria leaf spot,278,329,637,523
xgray-leaf-spot_jpg_pagespeed_ic_ltF8KfKtQ1_jpg.rf.d3e0ba0b8e307c5e6c4a6ac9bdf50e62.jpg,640,640,Tomato Septoria leaf spot,288,243,422,319
xgray-leaf-spot_jpg_pagespeed_ic_ltF8KfKtQ1_jpg.rf.d3e0ba0b8e307c5e6c4a6ac9bdf50e62.jpg,640,640,Tomato Septoria leaf spot,334,159,628,333
Bacterial-Spot-of-Tomato-Img-2_jpg.rf.4ec0719bd4e6dfdb5aa2920a97cd27f8.jpg,640,640,Tomato leaf late blight,224,0,476,325
Bacterial-Spot-of-Tomato-Img-2_jpg.rf.4ec0719bd4e6dfdb5aa2920a97cd27f8.jpg,640,640,Tomato leaf late blight,0,246,351,580
Bacterial-Spot-of-Tomato-Img-2_jpg.rf.4ec0719bd4e6dfdb5aa2920a97cd27f8.jpg,640,640,Tomato leaf late blight,259,309,510,620
Bacterial-Spot-of-Tomato-Img-2_jpg.rf.401d2861bcd70f45a09aa4a19c9d98f1.jpg,640,640,Tomato leaf mosaic virus,2,148,128,300
Bacterial-Spot-of-Tomato-Img-2_jpg.rf.401d2861bcd70f45a09aa4a19c9d98f1.jpg,640,640,Tomato leaf mosaic virus,319,248,639,543
Bacterial-Spot-of-Tomato-Img-2_jpg.rf.401d2861bcd70f45a09aa4a19c9d98f1.jpg,640,640,Tomato leaf mosaic virus,166,331,385,617
Bacterial-Spot-of-Tomato-Img-2_jpg.rf.401d2861bcd70f45a09aa4a19c9d98f1.jpg,640,640,Tomato leaf mosaic virus,166,18,382,320
Bacterial-Spot-of-Tomato-Img-2_jpg.rf.590155f6f047c6a08ebe42813715282d.jpg,640,640,Tomato leaf mosaic virus,0,147,128,301
Bacterial-Spot-of-Tomato-Img-2_jpg.rf.590155f6f047c6a08ebe42813715282d.jpg,640,640,Tomato leaf mosaic virus,320,249,634,545
Bacterial-Spot-of-Tomato-Img-2_jpg.rf.590155f6f047c6a08ebe42813715282d.jpg,640,640,Tomato leaf mosaic virus,166,333,385,621
Bacterial-Spot-of-Tomato-Img-2_jpg.rf.590155f6f047c6a08ebe42813715282d.jpg,640,640,Tomato leaf mosaic virus,166,18,385,320
bacterial-spot-of-tomato-7-638_jpg.rf.12064beaaee549c1ab74b0cb849b5108.jpg,640,640,Tomato leaf mosaic virus,441,255,538,468
1b_jpg.rf.1415dfd167d9df30274bb55f447bf474.jpg,640,640,Tomato Septoria leaf spot,320,6,563,500
1b_jpg.rf.1415dfd167d9df30274bb55f447bf474.jpg,640,640,Tomato Septoria leaf spot,147,160,493,634
Bacterial_spots1300_jpg.rf.d1d50f68800c17429d47450bf2599ed8.jpg,640,640,Tomato leaf late blight,128,86,584,529
100_4542_jpg.rf.b0c1ce1eabe54d64aaa014cf03819078.jpg,640,640,Tomato mold leaf,89,25,634,633
Early-blight-660x440_jpg.rf.485d90b6aa55faac4f875be217899c8c.jpg,640,640,Tomato Early blight leaf,260,43,463,432
Early-blight-660x440_jpg.rf.485d90b6aa55faac4f875be217899c8c.jpg,640,640,Tomato Early blight leaf,111,182,309,605
bacterialspottomato2_jpg.rf.98458a793fe8e5409bc2ed34c23c568a.jpg,640,640,Tomato leaf mosaic virus,132,42,628,639
20020531-early-20blight-20-20starts-20on-20lower-20leaves_jpg.rf.6ac3493698b6811a2de1df1516604c1c.jpg,640,640,Tomato Early blight leaf,166,205,219,391
20020531-early-20blight-20-20starts-20on-20lower-20leaves_jpg.rf.6ac3493698b6811a2de1df1516604c1c.jpg,640,640,Tomato Early blight leaf,180,7,283,96
20020531-early-20blight-20-20starts-20on-20lower-20leaves_jpg.rf.6ac3493698b6811a2de1df1516604c1c.jpg,640,640,Tomato Early blight leaf,224,160,301,255
20020531-early-20blight-20-20starts-20on-20lower-20leaves_jpg.rf.6ac3493698b6811a2de1df1516604c1c.jpg,640,640,Tomato Early blight leaf,224,256,313,449
20020531-early-20blight-20-20starts-20on-20lower-20leaves_jpg.rf.6ac3493698b6811a2de1df1516604c1c.jpg,640,640,Tomato Early blight leaf,0,270,51,513
20020531-early-20blight-20-20starts-20on-20lower-20leaves_jpg.rf.6ac3493698b6811a2de1df1516604c1c.jpg,640,640,Tomato leaf late blight,294,211,346,403
20020531-early-20blight-20-20starts-20on-20lower-20leaves_jpg.rf.6ac3493698b6811a2de1df1516604c1c.jpg,640,640,Tomato leaf late blight,378,179,410,295
20020531-early-20blight-20-20starts-20on-20lower-20leaves_jpg.rf.6ac3493698b6811a2de1df1516604c1c.jpg,640,640,Tomato leaf late blight,89,159,142,372
20020531-early-20blight-20-20starts-20on-20lower-20leaves_jpg.rf.6ac3493698b6811a2de1df1516604c1c.jpg,640,640,Tomato Early blight leaf,45,58,89,205
607-155-1_jpg.rf.5654ade8a50240e4d481ca1ee1e2ba83.jpg,640,640,Tomato mold leaf,0,0,614,592
003_JPG_jpg.rf.5fc67acadc88f981b02f27cbe5a7af30.jpg,640,640,Tomato leaf late blight,237,3,421,263
003_JPG_jpg.rf.5fc67acadc88f981b02f27cbe5a7af30.jpg,640,640,Tomato leaf late blight,429,118,591,274
003_JPG_jpg.rf.5fc67acadc88f981b02f27cbe5a7af30.jpg,640,640,Tomato leaf late blight,0,123,118,237
18071-img_jpg.rf.8e707126a1b1934685fa6b942c98c79b.jpg,640,640,Tomato leaf,358,459,459,570
18071-img_jpg.rf.8e707126a1b1934685fa6b942c98c79b.jpg,640,640,Tomato leaf,244,439,351,596
18071-img_jpg.rf.8e707126a1b1934685fa6b942c98c79b.jpg,640,640,Tomato leaf,395,385,493,519
18071-img_jpg.rf.8e707126a1b1934685fa6b942c98c79b.jpg,640,640,Tomato leaf,306,198,405,301
18071-img_jpg.rf.8e707126a1b1934685fa6b942c98c79b.jpg,640,640,Tomato leaf,349,133,496,322
18071-img_jpg.rf.8e707126a1b1934685fa6b942c98c79b.jpg,640,640,Tomato leaf,225,189,326,309
18071-img_jpg.rf.8e707126a1b1934685fa6b942c98c79b.jpg,640,640,Tomato leaf,424,94,551,254
18071-img_jpg.rf.8e707126a1b1934685fa6b942c98c79b.jpg,640,640,Tomato leaf,47,61,225,354
18071-img_jpg.rf.8e707126a1b1934685fa6b942c98c79b.jpg,640,640,Tomato leaf,197,549,309,640
Bacterial-Spot-of-Tomato-Img-2_jpg.rf.1c6ac39dddbaf217a9517bba9a7e565f.jpg,640,640,Tomato leaf late blight,218,0,475,326
Bacterial-Spot-of-Tomato-Img-2_jpg.rf.1c6ac39dddbaf217a9517bba9a7e565f.jpg,640,640,Tomato leaf late blight,0,246,355,584
Bacterial-Spot-of-Tomato-Img-2_jpg.rf.1c6ac39dddbaf217a9517bba9a7e565f.jpg,640,640,Tomato leaf late blight,259,306,516,622
Figure-1-6_jpg.rf.14a8dba9174eec7a20767ffb74e64381.jpg,640,640,Tomato leaf mosaic virus,57,12,634,506
yellowing_JPG_jpg.rf.59804837579636d0497cbbb06b200278.jpg,640,640,Tomato leaf bacterial spot,28,102,239,260
yellowing_JPG_jpg.rf.59804837579636d0497cbbb06b200278.jpg,640,640,Tomato leaf bacterial spot,340,94,615,251
yellowing_JPG_jpg.rf.59804837579636d0497cbbb06b200278.jpg,640,640,Tomato leaf bacterial spot,28,376,308,519
yellowing_JPG_jpg.rf.59804837579636d0497cbbb06b200278.jpg,640,640,Tomato leaf bacterial spot,328,352,635,525
yellowing_JPG_jpg.rf.59804837579636d0497cbbb06b200278.jpg,640,640,Tomato leaf bacterial spot,197,40,411,391
IMG_0863_1500x1500-253E_jpg.rf.cd6e398e103936d5376bd5150ee51b35.jpg,640,640,Tomato Septoria leaf spot,76,83,378,628
IMG_0863_1500x1500-253E_jpg.rf.cd6e398e103936d5376bd5150ee51b35.jpg,640,640,Tomato Septoria leaf spot,301,6,544,589
bacterialspottomato2_jpg.rf.9305df2909a063eccb6c4f91ea7404fd.jpg,640,640,Tomato leaf late blight,6,0,523,608
IMG_0863_1500x1500-253E_jpg.rf.fe945eb12efa2e120a87698e817ed9fb.jpg,640,640,Tomato Septoria leaf spot,81,0,364,591
IMG_0863_1500x1500-253E_jpg.rf.fe945eb12efa2e120a87698e817ed9fb.jpg,640,640,Tomato Septoria leaf spot,240,76,578,639
Bacterial_spots1300_jpg.rf.1f9b9dce3e4b48fabce8e27e9dd0aa56.jpg,640,640,Tomato leaf late blight,120,106,591,563
image233_jpg.rf.a0481c2e9146f7bd4526f571a6185197.jpg,640,640,Tomato mold leaf,160,39,435,205
image233_jpg.rf.a0481c2e9146f7bd4526f571a6185197.jpg,640,640,Tomato mold leaf,167,186,615,525
HighTunnel_TLM5_jpg.rf.233dea748144ad65ba1f8ed6f87b0a64.jpg,640,640,Tomato mold leaf,112,0,541,632
1576389-early-20blight-20symptoms_jpg.rf.089b6d6b5c736d57737948e48a4f3c22.jpg,640,640,Tomato Early blight leaf,77,70,634,602
fig2-2k11-1-12_jpg.rf.d3aeaba567821fe2f6e65351deb20843.jpg,640,640,Tomato leaf,282,141,628,627
HighTunnel_TLM5_jpg.rf.37ce6af42b55e2cf1fe6094d4be3765e.jpg,640,640,Tomato mold leaf,58,0,592,638
2010-jul-5-jul-9-03_jpg.rf.8ce7741fcabd134055459d961288f24c.jpg,640,640,Tomato Septoria leaf spot,26,32,362,275
2010-jul-5-jul-9-03_jpg.rf.8ce7741fcabd134055459d961288f24c.jpg,640,640,Tomato Septoria leaf spot,274,0,492,285
2010-jul-5-jul-9-03_jpg.rf.8ce7741fcabd134055459d961288f24c.jpg,640,640,Tomato Septoria leaf spot,329,286,640,620
6078710516023296_jpeg_jpg.rf.82e3141ff5b1d41e9cef99eec18cef01.jpg,640,640,Tomato Septoria leaf spot,89,83,634,545
1c421500ddd390c90596ad2cf12d5429_jpg.rf.617d22c2126c307bfafde5356ae61072.jpg,640,640,Tomato Septoria leaf spot,441,89,538,231
1c421500ddd390c90596ad2cf12d5429_jpg.rf.617d22c2126c307bfafde5356ae61072.jpg,640,640,Tomato Septoria leaf spot,525,179,633,275
IMG_1246_jpg.rf.9ca1c7dca598423382ec1bb10a49761a.jpg,640,640,Tomato leaf late blight,0,103,609,569
TYLCV-tomate-DB-445-171_jpg.rf.f3db205fce86d75234bc5d0f2472cdf0.jpg,640,640,Tomato leaf bacterial spot,177,334,254,508
TYLCV-tomate-DB-445-171_jpg.rf.f3db205fce86d75234bc5d0f2472cdf0.jpg,640,640,Tomato leaf bacterial spot,260,362,357,533
TYLCV-tomate-DB-445-171_jpg.rf.f3db205fce86d75234bc5d0f2472cdf0.jpg,640,640,Tomato leaf bacterial spot,425,415,485,508
TYLCV-tomate-DB-445-171_jpg.rf.f3db205fce86d75234bc5d0f2472cdf0.jpg,640,640,Tomato leaf bacterial spot,448,209,515,323
TYLCV-tomate-DB-445-171_jpg.rf.f3db205fce86d75234bc5d0f2472cdf0.jpg,640,640,Tomato leaf bacterial spot,506,292,566,423
TYLCV-tomate-DB-445-171_jpg.rf.f3db205fce86d75234bc5d0f2472cdf0.jpg,640,640,Tomato leaf bacterial spot,520,128,618,302
TYLCV-tomate-DB-445-171_jpg.rf.f3db205fce86d75234bc5d0f2472cdf0.jpg,640,640,Tomato leaf bacterial spot,248,160,294,295
TYLCV-tomate-DB-445-171_jpg.rf.f3db205fce86d75234bc5d0f2472cdf0.jpg,640,640,Tomato leaf bacterial spot,175,157,228,311
TYLCV-tomate-DB-445-171_jpg.rf.f3db205fce86d75234bc5d0f2472cdf0.jpg,640,640,Tomato leaf bacterial spot,9,174,154,337
1_jpg.rf.13e53cf7f6adf4b45bdcaf2053a1d6f5.jpg,640,640,Tomato Early blight leaf,0,9,640,640
eb56b488e349c2de423ab6afbcc4bd5b_jpg.rf.cecaaeac83f1c7f87cd94c6740c8ebcd.jpg,640,640,Tomato Septoria leaf spot,0,38,200,336
eb56b488e349c2de423ab6afbcc4bd5b_jpg.rf.cecaaeac83f1c7f87cd94c6740c8ebcd.jpg,640,640,Tomato Septoria leaf spot,206,24,417,321
eb56b488e349c2de423ab6afbcc4bd5b_jpg.rf.cecaaeac83f1c7f87cd94c6740c8ebcd.jpg,640,640,Tomato Septoria leaf spot,197,281,508,639
Bacterial-spot-on-tomato-leaves_jpg.rf.a5ab06a02746a907a6897b002ec69347.jpg,640,640,Tomato leaf mosaic virus,12,128,148,249
Bacterial-spot-on-tomato-leaves_jpg.rf.a5ab06a02746a907a6897b002ec69347.jpg,640,640,Tomato leaf mosaic virus,166,269,359,480
Bacterial-spot-on-tomato-leaves_jpg.rf.a5ab06a02746a907a6897b002ec69347.jpg,640,640,Tomato leaf mosaic virus,333,199,627,436
Bacterial-spot-on-tomato-leaves_jpg.rf.a5ab06a02746a907a6897b002ec69347.jpg,640,640,Tomato leaf mosaic virus,185,32,384,263
img_1028_jpg.rf.c6f3c32596a805f23af7b75ae700686a.jpg,640,640,Tomato leaf late blight,109,106,454,626
TYLCV-tomate-DB-441-170_jpg.rf.6e4c8e5ab14b55bf5b5431f28562e6b1.jpg,640,640,Tomato leaf bacterial spot,347,360,436,411
TYLCV-tomate-DB-441-170_jpg.rf.6e4c8e5ab14b55bf5b5431f28562e6b1.jpg,640,640,Tomato leaf bacterial spot,466,496,520,639
TYLCV-tomate-DB-441-170_jpg.rf.6e4c8e5ab14b55bf5b5431f28562e6b1.jpg,640,640,Tomato leaf bacterial spot,294,305,328,376
TYLCV-tomate-DB-441-170_jpg.rf.6e4c8e5ab14b55bf5b5431f28562e6b1.jpg,640,640,Tomato leaf bacterial spot,186,171,289,309
TYLCV-tomate-DB-441-170_jpg.rf.6e4c8e5ab14b55bf5b5431f28562e6b1.jpg,640,640,Tomato leaf bacterial spot,229,16,308,245
TYLCV-tomate-DB-441-170_jpg.rf.6e4c8e5ab14b55bf5b5431f28562e6b1.jpg,640,640,Tomato leaf bacterial spot,292,146,366,283
TYLCV-tomate-DB-441-170_jpg.rf.6e4c8e5ab14b55bf5b5431f28562e6b1.jpg,640,640,Tomato leaf bacterial spot,331,176,422,336
TYLCV-tomate-DB-441-170_jpg.rf.6e4c8e5ab14b55bf5b5431f28562e6b1.jpg,640,640,Tomato leaf bacterial spot,148,235,228,374
TYLCV-tomate-DB-441-170_jpg.rf.6e4c8e5ab14b55bf5b5431f28562e6b1.jpg,640,640,Tomato leaf bacterial spot,34,335,188,431
image024_jpg.rf.a82f33bfc1e3ae3647ff719ea01e5cf2.jpg,640,640,Tomato leaf,154,518,231,634
image024_jpg.rf.a82f33bfc1e3ae3647ff719ea01e5cf2.jpg,640,640,Tomato leaf,141,391,236,480
image024_jpg.rf.a82f33bfc1e3ae3647ff719ea01e5cf2.jpg,640,640,Tomato leaf,243,448,506,634
image024_jpg.rf.a82f33bfc1e3ae3647ff719ea01e5cf2.jpg,640,640,Tomato leaf,218,70,313,179
image024_jpg.rf.a82f33bfc1e3ae3647ff719ea01e5cf2.jpg,640,640,Tomato leaf,116,211,353,397
image024_jpg.rf.a82f33bfc1e3ae3647ff719ea01e5cf2.jpg,640,640,Tomato leaf,313,358,378,416
image024_jpg.rf.a82f33bfc1e3ae3647ff719ea01e5cf2.jpg,640,640,Tomato leaf,333,96,441,289
20080526-_DSC4211_jpg.rf.554f126a2e2eca56af5c79752ceb4e7a.jpg,640,640,Tomato Early blight leaf,99,351,193,474
20080526-_DSC4211_jpg.rf.554f126a2e2eca56af5c79752ceb4e7a.jpg,640,640,Tomato Early blight leaf,205,405,329,532
20080526-_DSC4211_jpg.rf.554f126a2e2eca56af5c79752ceb4e7a.jpg,640,640,Tomato Early blight leaf,346,385,482,505
20080526-_DSC4211_jpg.rf.554f126a2e2eca56af5c79752ceb4e7a.jpg,640,640,Tomato Early blight leaf,163,288,262,359
20080526-_DSC4211_jpg.rf.554f126a2e2eca56af5c79752ceb4e7a.jpg,640,640,Tomato Early blight leaf,308,175,375,234
20080526-_DSC4211_jpg.rf.554f126a2e2eca56af5c79752ceb4e7a.jpg,640,640,Tomato Early blight leaf,425,133,476,179
20080526-_DSC4211_jpg.rf.554f126a2e2eca56af5c79752ceb4e7a.jpg,640,640,Tomato leaf late blight,229,20,320,123
20080526-_DSC4211_jpg.rf.554f126a2e2eca56af5c79752ceb4e7a.jpg,640,640,Tomato leaf late blight,96,23,219,65
20080526-_DSC4211_jpg.rf.554f126a2e2eca56af5c79752ceb4e7a.jpg,640,640,Tomato leaf late blight,136,110,230,196
tylcv-seminar-1-638_jpg.rf.ec327a5020db51129e402f0c5cf2fe01.jpg,640,640,Tomato leaf bacterial spot,31,366,106,437
tylcv-seminar-1-638_jpg.rf.ec327a5020db51129e402f0c5cf2fe01.jpg,640,640,Tomato leaf bacterial spot,134,334,223,395
tylcv-seminar-1-638_jpg.rf.ec327a5020db51129e402f0c5cf2fe01.jpg,640,640,Tomato leaf bacterial spot,77,218,126,331
tylcv-seminar-1-638_jpg.rf.ec327a5020db51129e402f0c5cf2fe01.jpg,640,640,Tomato leaf bacterial spot,448,431,563,534
tylcv-seminar-1-638_jpg.rf.ec327a5020db51129e402f0c5cf2fe01.jpg,640,640,Tomato leaf bacterial spot,431,315,546,417
HighTunnel_TLM5_jpg.rf.47306b361af1d9e710e4d0d6481c0b2e.jpg,640,640,Tomato mold leaf,92,0,532,637
early_blight_tomato_jpg.rf.4f26c4915f2be8083c16b2b0e003429c.jpg,640,640,Tomato Early blight leaf,283,342,328,466
early_blight_tomato_jpg.rf.4f26c4915f2be8083c16b2b0e003429c.jpg,640,640,Tomato Early blight leaf,340,197,440,297
early_blight_tomato_jpg.rf.4f26c4915f2be8083c16b2b0e003429c.jpg,640,640,Tomato Early blight leaf,227,239,276,305
early_blight_tomato_jpg.rf.4f26c4915f2be8083c16b2b0e003429c.jpg,640,640,Tomato Early blight leaf,269,269,326,311
early_blight_tomato_jpg.rf.4f26c4915f2be8083c16b2b0e003429c.jpg,640,640,Tomato Early blight leaf,446,146,534,251
early_blight_tomato_jpg.rf.4f26c4915f2be8083c16b2b0e003429c.jpg,640,640,Tomato leaf late blight,323,352,368,451
early_blight_tomato_jpg.rf.4f26c4915f2be8083c16b2b0e003429c.jpg,640,640,Tomato Early blight leaf,211,88,272,182
early_blight_tomato_jpg.rf.4f26c4915f2be8083c16b2b0e003429c.jpg,640,640,Tomato Early blight leaf,143,395,220,451
039b47d574bc4bb8a14259a1cd96a741_jpg.rf.566c63870c94fbd2371f7453aab2d59d.jpg,640,640,Tomato Early blight leaf,331,269,609,520
img_1028_jpg.rf.9cbe773fd798494b396bc1268600d5f8.jpg,640,640,Tomato leaf late blight,109,108,455,627
tomato-septoria-leaf-spot-600_jpg.rf.56da03862b92933148f7adb8d2f6d115.jpg,640,640,Tomato Septoria leaf spot,20,43,378,622
tylcv_jpg.rf.dfe3bf685655921f35dfbee6415b110c.jpg,640,640,Tomato leaf bacterial spot,310,359,416,463
tylcv_jpg.rf.dfe3bf685655921f35dfbee6415b110c.jpg,640,640,Tomato leaf bacterial spot,328,237,420,331
tylcv_jpg.rf.dfe3bf685655921f35dfbee6415b110c.jpg,640,640,Tomato leaf bacterial spot,360,207,437,296
tylcv_jpg.rf.dfe3bf685655921f35dfbee6415b110c.jpg,640,640,Tomato leaf bacterial spot,331,106,417,162
tylcv_jpg.rf.dfe3bf685655921f35dfbee6415b110c.jpg,640,640,Tomato leaf bacterial spot,305,42,349,165
tylcv_jpg.rf.dfe3bf685655921f35dfbee6415b110c.jpg,640,640,Tomato leaf bacterial spot,217,125,294,199
tylcv_jpg.rf.dfe3bf685655921f35dfbee6415b110c.jpg,640,640,Tomato leaf bacterial spot,23,400,177,514
tylcv_jpg.rf.dfe3bf685655921f35dfbee6415b110c.jpg,640,640,Tomato leaf bacterial spot,25,368,165,431
tylcv_jpg.rf.dfe3bf685655921f35dfbee6415b110c.jpg,640,640,Tomato leaf bacterial spot,97,217,154,337
tylcv_jpg.rf.dfe3bf685655921f35dfbee6415b110c.jpg,640,640,Tomato leaf bacterial spot,19,258,136,377
bacterial-speck-tomato1x2400-275mmny_jpg.rf.6a8ccfa35be2e0834184746c976161b6.jpg,640,640,Tomato leaf mosaic virus,148,140,634,634
bacterial-speck-tomato1x2400-275mmny_jpg.rf.6a8ccfa35be2e0834184746c976161b6.jpg,640,640,Tomato leaf mosaic virus,0,6,320,423
bacterial-speck-tomato1x2400-275mmny_jpg.rf.6a8ccfa35be2e0834184746c976161b6.jpg,640,640,Tomato leaf mosaic virus,447,0,569,198
bacterial-spot-of-tomato-6-638_jpg.rf.9e25c6935a7afc84a1592b5ec19d6b54.jpg,640,640,Tomato leaf mosaic virus,499,313,570,538
bacterial-spot-of-tomato-6-638_jpg.rf.9e25c6935a7afc84a1592b5ec19d6b54.jpg,640,640,Tomato leaf mosaic virus,403,319,480,538
bacterial-spot-of-tomato-6-638_jpg.rf.9e25c6935a7afc84a1592b5ec19d6b54.jpg,640,640,Tomato leaf mosaic virus,415,173,480,276
Fig-2_jpg.rf.32af85be9eb3913523846b21ba2662ff.jpg,640,640,Tomato leaf yellow virus,22,190,276,413
Fig-2_jpg.rf.32af85be9eb3913523846b21ba2662ff.jpg,640,640,Tomato leaf yellow virus,201,211,472,474
Fig-2_jpg.rf.32af85be9eb3913523846b21ba2662ff.jpg,640,640,Tomato leaf yellow virus,400,45,572,193
tomato-yellow-leaf-curl-disease-260nw-1006958086_jpg.rf.8e4614322107f80d074db6049d8515e9.jpg,640,640,Tomato leaf,157,137,248,334
tomato-yellow-leaf-curl-disease-260nw-1006958086_jpg.rf.8e4614322107f80d074db6049d8515e9.jpg,640,640,Tomato leaf,289,171,406,348
tomato-yellow-leaf-curl-disease-260nw-1006958086_jpg.rf.8e4614322107f80d074db6049d8515e9.jpg,640,640,Tomato leaf,348,305,594,485
tomato-yellow-leaf-curl-disease-260nw-1006958086_jpg.rf.8e4614322107f80d074db6049d8515e9.jpg,640,640,Tomato leaf,153,341,256,518
tomato-yellow-leaf-curl-disease-260nw-1006958086_jpg.rf.8e4614322107f80d074db6049d8515e9.jpg,640,640,Tomato leaf,241,336,357,542
tomato-yellow-leaf-curl-disease-260nw-1006958086_jpg.rf.8e4614322107f80d074db6049d8515e9.jpg,640,640,Tomato leaf,325,2,502,150
636227737977191231-septoria-leaf-spot-VT_jpg.rf.c5a567bd720bebfe9b9803ddf242266b.jpg,640,640,Tomato Septoria leaf spot,57,480,246,637
636227737977191231-septoria-leaf-spot-VT_jpg.rf.c5a567bd720bebfe9b9803ddf242266b.jpg,640,640,Tomato Septoria leaf spot,35,226,168,571
636227737977191231-septoria-leaf-spot-VT_jpg.rf.c5a567bd720bebfe9b9803ddf242266b.jpg,640,640,Tomato Septoria leaf spot,405,140,617,580
636227737977191231-septoria-leaf-spot-VT_jpg.rf.c5a567bd720bebfe9b9803ddf242266b.jpg,640,640,Tomato Septoria leaf spot,165,146,329,365
BacterialSpot07_jpg.rf.8ad9594bedf36400af58c93171fe3f03.jpg,640,640,Tomato leaf mosaic virus,191,191,224,244
BacterialSpot07_jpg.rf.8ad9594bedf36400af58c93171fe3f03.jpg,640,640,Tomato leaf mosaic virus,142,243,166,320
BacterialSpot07_jpg.rf.8ad9594bedf36400af58c93171fe3f03.jpg,640,640,Tomato leaf mosaic virus,179,436,212,507
BacterialSpot07_jpg.rf.8ad9594bedf36400af58c93171fe3f03.jpg,640,640,Tomato leaf mosaic virus,109,352,135,410
BacterialSpot07_jpg.rf.8ad9594bedf36400af58c93171fe3f03.jpg,640,640,Tomato leaf mosaic virus,224,320,256,397
100_4542_jpg.rf.5e1eb4e4100f979a172d975fa47e64b6.jpg,640,640,Tomato mold leaf,90,26,639,639
eb56b488e349c2de423ab6afbcc4bd5b_jpg.rf.5314a2a734930484685961f02384e7dd.jpg,640,640,Tomato Septoria leaf spot,429,6,640,269
eb56b488e349c2de423ab6afbcc4bd5b_jpg.rf.5314a2a734930484685961f02384e7dd.jpg,640,640,Tomato Septoria leaf spot,218,35,378,311
eb56b488e349c2de423ab6afbcc4bd5b_jpg.rf.5314a2a734930484685961f02384e7dd.jpg,640,640,Tomato Septoria leaf spot,194,303,445,639
early-blight-septoria-ls-fig-3_jpg.rf.09b7680b57bd988c8350dcd460e532e4.jpg,640,640,Tomato Septoria leaf spot,343,1,626,385
early-blight-septoria-ls-fig-3_jpg.rf.09b7680b57bd988c8350dcd460e532e4.jpg,640,640,Tomato Septoria leaf spot,75,149,380,640
bacterialLeafSpot07-2jqdlmz_jpg.rf.0fc7259d65b1ae0a813784c0f738afdf.jpg,640,640,Tomato leaf late blight,164,175,481,536
bacterialLeafSpot07-2jqdlmz_jpg.rf.0fc7259d65b1ae0a813784c0f738afdf.jpg,640,640,Tomato leaf late blight,201,538,462,639
early_blight_spots_l_jpg.rf.29c4eb3f8887c7b5b88e1e0a7d724878.jpg,640,640,Tomato Early blight leaf,0,138,638,583
-2320-Bacterial-Spot-and-Speck_jpg.rf.8a5b53f6e499a194f1892d32eac91936.jpg,640,640,Tomato leaf late blight,39,154,283,348
tomato1A_jpg.rf.3084f7a7f4c3b22f876d2225b2bb6ff2.jpg,640,640,Tomato leaf mosaic virus,141,12,550,634
x3-most-common-types-tomato-blight_jpg_pagespeed_ic_5cLJi6TXEi_jpg.rf.7519edcb6176e2516761509ffc1e5f43.jpg,640,640,Tomato Septoria leaf spot,23,19,632,625
072_jpg.rf.2e52116ca2da5654bfe1ff9ee5cf9690.jpg,640,640,Tomato leaf bacterial spot,384,486,493,551
072_jpg.rf.2e52116ca2da5654bfe1ff9ee5cf9690.jpg,640,640,Tomato leaf bacterial spot,512,12,620,148
072_jpg.rf.2e52116ca2da5654bfe1ff9ee5cf9690.jpg,640,640,Tomato leaf bacterial spot,51,57,225,198
072_jpg.rf.2e52116ca2da5654bfe1ff9ee5cf9690.jpg,640,640,Tomato leaf bacterial spot,77,416,198,544
072_jpg.rf.2e52116ca2da5654bfe1ff9ee5cf9690.jpg,640,640,Tomato leaf bacterial spot,351,242,467,416
1b_jpg.rf.b424da71c91bd8b66ee40345372f6c39.jpg,640,640,Tomato Septoria leaf spot,266,0,589,494
1b_jpg.rf.b424da71c91bd8b66ee40345372f6c39.jpg,640,640,Tomato Septoria leaf spot,120,130,543,639
bac-spot_jpg.rf.30812c7a4e18698a14e47677a9c31d71.jpg,640,640,Tomato leaf mosaic virus,45,45,269,308
bac-spot_jpg.rf.30812c7a4e18698a14e47677a9c31d71.jpg,640,640,Tomato leaf mosaic virus,6,326,302,628
bac-spot_jpg.rf.30812c7a4e18698a14e47677a9c31d71.jpg,640,640,Tomato leaf mosaic virus,352,320,551,628
bac-spot_jpg.rf.30812c7a4e18698a14e47677a9c31d71.jpg,640,640,Tomato leaf mosaic virus,416,12,570,314
eblight5_jpg.rf.726003048bc596ec73c12fd7cf78847a.jpg,640,640,Tomato Early blight leaf,218,170,422,502
tomato-yellow-leaf-curl-virus-tylvcv-symptoms-on-a-tomato-plant-under-BMYHXY_jpg.rf.11abde218dc93ab5db1f777daeab1c18.jpg,640,640,Tomato leaf bacterial spot,60,328,205,515
tomato-yellow-leaf-curl-virus-tylvcv-symptoms-on-a-tomato-plant-under-BMYHXY_jpg.rf.11abde218dc93ab5db1f777daeab1c18.jpg,640,640,Tomato leaf bacterial spot,374,205,497,439
tomato-yellow-leaf-curl-virus-tylvcv-symptoms-on-a-tomato-plant-under-BMYHXY_jpg.rf.11abde218dc93ab5db1f777daeab1c18.jpg,640,640,Tomato leaf bacterial spot,232,192,286,306
tomato-yellow-leaf-curl-virus-tylvcv-symptoms-on-a-tomato-plant-under-BMYHXY_jpg.rf.11abde218dc93ab5db1f777daeab1c18.jpg,640,640,Tomato leaf bacterial spot,257,337,365,494